ID,Name,Original_Name,Melakarta_No,Melakarta_Name,Chakra_No,Chakra_Name,Arohana,Avarohana,Scale_Type,Is_Bhashanga,Anya_Swaras,Is_Vakra,Extra_Note
"kanakambari","Kanakambari","Kanakāmbari",1,"Kanakangi",1,"Indu (Moon)","S R1 M1 P D1 S'","S' N1 D1 P M1 G1 R1 S","Audava-Sampurna",No,"",Yes,""
"kanakatodi","Kanakatodi","Kanakatodi",1,"Kanakangi",1,"Indu (Moon)","S R1 G1 M1 P D1 S'","S' N1 D1 P M1 R1 S","Shadava",No,"",Yes,""
"madhavapriya","Madhavapriya","Mādhavapriyā",1,"Kanakangi",1,"Indu (Moon)","S R1 G1 P D1 N1 S'","S' N1 D1 P G1 R1 S","Shadava",No,"",Yes,""
"karnataka-shuddha-saveri","Karnataka Shuddha Saveri","Karnātaka Shuddha Sāveri",1,"Kanakangi",1,"Indu (Moon)","S R1 M1 P D1 S'","S' D1 P M1 R1 S","Audava",No,"",Yes,""
"latantapriya","Latantapriya","Latantapriya",1,"Kanakangi",1,"Indu (Moon)","S R1 G1 M1 P D1 S'","S' D1 P M1 R1 S","Shadava-Audava",No,"",Yes,""
"lavangi","Lavangi","Lavangi",1,"Kanakangi",1,"Indu (Moon)","S R1 M1 D1 S'","S' D1 M1 R1 S","Swarantara",No,"",Yes,"Raga created by M. Balamuralikrishna"
"megha","Megha","Megha",1,"Kanakangi",1,"Indu (Moon)","S R1 M1 P D1 N1 D1 P S'","S' N1 D1 P M1 R1 S","Shadava",No,"",Yes,""
"rishabhavilasa","Rishabhavilasa","Rishabhavilāsa",1,"Kanakangi",1,"Indu (Moon)","S R1 M1 P D1 S'","S' D1 P M1 R1 M1 R1 S","Audava",No,"",Yes,""
"sarvashree","Sarvashree","Sarvashree",1,"Kanakangi",1,"Indu (Moon)","S M1 P S'","S' P M1 S","Swarantara",No,"",Yes,""
"suddha-mukhari","Suddha Mukhari","Suddha Mukhāri",1,"Kanakangi",1,"Indu (Moon)","S R1 M1 P D1 S'","S' N1 D1 P M1 G1 R1 S","Audava-Sampurna",No,"",Yes,""
"tatillatika","Tatillatika","Tatillatika",1,"Kanakangi",1,"Indu (Moon)","S R1 M1 P D1 S'","S' D1 P M1 R1 S","Audava",No,"",Yes,""
"vageeshwari","Vageeshwari","Vāgeeshwari",1,"Kanakangi",1,"Indu (Moon)","S R1 G1 M1 P D1 S'","S' D1 M1 P G1 R1 S","Shadava",No,"",Yes,""
"phenadhyuti","Phenadhyuti","Phenadhyuti",2,"Ratnangi",1,"Indu (Moon)","S R1 M1 P D1 P N2 S'","S' N2 D1 P M1 G1 R1 S","Shadava-Sampurna",No,"",Yes,""
"ganamukhari","Ganamukhari","Ganamukhāri",2,"Ratnangi",1,"Indu (Moon)","S R1 M1 D1 S'","S' N2 D1 M1 R1 S","Swarantara-Audava",No,"",Yes,""
"ratnavarali","Ratnavarali","Ratnavarāli",2,"Ratnangi",1,"Indu (Moon)","S R1 M1 P N2 D1 S'","S' N2 P M1 R1 G1 R1 S","Shadava",No,"",Yes,""
"revati","Revati","Revati",2,"Ratnangi",1,"Indu (Moon)","S R1 M1 P N2 S'","S' N2 P M1 R1 S","Audava",No,"",Yes,""
"shreemani","Shreemani","Shreemani",2,"Ratnangi",1,"Indu (Moon)","S R1 G1 P D1 S'","S' N2 D1 P G1 R1 S","Audava-Shadava",No,"",Yes,""
"shreemati","Shreemati","Shreemati",2,"Ratnangi",1,"Indu (Moon)","S R1 G1 P D1 S'","S' N2 D1 P G1 R1 S","Audava-Shadava",No,"",Yes,""
"svadhya","Svadhya","Svadhya",2,"Ratnangi",1,"Indu (Moon)","S R1 M1 P N2 S'","S' N2 D1 P M1 R1 S","Audava-Shadava",No,"",Yes,""
"ganasamavarali","Ganasamavarali","Gānasāmavarāli",3,"Ganamurti",1,"Indu (Moon)","S R1 M1 P D1 N3 S'","S' N3 D1 P M1 G1 R1 S","Shadava-Sampurna",No,"",Yes,""
"bhinnapanchamam","Bhinnapanchamam","Bhinnapanchamam",3,"Ganamurti",1,"Indu (Moon)","S R1 G1 M1 P D1 N3 S'","S' N3 D1 P M1 G1 R1 S","Sampurna",No,"",Yes,""
"nadharanjani","Nadharanjani","Nādharanjani",3,"Ganamurti",1,"Indu (Moon)","S R1 M1 D1 N3 S'","S' N3 D1 M1 G1 R1 S","Audava-Shadava",No,"",Yes,""
"poorvavarali","Poorvavarali","Poorvavarāli",3,"Ganamurti",1,"Indu (Moon)","S R1 M1 P D1 S'","S' N3 D1 P M1 G1 R1 S","Audava-Sampurna",No,"",Yes,""
"samavarali","Samavarali","Sāmavarāli",3,"Ganamurti",1,"Indu (Moon)","S R1 M1 P D1 N3 S'","S' N3 D1 P M1 G1 R1 G1 S","Shadava-Sampurna",No,"",Yes,""
"bhanumati","Bhanumati","Bhānumati",4,"Vanaspati",1,"Indu (Moon)","N2 S M1 P N2 S'","S' N2 D2 P M1 G2 R2 S","Swarantara-Sampurna",No,"",Yes,""
"rasali","Rasali","Rasāli",4,"Vanaspati",1,"Indu (Moon)","S R1 M1 P D2 N2 S'","S' D2 P M1 R1 S","Shadava-Audava",No,"",Yes,""
"vanavali","Vanavali","Vanāvali",4,"Vanaspati",1,"Indu (Moon)","S R1 M1 P D2 N2 S'","S' D2 P M1 R1 S","Shadava-Audava",No,"",Yes,""
"vittalapriya","Vittalapriya","Vittalapriya",4,"Vanaspati",1,"Indu (Moon)","S R1 M1 P D2 S'","S' D2 P M1 R1 S","Audava",No,"",Yes,""
"manoranjani","Manoranjani","Manoranjani",5,"Manavati",1,"Indu (Moon)","S R1 M1 P D2 N3 S'","S' N3 D2 P M1 G1 R1 S","Shadava-Sampurna",No,"",Yes,""
"ghanashyamala","Ghanashyamala","Ghanashyāmalā",5,"Manavati",1,"Indu (Moon)","S G1 M1 P D2 S'","S' D2 N3 P M1 G1 R1 S","Audava-Sampurna",No,"",Yes,""
"kunjari","Kunjari","Kunjari",5,"Manavati",1,"Indu (Moon)","S R1 M1 P D2 P S'","S' N3 D2 P M1 G1 R1 S","Audava-Sampurna",No,"",Yes,""
"tanukeerti","Tanukeerti","Tanukeerti",6,"Tanarupi",1,"Indu (Moon)","S R1 M1 P N3 S'","S' N3 D3 N3 P M1 G1 M1 R1 S","Audava-Sampurna",No,"",Yes,""
"senagrani","Senagrani","Senāgrani",7,"Senavati",2,"Netra (Eyes)","S R1 G2 R1 M1 G2 M1 P N1 D1 S'","S' N1 D1 P M1 G2 M1 G2 R1 S","Sampurna",No,"",Yes,""
"bhogi","Bhogi","Bhogi",7,"Senavati",2,"Netra (Eyes)","S G2 M1 P D1 N1 D1 S'","S' N1 D1 P M1 G2 S","Shadava",No,"",Yes,""
"chitthakarshani","Chitthakarshani","Chitthakarshani",7,"Senavati",2,"Netra (Eyes)","S R1 G2 M1 D1 S'","S' D1 M1 G2 R1 S","Audava",No,"",Yes,""
"navarasa-mala","Navarasa Mala","Navarasa Mālā",7,"Senavati",2,"Netra (Eyes)","S R1 G2 M1 P D1 S'","S' N1 D1 P M1 R1 S","Shadava",No,"",Yes,""
"sindhu-gowri","Sindhu Gowri","Sindhu Gowri",7,"Senavati",2,"Netra (Eyes)","S R1 G2 M1 P D1 N1 S'","S' N1 D1 M1 G2 M1 R1 S","Sampurna-Shadava",No,"",Yes,""
"janatodi","Janatodi","Janatodi",8,"Hanumatodi",2,"Netra (Eyes)","S R1 G2 M1 P D1 N2 S'","S' N2 D1 P M1 G2 R1 S","Sampurna",No,"",Yes,""
"ahiri","Ahiri","Āhiri",8,"Hanumatodi",2,"Netra (Eyes)","S R1 S G3 M1 P D1 N2 S'","S' N2 D1 P M1 G3 R1 S","Sampurna",Yes,"R2 G2 / G3 D2 N3",Yes,""
"amrita-dhanyasi","Amrita Dhanyasi","Amrita Dhanyāsi",8,"Hanumatodi",2,"Netra (Eyes)","S R1 G2 M1 P N2 S'","S' N2 P M1 G2 R1 S","Shadava",No,"",Yes,""
"asaveri","Asaveri","Asāveri",8,"Hanumatodi",2,"Netra (Eyes)","S R1 M1 P D1 S'","S' N2 S P D1 M1 P R1 G2 R1 S","Audava-Sampurna",Yes,"R2",Yes,""
"bhanuchandrika","Bhanuchandrika","Bhānuchandrika",8,"Hanumatodi",2,"Netra (Eyes)","S M1 D1 N2 S'","S' N2 D1 M1 G1 S","Swarantara-Audava",No,"",Yes,""
"bhadratodi","Bhadratodi","Bhadratodi",8,"Hanumatodi",2,"Netra (Eyes)","S R1 G2 M1 D1 S'","S' N2 D1 P G2 S","Audava",No,"",Yes,""
"bhoopalam","Bhoopalam","Bhoopālam",8,"Hanumatodi",2,"Netra (Eyes)","S R1 G2 P D1 S'","S' D1 P G2 R1 S","Audava",No,"",Yes,""
"chandrikatodi","Chandrikatodi","Chandrikatodi",8,"Hanumatodi",2,"Netra (Eyes)","S G2 M1 P D1 S'","S' D1 P M1 G2 S","Audava",No,"",Yes,""
"deshikatodi","Deshikatodi","Deshikatodi",8,"Hanumatodi",2,"Netra (Eyes)","S G2 M1 P D1 N2 S'","S' N2 D1 P M1 G2 R1 S","Shadava-Sampurna",No,"",Yes,""
"dhanyasi","Dhanyasi","Dhanyāsi",8,"Hanumatodi",2,"Netra (Eyes)","S G2 M1 P N2 S'","S' N2 D1 P M1 G2 R1 S","Audava-Sampurna",No,"",Yes,""
"divyamalati","Divyamalati","Divyamālati",8,"Hanumatodi",2,"Netra (Eyes)","S G2 M1 P D1 N2 S'","S' N2 D1 P M1 G2 S","Shadava",No,"",Yes,""
"ghanta","Ghanta","Ghanta",8,"Hanumatodi",2,"Netra (Eyes)","S G2 R2 M1 P N2 S'","S' N2 D1 P M1 G2 R1 S","Shadava-Sampurna",Yes,"R2 D2",Yes,""
"kalasaveri","Kalasaveri","Kalāsāveri",8,"Hanumatodi",2,"Netra (Eyes)","S R1 G2 P N2 S'","S' N2 P G2 R1 S","Audava",No,"",Yes,""
"kanakasaveri","Kanakasaveri","Kanakasāveri",8,"Hanumatodi",2,"Netra (Eyes)","S R1 M1 P D1 S'","S' N2 D1 P M1 G2 R1 S","Audava-Sampurna",No,"",Yes,""
"nagavarali","Nagavarali","Nāgavarāli",8,"Hanumatodi",2,"Netra (Eyes)","S R1 G2 M1 P M1 D1 N2 S'","S' N2 D1 P M1 G2 R1 S","Sampurna",No,"",Yes,""
"prabhupriya","Prabhupriya","Prabhupriya",8,"Hanumatodi",2,"Netra (Eyes)","S G2 M1 P D1 S'","S' D1 P M1 G2 S","Audava",No,"",Yes,""
"punnagatodi","Punnagatodi","Punnāgatodi",8,"Hanumatodi",2,"Netra (Eyes)","N1 S R1 G2 M1 P","P M1 G2 R1 S N2 D1","Shadava-Sampurna",No,"",No,""
"punnagavarali","Punnagavarali","Punnagavarali",8,"Hanumatodi",2,"Netra (Eyes)","N2 S R1 G2 M1 P D1 N2","N2 D1 P M1 G2 R1 S N2","Sampurna",Yes,"R2",Yes,""
"shravanamallika","Shravanamallika","Shravanamallika",8,"Hanumatodi",2,"Netra (Eyes)","S G2 M1 P D1 N2 S'","S' N2 D1 P M1 G2 R1 S","Shadava-Sampurna",No,"",Yes,""
"sowjanya","Sowjanya","Sowjanya",8,"Hanumatodi",2,"Netra (Eyes)","S R1 M1 D1 S'","S' D1 M1 R1 S","Swarantara",No,"",Yes,""
"shuddha-seemantini","Shuddha Seemantini","Shuddha Seemantini",8,"Hanumatodi",2,"Netra (Eyes)","S R1 G2 M1 P D1 S'","S' D1 P M1 G2 R1 S","Shadava",No,"",Yes,""
"shuddha-todi","Shuddha Todi","Shuddha Todi",8,"Hanumatodi",2,"Netra (Eyes)","S R1 G2 M1 D1 N2 S'","S' N2 D1 M1 G2 R1 S","Shadava",No,"",Yes,""
"sindhubhairavi","Sindhubhairavi","Sindhubhairavi",8,"Hanumatodi",2,"Netra (Eyes)","S R2 G2 M1 G2 P D1 N2 S","N2 D1 P M1 G2 R1 S N2 S","Sampurna",Yes,"R2 G3 M2 D2 N3",Yes,""
"srimati","Srimati","Srimati",8,"Hanumatodi",2,"Netra (Eyes)","S G2 R1 G2 M1 P D1 P D2 N2 S'","S' N2 D1 P M1 P M1 G2 R1 S","Sampurna",Yes,"D2",Yes,""
"swarnamalli","Swarnamalli","Swarnamalli",8,"Hanumatodi",2,"Netra (Eyes)","S G2 M1 P D1 N1 S'","S' N2 D1 P M1 G2 R1 S","Shadava-Sampurna",No,"",Yes,""
"dhunibhinnashadjam","Dhunibhinnashadjam","Dhunibhinnashadjam",9,"Dhenuka",2,"Netra (Eyes)","S R1 G2 R1 P M1 P N3 S'","S' D1 P M1 G2 R1 S","Shadava",No,"",Yes,""
"bhinnashadjam","Bhinnashadjam","Bhinnashadjam",9,"Dhenuka",2,"Netra (Eyes)","S R1 G2 R1 P M1 P N3 S'","S' D1 P M1 G2 R1 S","Shadava",No,"",Yes,""
"mohananata","Mohananata","Mohananāta",9,"Dhenuka",2,"Netra (Eyes)","S G2 M1 P D1 P M1 P N3 S'","S' N3 P D1 P M1 G2 S","Shadava",No,"",Yes,""
"udayaravichandrika","Udayaravichandrika","Udayaravichandrika",9,"Dhenuka",2,"Netra (Eyes)","S G2 M1 P N3 S'","S' N3 P M1 G2 S","Audava",No,"",Yes,""
"vasanthatodi","Vasanthatodi","Vasanthatodi",9,"Dhenuka",2,"Netra (Eyes)","S R1 G2 M1 D1 N3 S'","S' N3 D1 M1 R1 S","Shadava-Audava",No,"",Yes,""
"natabharanam","Natabharanam","Natābharanam",10,"Natakapriya",2,"Netra (Eyes)","S R1 G2 M1 P D2 N2 S'","S' N2 D2 P M1 G2 R1 S","Sampurna",No,"",Yes,""
"alankarapriya","Alankarapriya","Alankārapriya",10,"Natakapriya",2,"Netra (Eyes)","S R1 G2 M1 D2 N2 S'","S' N2 D2 M1 G2 R1 S","Shadava",No,"",Yes,""
"bhagyashabari","Bhagyashabari","Bhāgyashabari",10,"Natakapriya",2,"Netra (Eyes)","S R1 G2 M1 D2 N2 S'","S' N2 D2 M1 G2 R1 S","Shadava",No,"",Yes,""
"deeparamu","Deeparamu","Deeparamu",10,"Natakapriya",2,"Netra (Eyes)","S R1 G2 M1 P D2 N2 S'","S' N2 D2 N2 P M1 G2 R1 S","Sampurna",No,"",Yes,""
"gunavati","Gunavati","Gunāvati",10,"Natakapriya",2,"Netra (Eyes)","S R1 M1 P D2 S","S D2 P M1 R1 S","Audava",No,"",Yes,""
"hindoladeshikam","Hindoladeshikam","Hindoladeshikam",10,"Natakapriya",2,"Netra (Eyes)","S M1 R1 G2 M1 P D2 N2 S'","S' P N2 D2 M1 G2 R1 S","Sampurna",No,"",Yes,""
"kanakadri","Kanakadri","Kanakadri",10,"Natakapriya",2,"Netra (Eyes)","S R1 G2 P D2 S'","S' N2 D2 P M1 G2 R1 S","Audava-Sampurna",No,"",Yes,""
"matangakamini","Matangakamini","Mātangakāmini",10,"Natakapriya",2,"Netra (Eyes)","S G2 M1 P D1 N2 S'","S' N2 D1 P M1 G2 S","Shadava",No,"",Yes,""
"natyadharana","Natyadharana","Nātyadhārana",10,"Natakapriya",2,"Netra (Eyes)","S R1 M1 P D2 S'","S' N2 D2 P M1 R1 S","Audava-Shadava",No,"",Yes,""
"niranjana","Niranjana","Niranjana",10,"Natakapriya",2,"Netra (Eyes)","S R1 G2 M1 P D2 S'","S' N2 D2 P M1 G2 R1 S","Shadava-Sampurna",No,"",Yes,""
"shanthabhashini","Shanthabhashini","Shānthabhāshini",10,"Natakapriya",2,"Netra (Eyes)","S R1 G2 M1 P D2 S'","S' N2 D2 P M1 S","Shadava-Audava",No,"",Yes,""
"shivashakti","Shivashakti","Shivashakti",10,"Natakapriya",2,"Netra (Eyes)","S G2 M1 D2 S'","S' N2 D2 M1 G2 S","Swarantara-Audava",No,"",Yes,""
"kokilaravam","Kokilaravam","Kokilāravam",11,"Kokilapriya",2,"Netra (Eyes)","S R1 M1 P D2 N3 S'","S' N3 D2 P M1 G2 R2 S","Shadava-Sampurna",No,"",Yes,""
"bhimsen","Bhimsen","Bhimsen",11,"Kokilapriya",2,"Netra (Eyes)","S G2 M1 P N3 S'","S' N3 D2 P M1 G2 R1 S","Audava-Sampurna",No,"",Yes,"Raga created by Mahesh Mahadev"
"bhakthirasa","Bhakthirasa","Bhakthirasa",11,"Kokilapriya",2,"Netra (Eyes)","S G2 M1 P N3 S'","S' N3 P M1 G2 S","Audava",No,"",Yes,"Raga created by Rishabh Jagadeesh"
"chitramani","Chitramani","Chitramani",11,"Kokilapriya",2,"Netra (Eyes)","S R1 M1 P D2 N3 S'","S' N3 D2 P M1 G2 R1 S","Shadava-Sampurna",No,"",Yes,""
"jnanachintamani","Jnanachintamani","Jnānachintāmani",11,"Kokilapriya",2,"Netra (Eyes)","S R1 M1 D2 N3 S'","S' N3 D2 P M1 R1 S","Audava-Shadava",No,"",Yes,""
"kowmari","Kowmari","Kowmāri",11,"Kokilapriya",2,"Netra (Eyes)","S R1 G2 M1 P D2 S'","S' N3 D2 P M1 G2 R1 S","Shadava-Sampurna",No,"",Yes,""
"shuddha-lalitha","Shuddha Lalitha","Shuddha Lalitha",11,"Kokilapriya",2,"Netra (Eyes)","S P M1 D2 N3 S'","S' N3 S D2 P M1 G2 R1 S","Audava-Sampurna",No,"",Yes,""
"vardhani","Vardhani","Vardhani",11,"Kokilapriya",2,"Netra (Eyes)","S G2 M1 P M1 P D2 N3 S'","S' N3 D2 P M1 G2 R1 S","Shadava-Sampurna",No,"",Yes,""
"vasantamalli","Vasantamalli","Vasantamalli",11,"Kokilapriya",2,"Netra (Eyes)","S G2 M1 P N3 S'","S' D2 P M1 G2 S","Audava",No,"",Yes,""
"vasantanarayani","Vasantanarayani","Vasantanārāyani",11,"Kokilapriya",2,"Netra (Eyes)","S R1 G2 M1 P S'","S' N3 D2 P M1 G2 R1 S","Audava-Sampurna",No,"",Yes,""
"rowpyanaka","Rowpyanaka","Rowpyanaka",12,"Rupavati",2,"Netra (Eyes)","S M1 P D3 N3 S'","S' N3 P M1 G2 R1 S","Audava-Shadava",No,"",Yes,""
"shyamakalyani","Shyamakalyani","Shyāmakalyāni",12,"Rupavati",2,"Netra (Eyes)","S M1 G2 M1 P D3 N3 S'","S' N3 P D3 N3 P M1 G2 R1 S","Shadava-Sampurna",No,"",Yes,""
"geya-hejjajji","Geya Hejjajji","Geya Hejjajji",13,"Gayakapriya",3,"Agni (Fire)","S R1 M1 G3 M1 P D1 S'","S' N3 D1 P M1 G3 R1 S","Shadava-Sampurna",No,"",Yes,""
"hejjajji","Hejjajji","Hejjajji",13,"Gayakapriya",3,"Agni (Fire)","S R1 G3 M1 P D1 S'","S' N1 D1 P M1 G3 R1 S","Shadava-Sampurna",No,"",Yes,""
"kalakanti","Kalakanti","Kalākānti",13,"Gayakapriya",3,"Agni (Fire)","S R1 G3 M1 D1 N1 S'","S' N1 D1 P G3 R1 S","Shadava",No,"",Yes,""
"kalkada","Kalkada","Kalkada",13,"Gayakapriya",3,"Agni (Fire)","S R1 G3 P D1 N1 S S R1 G3 P D1 S'","S' N1 D1 P G3 R1 S","Shadava",No,"",Yes,""
"kalpanadharini","Kalpanadharini","Kalpanadhārini",13,"Gayakapriya",3,"Agni (Fire)","S G3 M1 P D1 S'","S' N1 D1 P M1 G3 R1 S","Audava-Sampurna",No,"",Yes,""
"ahiri-m14","Ahiri","Āhiri",14,"Vakulabharanam",3,"Agni (Fire)","S R1 S G3 M1 P D1 N2 S'","S' N2 D1 P M1 G3 R1 S","Sampurna",Yes,"R2 G2 / G3 D2 N3",Yes,""
"vatee-vasantabhairavi","Vatee Vasantabhairavi","Vātee Vasantabhairavi",14,"Vakulabharanam",3,"Agni (Fire)","S R1 G3 M1 D1 N2 S'","S' N2 D1 M1 G3 R1 S","Shadava",No,"",Yes,""
"amudhasurabhi","Amudhasurabhi","Amudhasurabhi",14,"Vakulabharanam",3,"Agni (Fire)","S M1 G3 M1 P D1 S'","S' N2 D1 P M1 R1 S","Audava-Shadava",No,"",Yes,""
"devipriya","Devipriya","Devipriya",14,"Vakulabharanam",3,"Agni (Fire)","S G3 P N2 S'","S' N2 D1 P M1 G3 R1 S","Swarantara-Sampurna",No,"",Yes,""
"kalindaja","Kalindaja","Kalindaja",14,"Vakulabharanam",3,"Agni (Fire)","S R1 G3 M1 P N2 S'","S' N2 P M1 G3 R1 S","Shadava",No,"",Yes,""
"kuvalayabharanam","Kuvalayabharanam","Kuvalayabharanam",14,"Vakulabharanam",3,"Agni (Fire)","S R1 G3 M1 D1 N1 S'","S' N1 D1 M1 G3 R1 S","Shadava",No,"",Yes,""
"mukthipradayini","Mukthipradayini","Mukthipradayini",14,"Vakulabharanam",3,"Agni (Fire)","S R1 G3 P N2 S'","S' N2 P D1 P G3 R1 S","Audava-Shadava",No,"",Yes,"Raga created by Mahesh Mahadev"
"sallapa","Sallapa","Sallapa",14,"Vakulabharanam",3,"Agni (Fire)","S G3 M1 D1 N2 S'","S' N2 D1 M1 G3 S","Audava",No,"",Yes,""
"soma","Soma","Soma",14,"Vakulabharanam",3,"Agni (Fire)","S R1 P M1 D1 N2 S'","S' N2 D1 M1 P M1 G3 R1 S","Shadava-Sampurna",No,"",Yes,""
"surya","Surya","Sūryā",14,"Vakulabharanam",3,"Agni (Fire)","S G3 M1 D1 N2 S'","S' N2 D1 M1 G3 S","Audava",No,"",Yes,""
"shuddha-kambhoji","Shuddha Kambhoji","Shuddha Kāmbhoji",14,"Vakulabharanam",3,"Agni (Fire)","S G3 R1 M1 P N2 S'","S' N2 P M1 G3 R1 S","Shadava",No,"",Yes,""
"vasantabhairavi","Vasantabhairavi","Vasantabhairavi",14,"Vakulabharanam",3,"Agni (Fire)","S R1 G3 M1 D1 N2 S'","S' N2 D1 M1 P M1 G3 R1 S","Shadava-Sampurna",No,"",Yes,""
"vasanta-mukhari","Vasanta Mukhari","Vasanta Mukhāri",14,"Vakulabharanam",3,"Agni (Fire)","S M1 G3 M1 P D1 N2 S'","S' N2 D1 P M1 G3 R1 S","Shadava-Sampurna",No,"",Yes,""
"vijayollasini","Vijayollasini","Vijayollāsini",14,"Vakulabharanam",3,"Agni (Fire)","S R1 G3 M1 P M1 D1 N2 S'","S' N2 D1 P M1 G3 R1 S","Sampurna",No,"",Yes,""
"ardhradesi","Ardhradesi","Ardhradesi",15,"Mayamalavagowla",3,"Agni (Fire)","S R1 G3 M1 P D1 N3 S'","S' D1 P M1 G3 R1 S","Sampurna-Shadava",No,"",Yes,""
"bhavini","Bhavini","Bhāvini",15,"Mayamalavagowla",3,"Agni (Fire)","S G3 M1 P D1 N3 S'","S' N3 D1 P M1 G3 S","Shadava",No,"",Yes,""
"bibhas","Bibhas","Bibhās",15,"Mayamalavagowla",3,"Agni (Fire)","S R1 G3 P D1 S'","S' D1 P M1 R1 S","Audava",No,"",Yes,"Hindustani equivalent"
"bowli","Bowli","Bowli",15,"Mayamalavagowla",3,"Agni (Fire)","S R1 G3 P D1 S'","S' N3 D1 P G3 R1 S","Audava-Shadava",No,"",Yes,""
"bowli-ramakriya","Bowli Ramakriya","Bowli Rāmakriya",15,"Mayamalavagowla",3,"Agni (Fire)","S R1 G3 P D1 S'","S' N3 P D1 P M1 G3 R1 S","Audava-Sampurna",No,"",Yes,""
"charuvardhani","Charuvardhani","Chāruvardhani",15,"Mayamalavagowla",3,"Agni (Fire)","S R1 M1 P D1 N3 S'","S' D1 P M1 G3 R1 S","Shadava",No,"",Yes,""
"chayagowla","Chayagowla","Chāyagowla",15,"Mayamalavagowla",3,"Agni (Fire)","S R1 M1 G3 M1 P N3 S'","S' N3 D1 P M1 G3 R1 S","Shadava-Sampurna",No,"",Yes,""
"chandrachooda","Chandrachooda","Chandrachooda",15,"Mayamalavagowla",3,"Agni (Fire)","S M1 G3 M1 P D1 S'","S' N3 D1 P M1 G3 S","Audava-Shadava",No,"",Yes,""
"deshyagowla","Deshyagowla","Deshyagowla",15,"Mayamalavagowla",3,"Agni (Fire)","S R1 P D1 N3 S'","S' N3 D1 P R1 S","Audava",No,"",Yes,""
"devaranji","Devaranji","Devaranji",15,"Mayamalavagowla",3,"Agni (Fire)","S M1 P D1 P N3 S'","S' N3 D1 P M1 S","Audava",No,"",Yes,""
"ekakshari","Ekakshari","Ekakshari",15,"Mayamalavagowla",3,"Agni (Fire)","S R1 G3 M1 P D1 N3 S'","S' N1 P M1 R1 G3 M1 R1 S","Sampurna-Shadava",No,"",Yes,""
"ghanasindhu","Ghanasindhu","Ghanasindhu",15,"Mayamalavagowla",3,"Agni (Fire)","S M1 G3 M1 P D1 N3 D1 S'","S' N3 D1 P M1 G3 R1 S","Shadava-Sampurna",No,"",Yes,""
"gowla","Gowla","Gowla",15,"Mayamalavagowla",3,"Agni (Fire)","S R1 M1 P N3 S'","S' N3 P M1 R1 G3 M1 R1 S","Audava-Shadava",No,"",Yes,""
"gowlipantu","Gowlipantu","Gowlipantu",15,"Mayamalavagowla",3,"Agni (Fire)","S R1 M1 P N3 S'","S' N3 D1 P M1 D1 M1 G3 R1 S","Audava-Sampurna",No,"",Yes,""
"gowri","Gowri","Gowri",15,"Mayamalavagowla",3,"Agni (Fire)","S R1 M1 P N3 S'","S' N3 D1 P M1 G3 R1 S","Audava-Sampurna",No,"",Yes,""
"gummakambhoji","Gummakambhoji","Gummakāmbhoji",15,"Mayamalavagowla",3,"Agni (Fire)","S R1 G3 P D1 N3 S'","S' N3 D1 P M1 G3 R1 S","Shadava-Sampurna",No,"",Yes,""
"gundakriya","Gundakriya","Gundakriya",15,"Mayamalavagowla",3,"Agni (Fire)","S R1 M1 P N3 S'","S' N3 P D1 P M1 G3 R1 S","Audava-Sampurna",No,"",Yes,""
"gurjari","Gurjari","Gurjari",15,"Mayamalavagowla",3,"Agni (Fire)","S R1 G3 M1 P D1 N3 S'","S' D1 N3 P M1 G3 R1 S","Sampurna",No,"",Yes,""
"jaganmohini","Jaganmohini","Jaganmohini",15,"Mayamalavagowla",3,"Agni (Fire)","S G3 M1 P N3 S'","S' N3 P M1 G3 R1 S","Audava-Shadava",No,"",Yes,""
"kalyanakesari","Kalyanakesari","Kalyānakesari",15,"Mayamalavagowla",3,"Agni (Fire)","S R1 G3 P D1 S'","S' D1 P G3 R1 S","Audava",No,"",Yes,""
"kannadabangala","Kannadabangala","Kannadabangāla",15,"Mayamalavagowla",3,"Agni (Fire)","S R1 M1 G3 M1 D1 P D1 S'","S' D1 P M1 G3 R1 S","Shadava",No,"",Yes,""
"karnataka-saranga","Karnataka Saranga","Karnātaka Sāranga",15,"Mayamalavagowla",3,"Agni (Fire)","S R1 G3 M1 P D1 N3 S'","S' N3 D1 P M1 R1 S","Sampurna-Shadava",No,"",Yes,""
"lalita","Lalita","Lalitā",15,"Mayamalavagowla",3,"Agni (Fire)","S R1 G3 M1 D1 N3 S'","S' N3 D1 M1 G3 R1 S","Shadava",No,"",Yes,""
"lalitapanchamam","Lalitapanchamam","Lalitapanchamam",15,"Mayamalavagowla",3,"Agni (Fire)","S R1 G3 M1 D1 N3 S'","S' N3 D1 M1 P M1 G3 R1 S","Shadava-Sampurna",No,"",Yes,""
"malavakurinji","Malavakurinji","Mālavakurinji",15,"Mayamalavagowla",3,"Agni (Fire)","S G3 P D1 N3 S'","S' N3 D1 M1 R1 S","Audava",No,"",Yes,""
"malavapanchamam","Malavapanchamam","Mālavapanchamam",15,"Mayamalavagowla",3,"Agni (Fire)","S R1 G3 M1 P N3 S'","S' N3 D1 P M1 G3 R1 S","Shadava-Sampurna",No,"",Yes,""
"margadesi","Margadesi","Mārgadesi",15,"Mayamalavagowla",3,"Agni (Fire)","S R1 G3 R1 G3 D1 M1 P D1 S'","S' D1 P M1 G3 R1 S","Shadava",No,"",Yes,""
"malahari","Malahari","Malahari",15,"Mayamalavagowla",3,"Agni (Fire)","S R1 M1 P D1 S'","S' D1 P M1 G3 R1 S","Audava-Shadava",No,"",Yes,""
"mallikavasantam","Mallikavasantam","Mallikavasantam",15,"Mayamalavagowla",3,"Agni (Fire)","S G3 M1 P N3 S'","S' N3 D1 P M1 G3 R1 S","Audava-Sampurna",No,"",Yes,""
"mangalakaishiki","Mangalakaishiki","Mangalakaishiki",15,"Mayamalavagowla",3,"Agni (Fire)","S R1 M1 G3 D1 P S'","S' N3 D1 P M1 G3 R1 S","Shadava-Sampurna",No,"",Yes,""
"manolayam","Manolayam","Manolayam",15,"Mayamalavagowla",3,"Agni (Fire)","S R1 M1 P D1 S'","S' N3 D1 P M1 R1 S","Audava-Shadava",No,"",Yes,""
"maruva","Maruva","Maruva",15,"Mayamalavagowla",3,"Agni (Fire)","S G3 M1 D1 N3 S'","S' N3 D1 P G3 M1 G3 R1 S R1 G3 R1 S","Audava-Sampurna",No,"",Yes,""
"mechabowli","Mechabowli","Mechabowli",15,"Mayamalavagowla",3,"Agni (Fire)","S R1 G3 P D1 S'","S' N3 D1 P M1 G3 R1 S","Audava-Sampurna",No,"",Yes,""
"megharanjani","Megharanjani","Megharanjani",15,"Mayamalavagowla",3,"Agni (Fire)","S R1 G3 M1 N3 S'","S' N3 M1 G3 R1 S","Audava",No,"",Yes,""
"nadanamakriya","Nadanamakriya","Nadanamakriya",15,"Mayamalavagowla",3,"Agni (Fire)","S R1 G3 M1 P D1 N3","N3 D1 P M1 G3 R1 S N3","Sampurna",No,"",Yes,""
"padi","Padi","Pādi",15,"Mayamalavagowla",3,"Agni (Fire)","S R1 M1 P N3 S'","S' N3 P D1 P M1 R1 S","Audava-Shadava",No,"",Yes,""
"pharaju-paras-","Pharaju (Paras)","Pharaju (Paras)",15,"Mayamalavagowla",3,"Agni (Fire)","S G3 M1 P D1 N3 S'","S' N3 D1 P M1 G3 R1 S","Shadava-Sampurna",No,"",Yes,"Hindustani equivalent"
"poornalalita","Poornalalita","Poornalalita",15,"Mayamalavagowla",3,"Agni (Fire)","S R1 G3 M1 P D1 S'","S' D1 P M1 G3 R1 S","Shadava",No,"",Yes,""
"poorvi","Poorvi","Poorvi",15,"Mayamalavagowla",3,"Agni (Fire)","S R1 G3 M1 D1 N3 S'","S' N3 D1 P M1 G3 R1 S","Shadava-Sampurna",No,"",Yes,""
"poorvikavasanta","Poorvikavasanta","Poorvikavasanta",15,"Mayamalavagowla",3,"Agni (Fire)","S M1 G3 M1 D N3 S'","S' N3 D1 M1 P M1 G3 R1 S","Audava-Sampurna",No,"",Yes,""
"pratapadhanyasi","Pratapadhanyasi","Pratāpadhanyāsi",15,"Mayamalavagowla",3,"Agni (Fire)","S G3 M1 P N3 S'","S' N3 D1 P M1 G3 R1 S","Audava-Sampurna",No,"",Yes,""
"prataparanjani","Prataparanjani","Pratāparanjani",15,"Mayamalavagowla",3,"Agni (Fire)","S R1 M1 P D1 N3 S'","S' N3 D1 P M1 G3 R1 S","Shadava-Sampurna",No,"",Yes,""
"puranirmai","Puranirmai","Puranirmai",15,"Mayamalavagowla",3,"Agni (Fire)","S R1 G3 P D1 S'","S' N3 D1 P G3 R1 S","Audava-Shadava",No,"",Yes,""
"ramakali","Ramakali","Rāmakali",15,"Mayamalavagowla",3,"Agni (Fire)","S R1 G3 P D1 S'","S' N3 D1 P M1 G3 R1 S","Audava-Sampurna",No,"",Yes,""
"ramakriya","Ramakriya","Rāmakriya",15,"Mayamalavagowla",3,"Agni (Fire)","S G3 M1 P D1 N3 S'","S' N3 P D1 P M1 G3 R1 S","Shadava-Sampurna",No,"",Yes,""
"revagupti","Revagupti","Revagupti",15,"Mayamalavagowla",3,"Agni (Fire)","S R1 G3 P D1 S'","S' D1 P G3 R1 S","Audava",No,"",Yes,""
"rukhmambari","Rukhmambari","Rukhmāmbari",15,"Mayamalavagowla",3,"Agni (Fire)","S R1 G3 P N3 S'","S' N3 P G3 R1 S","Audava",No,"",Yes,""
"samantadeepara","Samantadeepara","Sāmantadeepara",15,"Mayamalavagowla",3,"Agni (Fire)","S R1 G3 M1 P N3 S'","S' N3 P M1 G3 R1 S","Shadava",No,"",Yes,""
"saranga-nata","Saranga Nata","Sāranga Nāta",15,"Mayamalavagowla",3,"Agni (Fire)","S R1 M1 P D1 S'","S' N3 S D1 P M1 G3 R1 S","Audava-Sampurna",No,"",Yes,""
"saveri","Saveri","Sāveri",15,"Mayamalavagowla",3,"Agni (Fire)","S R1 M1 P D1 S'","S' N3 D1 P M1 G3 R1 S","Audava-Sampurna",No,"",Yes,""
"salanganata","Salanganata","Salanganāta",15,"Mayamalavagowla",3,"Agni (Fire)","S R1 M1 P D1 S'","S' D1 P G3 R1 S","Audava",No,"",Yes,""
"satyavati","Satyavati","Satyāvati",15,"Mayamalavagowla",3,"Agni (Fire)","S G3 R1 G3 P D1 S'","S' N3 D1 N3 P D1 P G3 R1 S","Audava-Shadava",No,"",Yes,""
"sindhu-ramakriya","Sindhu Ramakriya","Sindhu Rāmakriya",15,"Mayamalavagowla",3,"Agni (Fire)","S G3 M1 P D1 N3 S'","S' N3 P M1 G3 R1 G3 S","Shadava",No,"",Yes,""
"surasindhu","Surasindhu","Surasindhu",15,"Mayamalavagowla",3,"Agni (Fire)","S M1 G3 M1 P D1 N3 D1 S'","S' N3 D1 P M1 R1 G3 R1 S","Shadava-Sampurna",No,"",Yes,""
"tarakagowla","Tarakagowla","Tārakagowla",15,"Mayamalavagowla",3,"Agni (Fire)","S G3 M1 D1 N3 S'","S' N3 D1 M1 G3 S","Audava",No,"",Yes,""
"takka","Takka","Takka",15,"Mayamalavagowla",3,"Agni (Fire)","S R1 S G3 M1 G3 P M1 D1 N3 S'","S' N3 D1 P M1 G3 R1 S","Sampurna",No,"",Yes,""
"ushavali","Ushavali","Ushāvali",15,"Mayamalavagowla",3,"Agni (Fire)","S R1 M1 P D1 S'","S' N3 D1 M1 P M1 R1 S","Audava-Shadava",No,"",Yes,""
"visharada","Visharada","Vishārada",15,"Mayamalavagowla",3,"Agni (Fire)","S R1 M1 P N3 S'","S' N3 P M1 R1 S","Audava",No,"",Yes,""
"toyavegavahini","Toyavegavahini","Toyavegavāhini",16,"Chakravakam",3,"Agni (Fire)","S R1 G3 M1 P D2 N2 S'","S' N2 D2 P M1 G3 R1 S","Sampurna",No,"",Yes,""
"ahir-bhairavi","Ahir Bhairavi","Āhir Bhairavi",16,"Chakravakam",3,"Agni (Fire)","S R1 G3 M1 P N2 D2 M1 P D2 S'","S' N2 D2 P M1 P G3 R1 S","Sampurna",No,"",Yes,""
"bhakthapriya","Bhakthapriya","Bhakthapriya",16,"Chakravakam",3,"Agni (Fire)","S G3 M1 P D2 N2 S'","S' N2 D2 P M1 R1 M1 G3 S","Shadava-Sampurna",No,"",Yes,""
"bhujangini","Bhujangini","Bhujāngini",16,"Chakravakam",3,"Agni (Fire)","S R1 G3 M1 D2 N2 S'","S' N2 D2 M1 G3 R1 S","Shadava",No,"",Yes,""
"bindhumalini","Bindhumalini","Bindhumālini",16,"Chakravakam",3,"Agni (Fire)","S G3 R1 G3 M1 P N2 S'","S' N2 S D2 P G3 M1 P G3 R1 S","Shadava-Sampurna",No,"",Yes,""
"chakranarayani","Chakranarayani","Chakranārāyani",16,"Chakravakam",3,"Agni (Fire)","S R1 M1 P D2 N2 S'","S' N2 D2 P M1 R1 S","Shadava",No,"",Yes,""
"ghoshini","Ghoshini","Ghoshini",16,"Chakravakam",3,"Agni (Fire)","S M1 G3 M1 P D2 N2 D2 S'","S' N2 D2 P M1 G3 R1 S","Shadava-Sampurna",No,"",Yes,""
"guhapriya","Guhapriya","Guhapriya",16,"Chakravakam",3,"Agni (Fire)","S R1 G3 M1 P P M1 D2 N2 S'","S' N2 D2 P M1 G3 S R1 S","Sampurna",No,"",Yes,""
"kalavati","Kalavati","Kalāvati",16,"Chakravakam",3,"Agni (Fire)","S R1 M1 P D2 S'","S' D2 P M1 G3 S R1 S","Audava-Shadava",No,"",Yes,""
"kokila","Kokila","Kokilā",16,"Chakravakam",3,"Agni (Fire)","S R1 G3 M1 D2 N2 S'","S' N2 D2 M1 G3 R1 S","Shadava",No,"",Yes,""
"malayamarutam","Malayamarutam","Malayamārutam",16,"Chakravakam",3,"Agni (Fire)","S R1 G3 P D2 N2 S'","S' N2 D2 P G3 R1 S","Shadava",No,"",Yes,""
"mukthangi","Mukthangi","Mukthāngi",16,"Chakravakam",3,"Agni (Fire)","S R1 G3 M1 P D2 N2 S'","S' D2 N2 P M1 G3 R1 S","Sampurna",No,"",Yes,""
"mukundamalini","Mukundamalini","Mukundamālini",16,"Chakravakam",3,"Agni (Fire)","S R1 G2 P D2 S'","S' D2 P G2 R1 S","Audava",No,"",Yes,""
"poornapanchamam","Poornapanchamam","Poornapanchamam",16,"Chakravakam",3,"Agni (Fire)","P M1 S R1 S M1 P D2","D2 P M1 G3 R1 S N2","Audava-Sampurna",No,"",Yes,""
"pravritti","Pravritti","Pravritti",16,"Chakravakam",3,"Agni (Fire)","S G3 M1 P D2 N2 S'","S' N2 D2 P M1 G3 S","Shadava",No,"",Yes,""
"ragamanjari","Ragamanjari","Rāgamanjari",16,"Chakravakam",3,"Agni (Fire)","S R1 M1 P D2 S'","S' N2 D2 M1 R1 S","Audava",No,"",Yes,""
"rasikaranjani","Rasikaranjani","Rasikaranjani",16,"Chakravakam",3,"Agni (Fire)","S R1 G3 P S'","S' D2 P G3 R1 S","Swarantara-Audava",No,"",Yes,""
"rudra-panchami","Rudra Panchami","Rudra Panchami",16,"Chakravakam",3,"Agni (Fire)","S G3 M1 D2 N2 S'","S' N3 D2 M1 G3 R1 S","Audava-Shadava",No,"",Yes,""
"samya","Samya","Samya",16,"Chakravakam",3,"Agni (Fire)","S R1 G3 P N2 S'","S' N2 P M1 G3 R1 S","Audava-Shadava",No,"",Yes,"Raga created by Mahesh Mahadev"
"shree-nabhomargini","Shree Nabhomargini","Shree Nabhomārgini",16,"Chakravakam",3,"Agni (Fire)","S G3 M1 P D2 N2 S'","S' D2 P M1 G3 R1 S","Shadava",No,"",Yes,""
"shyamali","Shyamali","Shyāmali",16,"Chakravakam",3,"Agni (Fire)","S G3 P D2 N2 S'","S' N2 D2 P G3 R1 S","Audava-Shadava",No,"",Yes,""
"subhashini","Subhashini","Subhāshini",16,"Chakravakam",3,"Agni (Fire)","S D2 N2 D R1 G3 M1 P","M1 G3 R1 S N2 D2 N2 S","Sampurna-Shadava",No,"",Yes,""
"valaji","Valaji","Valaji",16,"Chakravakam",3,"Agni (Fire)","S G3 P D2 N2 S'","S' N2 D2 P G3 S","Audava",No,"",Yes,""
"veenadhari","Veenadhari","Veenadhāri",16,"Chakravakam",3,"Agni (Fire)","S R1 G3 P D2 N2 S'","S' N2 D2 P M1 G3 R1 S","Shadava-Sampurna",No,"",Yes,""
"vegavahini","Vegavahini","Vegavāhini",16,"Chakravakam",3,"Agni (Fire)","S R1 G3 M1 D2 N2 D2 S'","S' N2 D2 P M1 G3 R1 S","Shadava-Sampurna",No,"",Yes,""
"chayavathi","Chayavathi","Chāyāvathi",17,"Suryakantam",3,"Agni (Fire)","S R1 G3 M1 D2 N3 S'","S' N3 D2 P M1 G3 R1 S","Shadava-Sampurna",No,"",Yes,""
"bhairavam","Bhairavam","Bhairavam",17,"Suryakantam",3,"Agni (Fire)","S R1 G3 M1 P D2 N3 S'","S' D2 P M1 G3 R1 S","Sampurna-Shadava",No,"",Yes,""
"haridarpa","Haridarpa","Haridarpa",17,"Suryakantam",3,"Agni (Fire)","S R1 G3 M1 P D2 N3 S'","S' D2 P M1 R1 S","Sampurna-Audava",No,"",Yes,""
"jayasamvardhani","Jayasamvardhani","Jayasamvardhani",17,"Suryakantam",3,"Agni (Fire)","S G3 M1 P D2 N3 S'","S' N3 P M1 G3 R1 S","Shadava",No,"",Yes,""
"jeevantika","Jeevantika","Jeevantikā",17,"Suryakantam",3,"Agni (Fire)","S R1 M1 P D2 N3 S'","S' N3 D2 P M1 R1 S","Shadava",No,"",Yes,""
"kusumamaruta","Kusumamaruta","Kusumamāruta",17,"Suryakantam",3,"Agni (Fire)","S M1 P D2 N3 S'","S' N3 D2 P M1 G3 R1 G3 M1 S","Audava-Sampurna",No,"",Yes,""
"nagachoodamani","Nagachoodamani","Nāgachooḍāmani",17,"Suryakantam",3,"Agni (Fire)","S R1 G3 M1 P D2 S'","S' D2 N2 D2 P M1 G3 M1 R2 S","Shadava-Sampurna",No,"",Yes,""
"rohini","Rohini","Rohini",17,"Suryakantam",3,"Agni (Fire)","S R1 G3 M1 M2 D2 N3 S'","S' N3 D2 M2 M1 G3 R1 S","Shadava",No,"",Yes,""
"samakannada","Samakannada","Sāmakannada",17,"Suryakantam",3,"Agni (Fire)","S R2 M1 G2 M1 P D2 N3 S'","S' N3 D2 P M1 R1 S","Sampurna-Shadava",No,"",Yes,""
"sowrashtram","Sowrashtram","Sowrāshtram",17,"Suryakantam",3,"Agni (Fire)","S R1 G3 M1 P M1 D2 N3 S'","S' N3 D2 N2 D2 P M1 G3 R1 S","Sampurna",No,"",Yes,""
"suddha-gowla","Suddha Gowla","Suddha Gowla",17,"Suryakantam",3,"Agni (Fire)","S R1 M1 P N3 S'","S' N3 P M1 R1 S","Audava",No,"",Yes,""
"supradeepam","Supradeepam","Supradeepam",17,"Suryakantam",3,"Agni (Fire)","S R1 M1 P D2 N3 S'","S' N3 D2 P M1 G3 M1 R1 S","Shadava-Sampurna",No,"",Yes,""
"vasantha","Vasantha","Vasanthā",17,"Suryakantam",3,"Agni (Fire)","S M1 G3 M1 D2 N3 S'","S' N3 D2 M1 G3 R1 S","Audava-Shadava",No,"",Yes,""
"jayashuddhamalavi","Jayashuddhamalavi","Jayashuddhamālavi",18,"Hatakambari",3,"Agni (Fire)","S R1 G3 M1 P N3 S'","S' N3 D3 P M1 G3 R1 S","Shadava-Sampurna",No,"",Yes,""
"hamsanantini","Hamsanantini","Hamsanantini",18,"Hatakambari",3,"Agni (Fire)","S G3 M1 P S'","S' P M1 G3 R1 S","Swarantara-Audava",No,"",Yes,""
"kallola","Kallola","Kallola",18,"Hatakambari",3,"Agni (Fire)","S P D3 N3 S'","S' N3 D3 P M1 G3 R1 S","Swarantara-Sampurna",No,"",Yes,""
"simhala","Simhala","Simhala",18,"Hatakambari",3,"Agni (Fire)","S R1 G3 M1 P D3 N3 S'","S' N3 D3 N3 P M1 G3 R1 S","Sampurna",No,"",Yes,""
"jhankarabhramari","Jhankarabhramari","Jhankārabhramari",19,"Jhankaradhwani",4,"Veda (Scriptures)","S R2 G2 M1 P D1 N1 D1 P D1 S S R2 G2 M1 P D1 S S R2 G2 M1 P D1 N1 D1 S S R2 G2 M1 P D1 N1 D1 S S G2 R2 G M1 P D1 N1 D1 S S R2 G2 M1 P D1 N1 D1 S","S N1 D1 P M1 G2 R2 S S N1 D1 P M1 G2 R2 S S D1 P M1 G2 R2 S S N1 D1 P M1 G2 R2 S S N1 D1 P M1 G2 R2 G R2 S D1 N1 D1 P M1 G2 R2 S","Sampurna",No,"",Yes,""
"bharati","Bharati","Bhārati",19,"Jhankaradhwani",4,"Veda (Scriptures)","S R2 G2 M1 P S'","S' P M1 G2 R2 S","Audava",No,"",Yes,""
"chittaranjani","Chittaranjani","Chittaranjani",19,"Jhankaradhwani",4,"Veda (Scriptures)","S R2 G2 M1 P D1 N1","N1 D1 P M1 G2 R2 S","Sampurna",No,"",No,""
"jalmika","Jalmika","Jalmika",19,"Jhankaradhwani",4,"Veda (Scriptures)","S R2 G1 M1 P D1 N1 S'","S' N1 D1 P M1 G1 S R2 S","Sampurna",No,"",Yes,""
"lalitabhairavi","Lalitabhairavi","Lalitabhairavi",19,"Jhankaradhwani",4,"Veda (Scriptures)","S G2 M1 P D1 S'","S' N1 D1 P M1 G2 R2 S","Audava-Sampurna",No,"",Yes,""
"poornalalita-m19","Poornalalita","Poornalalita",19,"Jhankaradhwani",4,"Veda (Scriptures)","S G2 R2 M1 P S S G2 R2 G2 R2 M1 P S S R2 G2 R2 M1 P S S R2 G2 M1 P S S G2 R2 G2 M1 P S","S N1 D1 P M1 G2 R2 S S N1 D1 P M1 G2 R2 S S N1 D1 P M1 G2 R2 S S N1 D1 P M1 G2 R2 S S N1 D1 P M1 G2 R2 S","Audava-Sampurna",No,"",Yes,""
"nareretigowla","Nareretigowla","Nārērētigowla",20,"Natabhairavi",4,"Veda (Scriptures)","S G2 R2 G2 M1 N2 D1 M1 N2 N2 S'","S' N2 D1 M1 G2 M1 P M1 G2 R2 S","Shadava-Sampurna",No,"",Yes,""
"abheri","Abheri","Abheri",20,"Natabhairavi",4,"Veda (Scriptures)","S M1 G2 M1 P P S'","S' N2 D2 P M1 G2 R2 S","Swarantara-Sampurna",No,"",Yes,"Dikshitar School"
"anandabhairavi","Anandabhairavi","Anandabhairavi",20,"Natabhairavi",4,"Veda (Scriptures)","S G2 R2 G2 M1 P D2 P S'","S' N2 D2 P M1 G2 R2 S","Shadava-Sampurna",Yes,"G3 D1 N3",Yes,""
"amrithavahini","Amrithavahini","Amrithavāhini",20,"Natabhairavi",4,"Veda (Scriptures)","S R2 M1 P D1 N2 S'","S' N2 D1 M1 G2 R2 S","Shadava",No,"",Yes,""
"bhairavi","Bhairavi","Bhairavi",20,"Natabhairavi",4,"Veda (Scriptures)","S G2 R2 G2 M1 P D2 N2 S'","S' N2 D1 P M1 G2 R2 S","Sampurna",Yes,"D2",Yes,""
"bhuvanagandhari","Bhuvanagandhari","Bhuvanagāndhāri",20,"Natabhairavi",4,"Veda (Scriptures)","S R2 M1 P N2 S'","S' N2 D1 P M1 G2 S","Audava-Shadava",No,"",Yes,""
"chapagantarva","Chapagantarva","Chapagantarva",20,"Natabhairavi",4,"Veda (Scriptures)","S G2 M1 P N2","D1 M1 G2 R2 S N2","Audava-Shadava",No,"",No,""
"darbari-kanada","Darbari Kanada","Darbāri Kānada",20,"Natabhairavi",4,"Veda (Scriptures)","N2 S R2 G2 R2 S M1 P D1 N2 S'","S' D1 N2 P M1 P G2 M1 R2 S","Sampurna",No,"",Yes,""
"devakriya","Devakriya","Devakriya",20,"Natabhairavi",4,"Veda (Scriptures)","S R2 M1 P N2 S'","S' N2 D1 N2 P M1 G2 R2 S","Audava-Sampurna",No,"",Yes,""
"dhanashree","Dhanashree","Dhanashree",20,"Natabhairavi",4,"Veda (Scriptures)","N2 S G2 M1 P N2 S'","S' N2 D1 P M1 G2 R1 S","Audava-Sampurna",No,"",Yes,""
"dharmaprakashini","Dharmaprakashini","Dharmaprakāshini",20,"Natabhairavi",4,"Veda (Scriptures)","S R2 M1 P N2 S'","S' N2 D1 M1 G2 R2 S","Audava-Shadava",No,"",Yes,""
"dilipika-vasantha","Dilipika Vasantha","Dilipika Vasantha",20,"Natabhairavi",4,"Veda (Scriptures)","S G2 M1 P D1 P N2 S'","S' D1 P M1 R2 S","Shadava-Audava",No,"",Yes,""
"divyagandhari","Divyagandhari","Divyagāndhāri",20,"Natabhairavi",4,"Veda (Scriptures)","S G2 M1 P D1 N2 S'","S' N2 P M1 G2 S","Shadava-Audava",No,"",Yes,""
"gopikavasantam","Gopikavasantam","Gopikāvasantam",20,"Natabhairavi",4,"Veda (Scriptures)","S R2 G2 M1 P D1 P N2","S N2 D1 P M1 G2 R2 S","Sampurna",No,"",Yes,""
"hindolam","Hindolam","Hindolam",20,"Natabhairavi",4,"Veda (Scriptures)","S G2 M1 D1 N2 S'","S' N2 D1 M1 G2 S","Audava",No,"",Yes,""
"hindolavasanta","Hindolavasanta","Hindolavasanta",20,"Natabhairavi",4,"Veda (Scriptures)","S G2 M1 P D1 N2 D1 S'","S' N2 D1 P M1 D2 M1 G2 S","Shadava",No,"",Yes,""
"indughantarava","Indughantarava","Indughantarava",20,"Natabhairavi",4,"Veda (Scriptures)","S G2 M1 P D1 P","N2 D1 P M1 G2 R2 S N2","Audava-Sampurna",No,"",Yes,""
"jayanthashri","Jayanthashri","Jayanthashrī",20,"Natabhairavi",4,"Veda (Scriptures)","S G2 M1 D1 N2 S'","S' N2 D1 M1 P M1 G2 S","Audava-Shadava",No,"",Yes,""
"jingala","Jingala","Jingaḷa",20,"Natabhairavi",4,"Veda (Scriptures)","S R2 G2 M1 P D1 N2 D1 P S'","S' N2 D1 P M1 G2 R2 S","Sampurna",No,"",Yes,""
"jaunpuri","Jaunpuri","Jaunpuri",20,"Natabhairavi",4,"Veda (Scriptures)","S R2 M1 P D1 N2 S'","S' N2 D1 P M1 G2 R2 S","Shadava-Sampurna",No,"",Yes,"Hindustani equivalent"
"katyayani","Katyayani","Kātyāyani",20,"Natabhairavi",4,"Veda (Scriptures)","S R2 G2 P D1 S'","S' D1 P G2 R2 S","Audava",No,"",Yes,""
"kamakhyapriya","Kamakhyapriya","Kamakhyapriya",20,"Natabhairavi",4,"Veda (Scriptures)","S R2 M1 P D1 N2 S'","S' N2 P M1 G2 R2 S","Shadava",No,"",Yes,"Raga created by Mahesh Mahadev"
"kanakavasantham","Kanakavasantham","Kanakavasantham",20,"Natabhairavi",4,"Veda (Scriptures)","S G2 M1 P N2 D1 S'","S' N2 D1 P M1 G2 R2 S","Shadava-Sampurna",No,"",Yes,""
"kshanika","Kshanika","Kshanika",20,"Natabhairavi",4,"Veda (Scriptures)","S G2 M1 P D1 S'","S' D1 P M1 G2 S","Audava",No,"",Yes,""
"manji","Manji","Mānji",20,"Natabhairavi",4,"Veda (Scriptures)","S R2 G2 M1 P D2 N2 S'","S' N2 D1 P M1 P M1 P G2 R2 S","Sampurna",No,"",Yes,""
"mahati-cf-mela-28-43","Mahati cf. Mela 28&43","Mahati cf. Mela 28&43",20,"Natabhairavi",4,"Veda (Scriptures)","S G2 P D1 N2 S'","S' N2 P G2 R2 S","Audava",No,"",Yes,"Mahathi"
"malkosh-malkauns","Malkosh / Malkauns","Malkosh / Malkauns",20,"Natabhairavi",4,"Veda (Scriptures)","S G2 M1 D1 N2 S'","S' N2 D1 M1 G2 S","Audava",No,"",Yes,""
"margahindolam","mArgahindOLaM","mArgahindOLaM",20,"Natabhairavi",4,"Veda (Scriptures)","S R2 G2 M1 P D2 N2 S'","S' N2 D2 P M1 G2 S","Sampurna-Shadava",No,"",Yes,""
"nagagandhari","Nagagandhari","Nāgagāndhāri",20,"Natabhairavi",4,"Veda (Scriptures)","S R2 M1 G2 M1 P D1 N2 S'","S' N2 D1 P M1 G2 R2 S","Sampurna",No,"",Yes,""
"navarathna-vilasam","Navarathna Vilasam","Navarathna Vilāsam",20,"Natabhairavi",4,"Veda (Scriptures)","S R2 G2 M1 P D1 P S'","S' D1 P M1 G2 M1 R2 S","Shadava",No,"",Yes,""
"nilamati","Nilamati","Nīlamati",20,"Natabhairavi",4,"Veda (Scriptures)","S G2 M1 P D1 N2 S'","S' N2 D1 M1 G2 S","Shadava-Audava",No,"",Yes,""
"nilaveni","Nilaveni","Nīlaveni",20,"Natabhairavi",4,"Veda (Scriptures)","S R2 G2 M1 P D1 N2 D1 S'","S' D1 P M1 G2 R2 S","Sampurna-Shadava",No,"",Yes,""
"poornasha-jam","Poornashađjam","Poornashađjam",20,"Natabhairavi",4,"Veda (Scriptures)","S R2 G2 M1 N2 N2 S S R2 G2 M1 N2 S'","S' N2 P M1 G2 R2 S S N2 P M1 G2 R2 S","Audava-Shadava",No,"",Yes,""
"rajarajeshwari","Rajarajeshwari","Rājarājeshwari",20,"Natabhairavi",4,"Veda (Scriptures)","S R2 M1 P D1 S'","S' N2 D1 P M1 G2 R2 S","Audava-Sampurna",No,"",Yes,""
"saramati","Saramati","Sāramati",20,"Natabhairavi",4,"Veda (Scriptures)","S R2 G2 M1 P D1 N2 S'","S' N2 D1 M1 G2 S","Sampurna-Audava",No,"",Yes,""
"saranga-kapi","Saranga Kapi","Sāranga Kāpi",20,"Natabhairavi",4,"Veda (Scriptures)","S R1 P M1 R1 P R1 M1 P N2 S'","S' N2 D1 P M1 G2 R1 S","Audava-Sampurna",No,"",Yes,""
"sharadapriya","Sharadapriya","Sharadapriya",20,"Natabhairavi",4,"Veda (Scriptures)","S R2 G2 P N2 S'","S' N2 P G2 R2 S","Audava",No,"",Yes,""
"shree-navarasachandrika","Shree Navarasachandrika","Shree Navarasachandrika",20,"Natabhairavi",4,"Veda (Scriptures)","S R2 G2 M1 P D1 S'","S' D1 P M1 G2 R2 S","Shadava",No,"",Yes,""
"sindhu-dhanyasi","Sindhu Dhanyasi","Sindhu Dhanyāsi",20,"Natabhairavi",4,"Veda (Scriptures)","S G2 M1 P N2 S'","S' N2 D1 M1 P M1 G2 R2 S","Audava-Sampurna",No,"",Yes,""
"shuddha-desi","Shuddha Desi","Shuddha Desi",20,"Natabhairavi",4,"Veda (Scriptures)","S R2 G2 R2 M1 P D1 N2 S'","S' N2 D1 P M1 G2 R2 S","Sampurna",No,"",Yes,""
"shuddha-salavi","Shuddha Salavi","Shuddha Sālavi",20,"Natabhairavi",4,"Veda (Scriptures)","S G2 M1 P N2 S'","S' N2 P M1 R2 S","Audava",No,"",Yes,""
"sukumari","Sukumari","Sukumāri",20,"Natabhairavi",4,"Veda (Scriptures)","S G2 M1 P N2 D1 N2 S'","S' N2 P M1 G2 M1 R2 S","Shadava",No,"",Yes,""
"sushama","Sushama","Sushama",20,"Natabhairavi",4,"Veda (Scriptures)","S R2 M1 P D1 S'","S' D1 P M1 R2 S","Audava",No,"",Yes,"Raga created by M. Balamuralikrishna"
"sutradhari","Sutradhari","Sutradhāri",20,"Natabhairavi",4,"Veda (Scriptures)","(Also 27) S R2 M1 P D1 S","S D1 P M1 R2 S","Audava",No,"",Yes,""
"tarkshika","Tarkshika","Tarkshika",20,"Natabhairavi",4,"Veda (Scriptures)","S R2 M1 P N2 S'","S' N2 D1 P M1 R2 G2 R2 S","Audava-Sampurna",No,"",Yes,""
"udayaraga","Udayaraga","Udayarāga",20,"Natabhairavi",4,"Veda (Scriptures)","S G2 M1 P N2 S'","S' N2 P M1 G2 S","Audava",No,"",Yes,""
"vasantavarali","Vasantavarali","Vasantavarāli",20,"Natabhairavi",4,"Veda (Scriptures)","S R2 M1 P D1 S'","S' N2 D1 P G2 R2 S","Audava-Shadava",No,"",Yes,""
"keeranavali","Keeranavali","Keeranāvali",21,"Keeravani",4,"Veda (Scriptures)","S R2 G2 M1 P D1 N3 S'","S' P M1 G2 R2 S","Sampurna-Audava",No,"",Yes,""
"aymmukhan","Aymmukhan","Aymmukhan",21,"Keeravani",4,"Veda (Scriptures)","S G2 M1 P D1 N3 S'","S' N3 D1 P M1 G2 S","Shadava",No,"",Yes,""
"bhanupriya","Bhanupriya","Bhānupriya",21,"Keeravani",4,"Veda (Scriptures)","S R2 G2 D1 N3 S'","S' N3 D1 G2 R2 S","Audava",No,"",Yes,""
"beethovanapriya","Beethovanapriya","Beethovanapriya",21,"Keeravani",4,"Veda (Scriptures)","G2, P, N,3 S R2 G2 M1 P D1","P M2 P R2 M1 G2 S","Sampurna-Audava",No,"",Yes,"invented by Ramesh Vinayakam"
"chandrika","Chandrika","Chandrika",21,"Keeravani",4,"Veda (Scriptures)","S R2 G2 P D1 N3 S'","S' N3 D1 P G2 R2 S","Shadava",No,"",Yes,""
"gaganabhoopalam","Gaganabhoopalam","Gaganabhoopālam",21,"Keeravani",4,"Veda (Scriptures)","S M1 G2 M1 P D1 N3","S N3 D1 M1 G2 R2 S","Shadava",No,"",Yes,""
"hamsapancama","Hamsapancama","Hamsapancama",21,"Keeravani",4,"Veda (Scriptures)","S G2 M1 P N3 D1 N3 P S'","S' N3 D1 M1 G2 R2 S","Shadava",No,"",Yes,""
"hamsavahini","Hamsavahini","Hamsavāhini",21,"Keeravani",4,"Veda (Scriptures)","S R2 M1 P D1 N3 S'","S' N3 D1 P M1 R2 S","Shadava",No,"",Yes,""
"jayashree","Jayashree","Jayashree",21,"Keeravani",4,"Veda (Scriptures)","S R2 G2 M1 P D1 N3 D1 S'","S' N3 D1 P M1 G2 R2 S","Sampurna",No,"",Yes,""
"kadaram","Kadaram","Kadaram",21,"Keeravani",4,"Veda (Scriptures)","S G2 M1 D1 N3 S'","S' N3 D1 M1 G2 S","Audava",No,"",Yes,"Chandrakosh, Chandrakauns , Chandrakaush"
"kalyana-vasantam","Kalyana Vasantam","Kalyāna Vasantam",21,"Keeravani",4,"Veda (Scriptures)","S G2 M1 D1 N3 S'","S' N3 D1 P M1 G2 R2 S","Audava-Sampurna",No,"",Yes,""
"kusumavali","Kusumavali","Kusumāvali",21,"Keeravani",4,"Veda (Scriptures)","S G2 M1 P D1 S'","S' N3 D1 P M1 G2 M1 R1 S","Audava-Sampurna",No,"",Yes,""
"madhavi","Madhavi","Mādhavi",21,"Keeravani",4,"Veda (Scriptures)","S M1 G2 M1 P D1 N3 S'","S' N3 D1 P M1 S M1 G2 R1 S","Shadava-Sampurna",No,"",Yes,""
"mishramanolayam","Mishramanolayam","Mishramanolayam",21,"Keeravani",4,"Veda (Scriptures)","S R2 M1 P D1 S'","S' D2 D1 P M1 R2 S","Audava",No,"",Yes,""
"priyadarshani","Priyadarshani","Priyadarshani",21,"Keeravani",4,"Veda (Scriptures)","S R2 M1 D1 N3 S'","S' N3 D1 M1 R2 S","Audava",No,"",Yes,""
"rishipriya","Rishipriya","Rishipriya",21,"Keeravani",4,"Veda (Scriptures)","S R2 G2 M1 P D1 N3 S'","S' N3 P M1 G2 R2 S","Sampurna-Shadava",No,"",Yes,""
"samapriya","Samapriya","Sāmapriya",21,"Keeravani",4,"Veda (Scriptures)","S R2 M1 P D1 S'","S' D1 P M1 R2 S","Audava",No,"",Yes,""
"shrothasvini","Shrothasvini","Shrothasvini",21,"Keeravani",4,"Veda (Scriptures)","S G2 M1 P N3 S'","S' N3 P M1 G2 S","Audava",No,"",Yes,""
"vasanthamanohari","Vasanthamanohari","Vasanthamanohari",21,"Keeravani",4,"Veda (Scriptures)","S R2 G2 M1 D1 N3 S'","S' N3 D1 M1 G2 R2 S","Shadava",No,"",Yes,""
"shree","Shree","Shree",22,"Kharaharapriya",4,"Veda (Scriptures)","S R2 M1 P N2 S'","S' N2 P D2 N2 P M1 R2 G2 R2 S","Audava-Sampurna",No,"",Yes,""
"andolika","Andolika","Andolikā",22,"Kharaharapriya",4,"Veda (Scriptures)","S R2 M1 P N2 S'","S' N2 D2 M1 R2 S","Audava",No,"",Yes,""
"abheri-m22","Abheri","Abheri",22,"Kharaharapriya",4,"Veda (Scriptures)","S G2 M1 P N2 S'","S' N2 D2 P M1 G2 R2 S","Audava-Sampurna",No,"",Yes,""
"abhogi","Abhogi","Abhogi",22,"Kharaharapriya",4,"Veda (Scriptures)","S R2 G2 M1 D2 S'","S' D2 M1 G2 R2 S","Audava",No,"",Yes,""
"adi-kapi","Adi Kapi","Ādi Kāpi",22,"Kharaharapriya",4,"Veda (Scriptures)","S R2 M1 G2 M1 P D2 N2 S'","S' N2 D2 P M1 G2 R2 S","Sampurna",No,"",Yes,""
"aryamati","Aryamati","Āryamati",22,"Kharaharapriya",4,"Veda (Scriptures)","S R2 G2 P D2 S'","S' N2 D2 P D2 M1 G2 R2 S","Audava-Sampurna",No,"",Yes,""
"agnikopa","Agnikopa","Agnikopa",22,"Kharaharapriya",4,"Veda (Scriptures)","S G2 M1 P N2 S'","S' N2 P M1 G2 R2 S","Audava-Shadava",No,"",Yes,""
"balachandrika","Balachandrika","Bālachandrika",22,"Kharaharapriya",4,"Veda (Scriptures)","S G2 M1 P D2 N2 S'","S' N2 D2 M1 G2 R2 S","Shadava",No,"",Yes,""
"basant-bahar","Basant Bahar","Basant Bahār",22,"Kharaharapriya",4,"Veda (Scriptures)","S M2 P G3 M2 N3 D1 N3 S","R2 S N2 D2 P M1 G2 M1 G2 R2 S","Shadava-Sampurna",No,"",Yes,"Hindustani equivalent"
"bageshri","Bageshri","Bageshri",22,"Kharaharapriya",4,"Veda (Scriptures)","S G2 M1 D2 N2 S'","S' N2 D2 M1 P D2 G2 M1 R2 S","Audava-Sampurna",No,"",Yes,""
"bhagavatapriya","Bhagavatapriya","Bhagavatapriya",22,"Kharaharapriya",4,"Veda (Scriptures)","S R2 G2 M1 P N2 S'","S' N2 D2 P M1 G2 R2 S","Shadava-Sampurna",No,"",Yes,""
"bhagavathpriya","Bhagavathpriya","Bhagavathpriya",22,"Kharaharapriya",4,"Veda (Scriptures)","S R2 G2 M1 R2 M1 P D2 N2 S'","S' N2 D2 P M1 R2 S","Sampurna-Shadava",No,"",Yes,""
"bhimpalasi","Bhimpalasi","Bhimpalasi",22,"Kharaharapriya",4,"Veda (Scriptures)","N2 S G2 M1 P N2 S'","S' N2 D2 P M1 G2 R2 S","Audava-Sampurna",No,"",Yes,"Hindustani equivalent"
"brindavana-saranga","Brindavana Saranga","Brindāvana Sāranga",22,"Kharaharapriya",4,"Veda (Scriptures)","S R2 M1 P N3 S'","S' N2 P M1 R2 G2 R2 S","Audava-Shadava",Yes,"N3",Yes,"Hindustani equivalent"
"brindavani","Brindavani","Brindāvani",22,"Kharaharapriya",4,"Veda (Scriptures)","S R2 M1 P N3 S'","S' N2 P M1 R2 S","Audava",Yes,"N3",Yes,"Hindustani equivalent"
"chakrapradipta","Chakrapradipta","Chakrapradipta",22,"Kharaharapriya",4,"Veda (Scriptures)","S R2 G2 M1 P M1 D2 N2 S'","S' N2 D2 M1 G2 S","Sampurna-Audava",No,"",Yes,""
"chittaranjani-m22","Chittaranjani","Chittaranjani",22,"Kharaharapriya",4,"Veda (Scriptures)","S R2 G2 M1 P D2 N2","N2 D2 P M1 G2 R2 S","Sampurna",No,"",No,""
"darbar","Darbar","Darbar",22,"Kharaharapriya",4,"Veda (Scriptures)","S R2 M1 P D2 N2 S","R2 S N2 S D2 P M1 R2 G2 G2 R2 S","Shadava-Sampurna",No,"",Yes,""
"dayavati","Dayavati","Dayavati",22,"Kharaharapriya",4,"Veda (Scriptures)","S R2 G2 P N2 S'","S' N2 P M1 G2 S","Audava",No,"",Yes,""
"devamruthavarshani","Devamruthavarshani","Devāmruthavarshani",22,"Kharaharapriya",4,"Veda (Scriptures)","S R2 G2 M1 N2 D2 N2 S'","S' N2 D2 P M1 G2 R2 S","Shadava-Sampurna",No,"",Yes,""
"deva-manohari","Deva Manohari","Deva Manohari",22,"Kharaharapriya",4,"Veda (Scriptures)","S R2 M1 P D2 N2 S'","S' N2 D2 N2 P M1 R2 S","Shadava",No,"",Yes,""
"dhanakapi","Dhanakapi","Dhanakāpi",22,"Kharaharapriya",4,"Veda (Scriptures)","S R2 M1 P N2 S (Varies)","S N2 D2 N2 P M1 G2 R2 S","Audava-Sampurna",No,"",Yes,""
"dilipika","Dilipika","Dilipika",22,"Kharaharapriya",4,"Veda (Scriptures)","S R2 G2 M1 P N2 D2 N2 P D2 N2 S'","S' N2 D2 P M1 G2 R2 S","Sampurna",No,"",Yes,""
"gowla-kannada","Gowla Kannada","Gowla Kannada",22,"Kharaharapriya",4,"Veda (Scriptures)","S R2 G2 M1 P D2 N2 S'","S' N2 P M1 G2 S","Sampurna-Audava",No,"",Yes,""
"gara","Gara","Gāra",22,"Kharaharapriya",4,"Veda (Scriptures)","S G2 M1 P D2 N3 S'","S' N2 D2 P M1 G3 R2 G2 R2 S N3 S N2 D2 S","Shadava-Sampurna",Yes,"G3 D1 N3",Yes,"Hindustani equivalent"
"hamsa-abheri","Hamsa abheri","Hamsa ābheri",22,"Kharaharapriya",4,"Veda (Scriptures)","S G2 P M1 P N2 S'","S' N2 D2 P M1 G2 S","Audava-Shadava",No,"",Yes,""
"haridasapriya","Haridasapriya","Haridasapriya",22,"Kharaharapriya",4,"Veda (Scriptures)","S P M1 G3 M1 P N2 S'","S' N2 D2 N2 P M1 G2 R2 S","Audava-Sampurna",No,"",Yes,""
"harinarayani","Harinarayani","Harinārāyani",22,"Kharaharapriya",4,"Veda (Scriptures)","S R2 G2 M1 P M1 D2 N2 S'","S' N2 P M1 G2 R2 S","Sampurna-Shadava",No,"",Yes,""
"hindustani-kapi","Hindustani Kapi","Hindustāni Kāpi",22,"Kharaharapriya",4,"Veda (Scriptures)","S R2 M1 P N2 S'","S' N2 D2 N2 P M1 G2 M1 D2 P G2 R2 S N2 S","Audava-Sampurna",Yes,"G3 D1 N3",Yes,""
"huseni","Huseni","Huseni",22,"Kharaharapriya",4,"Veda (Scriptures)","S R2 G2 M1 P N2 D2 N2 S S R2 G3 M1 P N3 D2 M1 P N3 S'","S' N2 D1 P M1 G2 R2 S  S N3 S P D2 M1 P G3 R2 S","Sampurna",Yes,"D1",Yes,""
"jatadhari","Jatadhari","Jatādhāri",22,"Kharaharapriya",4,"Veda (Scriptures)","S R2 M1 P D2 N2 S'","S' N2 D2 P M1 R2 S","Shadava",No,"",Yes,""
"jayamanohari","Jayamanohari","Jayamanohari",22,"Kharaharapriya",4,"Veda (Scriptures)","S R2 G2 M1 D2 S'","S' N2 D2 M1 G2 R2 S","Audava-Shadava",No,"",Yes,""
"jayanarayani","Jayanarayani","Jayanārāyani",22,"Kharaharapriya",4,"Veda (Scriptures)","S R2 G2 M1 P D2 S'","S' N2 D2 P M1 G2 R2 S","Shadava-Sampurna",No,"",Yes,""
"jayanthasena","Jayanthasena","Jayanthasena",22,"Kharaharapriya",4,"Veda (Scriptures)","S G2 M1 P D2 S'","S' N2 D2 P M1 G2 S","Audava-Shadava",No,"",Yes,""
"jog","Jog","Jog",22,"Kharaharapriya",4,"Veda (Scriptures)","S G3 M1 P N2 S'","S' N2 P M1 G3 M1 G2 S","Audava",Yes,"G2",Yes,"Hindustani equivalent"
"kanada","Kanada","Kanadā",22,"Kharaharapriya",4,"Veda (Scriptures)","S R2 P G2 M1 D2 N2 S'","S' N2 P M1 G2 M1 R2 S","Sampurna-Shadava",No,"",Yes,""
"kapi","Kapi","Kāpi",22,"Kharaharapriya",4,"Veda (Scriptures)","S R2 M1 P N3 S'","S' N2 D2 N2 P M1 G2 R2 S","Audava-Sampurna",Yes,"G3 D1 N3",Yes,""
"kapijingala","Kapijingala","Kāpijingala",22,"Kharaharapriya",4,"Veda (Scriptures)","S N2 S R2 G2 M1","M1 G2 R2 S N2 D2 N2 S","Audava-Shadava",No,"",Yes,""
"kalanidhi","Kalanidhi","Kalānidhi",22,"Kharaharapriya",4,"Veda (Scriptures)","S R2 G2 M1 S P M1 D2 N2 S'","S' N2 D2 P M1 G2 R2 S","Sampurna",No,"",Yes,""
"kalika","Kalika","Kalika",22,"Kharaharapriya",4,"Veda (Scriptures)","S R2 G2 P D2 N2 S'","S' N2 D2 P G2 R2 S","Shadava",No,"",Yes,""
"kannadagowla","Kannadagowla","Kannadagowla",22,"Kharaharapriya",4,"Veda (Scriptures)","S R2 G2 M1 P N2 S'","S' N2 D2 P M1 G2 S","Shadava",No,"",Yes,""
"karnataka-hindolam","Karnataka Hindolam","Karnātaka Hindolam",22,"Kharaharapriya",4,"Veda (Scriptures)","S G2 M1 D2 N2 S'","S' N2 D2 M1 G2 S","Audava",No,"",Yes,""
"karnataka-kapi","Karnataka Kapi","Karnātaka Kāpi",22,"Kharaharapriya",4,"Veda (Scriptures)","S R2 G2 M1 P D2 N2 S'","S' N2 D2 P M1 G2 R2 S","Sampurna",No,"",Yes,""
"karnataka-devagandhari","Karnataka Devagandhari","Karnātaka Devagāndhari",22,"Kharaharapriya",4,"Veda (Scriptures)","S G2 M1 P N2 S'","S' N2 D2 P M1 G2 R2 S","Audava-Sampurna",No,"",Yes,""
"karnaranjani","Karnaranjani","Karnaranjani",22,"Kharaharapriya",4,"Veda (Scriptures)","S R2 G2 M1 G2 P D2 S'","S' N2 D2 P M1 G2 R2 S","Shadava-Sampurna",No,"",Yes,""
"kowmodaki","Kowmodaki","Kowmodaki",22,"Kharaharapriya",4,"Veda (Scriptures)","S R2 G2 M1 P D2 N2 S'","S' D2 P G2 S","Sampurna-Swarantara",No,"",Yes,""
"kowshika","Kowshika","Kowshika",22,"Kharaharapriya",4,"Veda (Scriptures)","S G2 M1 D2 N2 S'","S' N2 D2 M1 G2 M1 R2 S","Audava-Shadava",No,"",Yes,""
"lalitamanohari","Lalitamanohari","Lalitamanohari",22,"Kharaharapriya",4,"Veda (Scriptures)","S G2 M1 P D2 N2 S'","S' N2 P M1 G2 R2 S","Shadava",No,"",Yes,""
"madhavamanohari","Madhavamanohari","Mādhavamanohari",22,"Kharaharapriya",4,"Veda (Scriptures)","S R2 G2 M1 P N2 D2 N2 S'","S' N2 D2 M1 G2 R2 S","Sampurna-Shadava",No,"",Yes,""
"malavashree","Malavashree","Mālavashree",22,"Kharaharapriya",4,"Veda (Scriptures)","S G2 M1 P N2 D2 N2 P D2 N2 S'","S' N2 D2 P M1 G2 R2 S","Shadava-Sampurna",No,"",Yes,""
"mayapradeeptam","Mayapradeeptam","Māyapradeeptam",22,"Kharaharapriya",4,"Veda (Scriptures)","S M1 G2 M1 P D2 N2 S'","S' D2 P M1 G2 R2 S","Shadava",No,"",Yes,""
"madhyamaravali","Madhyamaravali","Madhyamarāvali",22,"Kharaharapriya",4,"Veda (Scriptures)","S R2 G2 P D2 N2 S'","S' N2 D2 P G2 R2 S","Shadava",No,"",Yes,""
"madhyamavathi","Madhyamavathi","Madhyamāvathi",22,"Kharaharapriya",4,"Veda (Scriptures)","S R2 M1 P N2 S'","S' N2 P M1 R2 S","Audava",No,"",Yes,""
"mahanandhi","Mahanandhi","Mahānandhi",22,"Kharaharapriya",4,"Veda (Scriptures)","S R2 G2 P D2 S'","S' D2 P G2 R2 S","Audava",No,"",Yes,""
"mandamari","Mandamari","Mandāmari",22,"Kharaharapriya",4,"Veda (Scriptures)","S R2 M1 P D2 S'","S' N2 S D2 P M1 G2 R2 S","Audava-Sampurna",No,"",Yes,""
"mangalavathi","Mangalavathi","Mangalāvathi",22,"Kharaharapriya",4,"Veda (Scriptures)","S R2 M1 P D2 S'","S' D2 P M1 G2 R2 S","Audava-Shadava",No,"",Yes,""
"manirangu","Manirangu","Manirangu",22,"Kharaharapriya",4,"Veda (Scriptures)","S R2 M1 P N2 S'","S' N2 P M1 G2 R2 S","Audava-Shadava",No,"",Yes,""
"manjari","Manjari","Manjari",22,"Kharaharapriya",4,"Veda (Scriptures)","S G2 R2 G2 M1 P N2 D2 N2 S'","S' N2 D2 P M1 G2 R2 S","Sampurna",No,"",Yes,""
"manohari","Manohari","Manohari",22,"Kharaharapriya",4,"Veda (Scriptures)","S G2 R2 G2 M1 P D2 S'","S' D2 P M1 G2 R2 S","Shadava",No,"",Yes,""
"manorama","Manorama","Manorama",22,"Kharaharapriya",4,"Veda (Scriptures)","S R2 G2 M1 P D1 P S'","S' N2 D1 P M1 G2 R2 S","Shadava-Sampurna",No,"",Yes,""
"maruvadhanyasi","Maruvadhanyasi","Maruvadhanyāsi",22,"Kharaharapriya",4,"Veda (Scriptures)","S G2 M1 P D2 S'","S' N2 D2 P M1 D2 M1 G2 R2 S","Audava-Sampurna",No,"",Yes,""
"mishramanolayam-m22","Mishramanolayam","Mishramanolayam",22,"Kharaharapriya",4,"Veda (Scriptures)","S R2 M1 P D1 S'","S' D2 D1 P M1 R2 S","Audava",No,"",Yes,""
"mishra-shivaranjani","Mishra shivaranjani","Mishra shivaranjani",22,"Kharaharapriya",4,"Veda (Scriptures)","S R2 G2 P D2 S'","S' D2 P G2 R2 S","Audava",Yes,"R1 G3 M1 M2 D1 N2 N3",Yes,""
"malhar-or-miyan-ki-malhar","Malhar or Miyan ki Malhar","Malhar or Miyān ki Malhār",22,"Kharaharapriya",4,"Veda (Scriptures)","S R2 P M1 P N2 D2 N3 S'","S' N2 P M1 P G2 M1 R2 S","Shadava",Yes,"N3",Yes,"Hindustani equivalent"
"mukhari","Mukhari","Mukhāri",22,"Kharaharapriya",4,"Veda (Scriptures)","S R2 M1 P N2 D2 S'","S' N2 D1 P M1 G2 R2 S","Shadava-Sampurna",Yes,"D1",Yes,""
"nadachintamani","Nadachintamani","Nādachintāmani",22,"Kharaharapriya",4,"Veda (Scriptures)","S R2 G2 M1 N2 D2 N2 S'","S' N2 D2 P M1 G2 R2 S","Shadava-Sampurna",No,"",Yes,""
"nadatarangini","Nadatarangini","Nādatārangini",22,"Kharaharapriya",4,"Veda (Scriptures)","S P M1 R2 G2 S'","S' P N2 D2 P M1 G2 R2 G2 S","Audava-Sampurna",No,"",Yes,""
"nadavarangini","Nadavarangini","Nādavarangini",22,"Kharaharapriya",4,"Veda (Scriptures)","S P M1 N2 D2 N2 S'","S' P N2 D2 P M1 G2 R2 G2 S","Audava-Sampurna",No,"",Yes,""
"nagari","Nagari","Nāgari",22,"Kharaharapriya",4,"Veda (Scriptures)","S R2 M1 P D2 N2 S'","S' N2 D2 P M1 G2 S","Shadava",No,"",Yes,""
"nagavalli","Nagavalli","Nāgavalli",22,"Kharaharapriya",4,"Veda (Scriptures)","S R2 M1 D2 N2 S'","S' N2 D2 M1 R2 S","Audava",No,"",Yes,""
"nayaki","Nayaki","Nāyaki",22,"Kharaharapriya",4,"Veda (Scriptures)","S R2 M1 P D2 N2 D2 P S'","S' N2 D2 P M1 R2 G2 R2 S","Shadava-Sampurna",No,"",Yes,""
"nigamagamini","Nigamagamini","Nigamagāmini",22,"Kharaharapriya",4,"Veda (Scriptures)","M1 G2 S G2 M1 N2 S'","S' N2 M1 G2 M1 G2 S","Swarantara",No,"",Yes,""
"nirmalangi","Nirmalangi","Nirmalāngi",22,"Kharaharapriya",4,"Veda (Scriptures)","S R2 M1 P N2 S'","S' N2 P M1 R2 S","Audava",No,"",Yes,""
"omkari","Omkari","Omkāri",22,"Kharaharapriya",4,"Veda (Scriptures)","S R2 G2 M1 P D2 S'","S' D2 P M1 G2 R2 S","Shadava",No,"",Yes,""
"panchamam","Panchamam","Panchamam",22,"Kharaharapriya",4,"Veda (Scriptures)","S R2 D2 P N2 S'","S' N2 D2 P M1 G2 R2 S","Audava-Sampurna",No,"",Yes,""
"phalamanjari","Phalamanjari","Phalamanjari",22,"Kharaharapriya",4,"Veda (Scriptures)","S G2 M1 D2 S'","S' N2 D2 P M1 G2 M1 R2 S","Swarantara-Sampurna",No,"",Yes,""
"phalaranjani","Phalaranjani","Phalaranjani",22,"Kharaharapriya",4,"Veda (Scriptures)","S G2 M1 P M1 D2 S'","S' N2 D2 P M1 G2 M1 R2 S","Audava-Sampurna",No,"",Yes,""
"pilu-peelu-","Pilu (peelu)","Pilu (peelu)",22,"Kharaharapriya",4,"Veda (Scriptures)","N3 S G3 M1 P N3 S'","S' N2 D2 P D1 P M1 G2 R2 S N3 S","Audava-Sampurna",Yes,"G3 D1 N3",Yes,"Hindustani equivalent"
"poornakalanidhi","Poornakalanidhi","Poornakalānidhi",22,"Kharaharapriya",4,"Veda (Scriptures)","S G2 M1 P D2 N2 S'","S' D2 P M1 G2 R2 S","Shadava",No,"",Yes,""
"pushpalathika","Pushpalathika","Pushpalathika",22,"Kharaharapriya",4,"Veda (Scriptures)","S R2 G2 M1 P N2 S'","S' N2 P M1 G2 R2 S","Shadava",No,"",Yes,""
"ratipatipriya","Ratipatipriya","Ratipatipriya",22,"Kharaharapriya",4,"Veda (Scriptures)","S R2 G2 P N2 S'","S' N2 P G2 R2 S","Audava",No,"",Yes,""
"reethigowla","Reethigowla","Reethigowla",22,"Kharaharapriya",4,"Veda (Scriptures)","S G2 R2 G2 M1 N2 D2 M1 N2 N2 S'","S' N2 D2 M1 G2 M1 P M1 G2 R2 S","Shadava-Sampurna",No,"",Yes,""
"rudrapriya","Rudrapriya","Rudrapriyā",22,"Kharaharapriya",4,"Veda (Scriptures)","S R2 G2 M1 P D2 N2 S'","S' N2 P M1 G2 R2 S","Sampurna-Shadava",No,"",Yes,""
"sahana","Sahana","Sahāna",22,"Kharaharapriya",4,"Veda (Scriptures)","S R2 G2 M1 P M1 D2 N2 S'","S' N2 D2 P M1 G2 G2 R2 G2 R2 S","Sampurna",Yes,"G3",Yes,"Original"
"salagabhairavi","Salagabhairavi","Sālagabhairavi",22,"Kharaharapriya",4,"Veda (Scriptures)","S R2 M1 P D2 S'","S' N2 D2 P M1 G2 R2 S","Audava-Sampurna",No,"",Yes,""
"sarang","Sarang","Sārang",22,"Kharaharapriya",4,"Veda (Scriptures)","S R2 M1 P N2 S'","S' N2 P M1 R2 S","Audava",No,"",Yes,"Hindustani equivalent"
"saindhavi","Saindhavi","Saindhavi",22,"Kharaharapriya",4,"Veda (Scriptures)","N2 D2 N2 S R2 G2 M1 P D2 N2","D2 P M1 G2 R2 S N2 D2 N2 S","Sampurna",No,"",Yes,""
"sangrama","Sangrama","Sangrama",22,"Kharaharapriya",4,"Veda (Scriptures)","S R2 M1 D2 N2 P S'","S' N2 D2 G2 R2 S","Shadava-Audava",No,"",Yes,""
"sankrandanapriya","Sankrandanapriya","Sankrāndanapriyā",22,"Kharaharapriya",4,"Veda (Scriptures)","S R2 G2 P D2 S'","S' D2 P G2 R2 S","Audava",No,"",Yes,""
"sarvachoodamani","Sarvachoodamani","Sarvachoodāmani",22,"Kharaharapriya",4,"Veda (Scriptures)","S R2 M1 G2 M1 P D2 N2 S'","S' N2 P D2 N2 D2 P M1 G2 R2 G2 R2 S","Sampurna",No,"",Yes,""
"shivapriya","Shivapriya","Shivapriyā",22,"Kharaharapriya",4,"Veda (Scriptures)","S R2 G2 P D2 S'","S' D2 P G2 R2 S","Audava",No,"",Yes,""
"shivaranjani","Shivaranjani","Shivaranjani",22,"Kharaharapriya",4,"Veda (Scriptures)","S R2 G2 P D2 S'","S' D2 P G2 R2 S","Audava",No,"",Yes,""
"shree-manohari","Shree Manohari","Shree Manohari",22,"Kharaharapriya",4,"Veda (Scriptures)","S G2 R2 G2 M1 P D2 S'","S' D2 P M1 G2 R2 S","Shadava",No,"",Yes,""
"shree-manoranjani","Shree Manoranjani","Shree Manoranjani",22,"Kharaharapriya",4,"Veda (Scriptures)","S G2 M1 D2 N2 S'","S' N2 D2 M1 G2 R2 S","Audava-Shadava",No,"",Yes,""
"shreeranjani","Shreeranjani","Shreeranjani",22,"Kharaharapriya",4,"Veda (Scriptures)","S R2 G2 M1 D2 N2 S'","S' N2 D2 M1 G2 R2 S","Shadava",No,"",Yes,""
"siddhasena","Siddhasena","Siddhasena",22,"Kharaharapriya",4,"Veda (Scriptures)","S G2 R2 G2 M1 P D2 S'","S' N2 D2 M1 P M1 R2 G2 R2 S","Shadava-Sampurna",No,"",Yes,""
"suddha-bangala","Suddha Bangala","Suddha Bangāla",22,"Kharaharapriya",4,"Veda (Scriptures)","S R2 M1 P D2 S'","S' D2 P M1 R2 G2 R2 S","Audava-Shadava",No,"",Yes,""
"suddha-bhairavi","Suddha Bhairavi","Suddha Bhairavi",22,"Kharaharapriya",4,"Veda (Scriptures)","S G2 M1 P N2 D2 S'","S' N2 D2 M1 G2 R2 S","Shadava",No,"",Yes,""
"suddha-dhanyasi","Suddha Dhanyasi","Suddha Dhanyāsi",22,"Kharaharapriya",4,"Veda (Scriptures)","S G2 M1 P N2 S'","S' N2 P M1 G2 S","Audava",No,"",Yes,""
"suddha-hindolam","Suddha Hindolam","Suddha Hindolam",22,"Kharaharapriya",4,"Veda (Scriptures)","S G2 M1 D2 N2 S'","S' N2 D2 M1 G2 S","Audava",No,"",Yes,"Varamu"
"suddha-manohari","Suddha Manohari","Suddha Manohari",22,"Kharaharapriya",4,"Veda (Scriptures)","S R2 G2 M1 P D2 S'","S' N2 P M1 R2 G2 S","Shadava",No,"",Yes,""
"suddha-velavali","Suddha Velavali","Suddha Velāvali",22,"Kharaharapriya",4,"Veda (Scriptures)","S R2 M1 P N2 S'","S' N2 D2 N2 P M1 G2 R2 S","Audava-Sampurna",No,"",Yes,""
"sugunabhooshani","Sugunabhooshani","Sugunabhooshani",22,"Kharaharapriya",4,"Veda (Scriptures)","S G2 M1 P M1 D2 N2 S'","S' N2 D2 P M1 D2 M1 R2 S","Shadava",No,"",Yes,""
"swarabhooshani","Swarabhooshani","Swarabhooshani",22,"Kharaharapriya",4,"Veda (Scriptures)","S G2 M1 P D2 N2 S'","S' N2 D2 P M1 R2 S","Shadava",No,"",Yes,""
"swarakalanidhi","Swarakalanidhi","Swarakalānidhi",22,"Kharaharapriya",4,"Veda (Scriptures)","S M1 G2 M1 P D2 N2 S'","S' N2 D2 N2 P M1 G2 R2 S","Shadava-Sampurna",No,"",Yes,""
"swararanjani","Swararanjani","Swararanjani",22,"Kharaharapriya",4,"Veda (Scriptures)","S R2 G2 M1 D2 N2 S'","S' N2 P M1 G2 M1 R2 S","Shadava",No,"",Yes,""
"tavamukhari","Tavamukhari","Tavamukhāri",22,"Kharaharapriya",4,"Veda (Scriptures)","S R2 G2 P D2 S'","S' N2 D2 P M1 G2 R2 S","Audava-Sampurna",No,"",Yes,""
"vajrakanti","Vajrakanti","Vajrakānti",22,"Kharaharapriya",4,"Veda (Scriptures)","S G2 M1 P N2 S'","S' N2 D1 P M1 G2 R2 S","Audava-Sampurna",No,"",Yes,""
"gowrivelavali","Gowrivelavali","Gowrivelāvali",23,"Gourimanohari",4,"Veda (Scriptures)","S R2 G2 S R2 M1 P D2 S S R2 G1 G2 S R2 M1 M1 P D2 D2 S'","S' N3 D2 P M1 G2 R2 S S N3 D2 P M1 G1 G2 R2 S","Shadava-Sampurna",No,"",Yes,""
"gowrishankar","Gowrishankar","Gowrishankar",23,"Gourimanohari",4,"Veda (Scriptures)","S R2 G2 M1 P N3 S'","S' N3 D2 P M1 G2 R2 S","Shadava-Sampurna",No,"",Yes,""
"hamsadeepika","Hamsadeepika","Hamsadeepika",23,"Gourimanohari",4,"Veda (Scriptures)","S R2 G2 M1 D2 S'","S' N3 D2 P M1 G2 R2 S","Audava-Sampurna",No,"",Yes,""
"hrudkamali","Hrudkamali","Hrudkamali",23,"Gourimanohari",4,"Veda (Scriptures)","S R2 M1 D2 N3 S'","S' N3 D2 M1 R2 S","Audava",No,"",Yes,""
"lavanthika","Lavanthika","Lavanthika",23,"Gourimanohari",4,"Veda (Scriptures)","S R2 M1 P N3 S'","S' N3 P M1 R2 S","Audava",No,"",Yes,""
"sundaramanohari","Sundaramanohari","Sundaramanohari",23,"Gourimanohari",4,"Veda (Scriptures)","S R2 M1 P N3 S'","S' N3 D2 P M1 G2 R2 S","Audava-Sampurna",No,"",Yes,""
"patdip","Patdip","Patdīp",23,"Gourimanohari",4,"Veda (Scriptures)","N3 S G2 M1 P N3 S'","S' N3 D2 P M1 P G2 M1 G2 R2 S","Audava-Sampurna",No,"",Yes,"Hindustani equivalent"
"thyagaraja-mangalam","Thyagaraja Mangalam","Thyagaraja Mangalam",23,"Gourimanohari",4,"Veda (Scriptures)","S G2 M1 P N3 S'","S' N3 D2 P M1 G2 R2 S","Audava-Sampurna",No,"",Yes,""
"vasantashree","Vasantashree","Vasantashree",23,"Gourimanohari",4,"Veda (Scriptures)","S R2 G2 M1 D2 N3 S'","S' N3 D2 M1 G2 R2 S","Shadava",No,"",Yes,"Amba Manohari"
"velavali","Velavali","Velāvali",23,"Gourimanohari",4,"Veda (Scriptures)","S G2 M1 D2 N3 S S R2 M1 P D2 S S R2 G2 M1 P D2 S S G2 R2 M1 P D2 S S R2 G2 S R2 M1 P D2 S S R2 M1 P D2 N3 S","S N3 D2 P M1 G2 R2 S S N3 D2 P M1 G2 R2 S S N3 D2 P M1 G2 S S N3 D2 P M1 G2 R2 S S N3 D2 P M1 G2 R2 S S N3 D2 P M1 G2 R2 S","Sampurna",No,"",Yes,""
"veeravasantham","Veeravasantham","Veeravasantham",24,"Varunapriya",4,"Veda (Scriptures)","S R2 G2 M1 P S'","S' N3 D3 P M1 G2 R2 S","Audava-Sampurna",No,"",Yes,""
"sharavathi","Sharavathi","Sharāvathi",25,"Mararanjani",5,"Bana (Arrows)","S R2 G3 M1 P D1 N1 D1 S'","S' N1 D1 P M1 G3 R2 S","Sampurna",No,"",Yes,""
"devasalaga","Devasalaga","Devasalaga",25,"Mararanjani",5,"Bana (Arrows)","S G3 P D1 N1 S'","S' N1 D1 P M1 G3 R2 S","Audava-Sampurna",No,"",Yes,""
"kesari","Kesari","Kesari",25,"Mararanjani",5,"Bana (Arrows)","S R2 G3 M1 P M1 D1 P D1 S'","S' D1 N1 D1 P M1 G2 R2 S","Shadava-Sampurna",No,"",Yes,""
"gayakamandini","Gayakamandini","Gayakamandini",25,"Mararanjani",5,"Bana (Arrows)","S R2 G3 M1 P D1 S","S D1 P M1 G3 R2 S","Shadava",No,"",Yes,""
"rajathilaka","Rajathilaka","Rājathilaka",25,"Mararanjani",5,"Bana (Arrows)","S R2 G3 M1 P S'","S' P M1 G3 R2 S","Audava",No,"",Yes,""
"tarangini","Tarangini","Tarangini",26,"Charukesi",5,"Bana (Arrows)","S R2 G3 P D1 N2 D1 S S R2 G3 P D1 N2 D1 P D1 S","S D1 P M1 G3 R2 S S D1 P G3 R2 S G3 M1 R2 G3 S","Shadava",No,"",Yes,""
"chirswaroopi","Chirswaroopi","Chirswaroopi",26,"Charukesi",5,"Bana (Arrows)","S R2 G3 M1 P D1 N2 S'","S' N2 D1 P M1 G3 R2 S","Sampurna",No,"",Yes,""
"maravi","Maravi","Māravi",26,"Charukesi",5,"Bana (Arrows)","S G3 M1 P N2 S'","S' N2 D1 P M1 G3 R2 S","Audava-Sampurna",No,"",Yes,""
"poorvadhanyasi","Poorvadhanyasi","Poorvadhanyāsi",26,"Charukesi",5,"Bana (Arrows)","S M1 G3 M1 N2 S'","S' N2 D1 P M1 G3 R2 S","Swarantara-Sampurna",No,"",Yes,""
"shiva-manohari","Shiva Manohari","Shiva Manohari",26,"Charukesi",5,"Bana (Arrows)","S M1 G3 M1 P D1 N2 S'","S' N2 D1 P M1 G3 R2 S","Shadava-Sampurna",No,"",Yes,""
"shukrajyothi","Shukrajyothi","Shukrajyothi",26,"Charukesi",5,"Bana (Arrows)","S R2 G3 M1 P D1 N2 S'","S' N2 P D1 M1 G3 R2 S","Sampurna",No,"",Yes,""
"ushabharanam","Ushabharanam","Ushābharanam",26,"Charukesi",5,"Bana (Arrows)","S G3 M1 D1 P M1 D1 N2 S'","S' N2 D1 P M1 G3 R2 G3 M1 R2 S","Shadava-Sampurna",No,"",Yes,""
"sowrasena","Sowrasena","Sowrasenā",27,"Sarasangi",5,"Bana (Arrows)","S R2 M1 P D1 S'","S' N3 D1 P M1 G3 R2 S","Audava-Sampurna",No,"",Yes,""
"haripriya","Haripriya","Haripriya",27,"Sarasangi",5,"Bana (Arrows)","S R1 G3 M1 P S'","S' N3 D1 P M1 G3 S","Audava-Shadava",No,"",Yes,""
"srirangapriya","Srirangapriya","Srirangapriya",27,"Sarasangi",5,"Bana (Arrows)","S R2 G3 M1 P D1 S'","S' D1 P M1 G3 R2 S","Shadava",No,"",Yes,""
"kamala-manohari","Kamala Manohari","Kamalā Manohari",27,"Sarasangi",5,"Bana (Arrows)","S G3 M1 P N3 S'","S' N3 D1 P M1 G3 S","Audava-Shadava",No,"",Yes,""
"madhulika","Madhulika","Madhulika",27,"Sarasangi",5,"Bana (Arrows)","S R2 G3 M1 N3 S'","S' N3 M1 G3 R2 S","Audava",No,"",Yes,""
"nalinakanthi","Nalinakanthi","Nalinakānthi",27,"Sarasangi",5,"Bana (Arrows)","S G3 R2 M1 P N3 S'","S' N3 P M1 G3 R2 S","Shadava",No,"",Yes,""
"neelamani","Neelamani","Neelamani",27,"Sarasangi",5,"Bana (Arrows)","S R2 M1 P D1 N3 S'","S' N3 D1 P M1 R2 S","Shadava",No,"",Yes,""
"salavi","Salavi","Salavi",27,"Sarasangi",5,"Bana (Arrows)","S G3 R2 G3 M1 P D1 N3 D1 S'","S' N3 D1 P M1 G3 R2 S","Sampurna",No,"",Yes,""
"sarasanana","Sarasanana","Sarasānana",27,"Sarasangi",5,"Bana (Arrows)","S R2 G3 M1 D1 N3 S'","S' N3 D1 M1 G3 R2 S","Shadava",No,"",Yes,""
"saraseeruha","Saraseeruha","Saraseeruha",27,"Sarasangi",5,"Bana (Arrows)","S R2 G3 M1 D1 N1 D1 S'","S' N1 D1 M1 G3 R2","Shadava",No,"",Yes,""
"simhavahini","Simhavahini","Simhavāhini",27,"Sarasangi",5,"Bana (Arrows)","S G2 M1 P D1 N3 S'","S' N3 D1 P M1 G3 R2 S","Shadava-Sampurna",No,"",Yes,""
"surasena","Surasena","Surasena",27,"Sarasangi",5,"Bana (Arrows)","S R2 M1 P D1 S'","S' N3 D1 P M1 G3 S R2 S","Audava-Sampurna",No,"",Yes,""
"sutradhari-m27","Sutradhari","Sutradhāri",27,"Sarasangi",5,"Bana (Arrows)","(Also 20) S R2 M1 P D1 S'","S' D1 P M1 R2 S","Audava",No,"",Yes,""
"vasanthi","Vasanthi","Vasanthi",27,"Sarasangi",5,"Bana (Arrows)","S R2 G3 P D1 S'","S' D1 P G3 R2 S","Audava",No,"",Yes,""
"harikedaragowla","Harikedaragowla","Harikedāragowla",28,"Harikambhoji",5,"Bana (Arrows)","S R2 G3 M1 P D2 N2 S'","S' N2 D2 P M1 G3 R2 S","Sampurna",No,"",Yes,""
"ambhojini","Ambhojini","Ambhojini",28,"Harikambhoji",5,"Bana (Arrows)","S R2 G3 M1 D2 S'","S' D2 M1 G3 R2 S","Audava",No,"",Yes,""
"andhali","Andhali","Andhali",28,"Harikambhoji",5,"Bana (Arrows)","S R2 M1 P N2 S'","S' N2 P M1 R2 G3 M1 R2 S","Audava-Shadava",No,"",Yes,""
"aparoopam","Aparoopam","Aparoopam",28,"Harikambhoji",5,"Bana (Arrows)","S R2 G3 M1 P N2 D2 N2 S'","S' D2 M1 G3 R2 G3 S","Sampurna-Audava",No,"",Yes,""
"balahamsa","Balahamsa","Bālahamsa",28,"Harikambhoji",5,"Bana (Arrows)","S R2 M1 P D2 S'","S' N2 D2 P M1 R2 M1 G3 S","Audava-Sampurna",No,"",Yes,""
"bahudari","Bahudari","Bahudāri",28,"Harikambhoji",5,"Bana (Arrows)","S G3 M1 P D2 N2 S'","S' N2 P M1 G3 S","Shadava-Audava",No,"",Yes,""
"chayalagakhamas","Chayalagakhamas","Chāyalagakhamās",28,"Harikambhoji",5,"Bana (Arrows)","S M1 G3 M1 P D2 N2 S'","S' N2 D2 P M1 G3 R2 S","Shadava-Sampurna",No,"",Yes,""
"chayatarangini","Chayatarangini","Chāyatārangini",28,"Harikambhoji",5,"Bana (Arrows)","S R2 M1 G3 M1 P N2 S'","S' N2 D2 P M1 G3 R2 S","Shadava-Sampurna",No,"",Yes,""
"chandrahasitham","Chandrahasitham","Chandrahasitham",28,"Harikambhoji",5,"Bana (Arrows)","S R2 G3 M1 D2 N2 S'","S' N2 D2 M1 G3 R2 S","Shadava",No,"",Yes,""
"dasharatipriya","Dasharatipriya","Dasharatipriya",28,"Harikambhoji",5,"Bana (Arrows)","S M1 G3 M1 P D2 N2 D2 S'","S' N2 D2 P M1 G3 M1 R2 S","Shadava-Sampurna",No,"",Yes,""
"dayaranjani","Dayaranjani","Dayaranjani",28,"Harikambhoji",5,"Bana (Arrows)","S R2 M1 P D2 S'","S' N2 D2 M1 G3 S","Audava",No,"",Yes,""
"desh","Desh","Desh",28,"Harikambhoji",5,"Bana (Arrows)","S R2 M1 P N3 S'","S' N2 D2 P M1 G3 R2 S","Audava-Sampurna",Yes,"N3",Yes,"Hindustani equivalent"
"deshakshi","Deshakshi","Deshākshi",28,"Harikambhoji",5,"Bana (Arrows)","S R2 G3 P D2 S'","S' N2 D2 P M1 G3 R2 S","Audava-Sampurna",No,"",Yes,""
"deshkar","Deshkar","Deshkār",28,"Harikambhoji",5,"Bana (Arrows)","S R2 G3 P D2 S'","S' D2 P G3 R2 S","Audava",No,"",Yes,"Hindustani equivalent"
"dwaithachintamani","Dwaithachintamani","Dwaithachintāmani",28,"Harikambhoji",5,"Bana (Arrows)","S G3 M1 D2 N2 S S G3 M1 D2 N2 S","S N2 D2 M1 P G3 R2 S S N2 D2 M1 G3 R2 S","Audava-Sampurna",No,"",Yes,""
"dwijavanthi-jujavanthi","Dwijavanthi /Jujavanthi","Dwijāvanthi /Jujāvanthi",28,"Harikambhoji",5,"Bana (Arrows)","S R2 M1 G3 M1 P D2 S'","S' N2 D2 P M1 G3 M1 R2 G2 R2 S N2 D2 N2 S","Shadava-Sampurna",Yes,"G2 N3",Yes,""
"eeshamanohari","Eeshamanohari","Eeshamanohari",28,"Harikambhoji",5,"Bana (Arrows)","S R2 G3 M1 P D2 N2 S'","S' N2 D2 P M1 R2 M1 G3 R2 S","Sampurna",No,"",Yes,""
"eeshaivaridhi","Eeshaivaridhi","Eeshaivaridhi",28,"Harikambhoji",5,"Bana (Arrows)","S R2 M1 D2 N2 S'","S' N2 P M1 R2 S","Audava",No,"",Yes,""
"gandharalola","Gandharalola","Gāndhāralola",28,"Harikambhoji",5,"Bana (Arrows)","S R2 M1 P D2 S'","S' N2 D2 P M1 G3 M1 G3 R2 S","Audava-Sampurna",No,"",Yes,""
"gara-m28","Gara","Gāra",28,"Harikambhoji",5,"Bana (Arrows)","S G3 M1 P D2 N3 S'","S' N2 D2 P M1 G3 R2 G2 R2 S N3 S N2 D2 S","Shadava-Sampurna",Yes,"G2 D1 N3",Yes,"Hindustani equivalent"
"gavati","Gavati","Gavati",28,"Harikambhoji",5,"Bana (Arrows)","S M1 P N2 S'","S' D2 M1 P G3 M1 R2 N2 S","Swarantara-Sampurna",No,"",Yes,"Hindustani equivalent"
"guhamanohari","Guhamanohari","Guhamanohari",28,"Harikambhoji",5,"Bana (Arrows)","S R2 M1 D2 N2 S'","S' N2 D2 M1 R2 S","Audava",No,"",Yes,""
"guharanjani","Guharanjani","Guharanjani",28,"Harikambhoji",5,"Bana (Arrows)","S R2 S M1 P D2 N2 S'","S' N2 D2 N2 P M1 G3 S","Shadava",No,"",Yes,""
"hamsaroopini","Hamsaroopini","Hamsaroopini",28,"Harikambhoji",5,"Bana (Arrows)","S R2 G3 P D2 S'","S' N2 P M1 R2 S","Audava",No,"",Yes,""
"haridasapriya-m28","Haridasapriya","Haridasapriya",28,"Harikambhoji",5,"Bana (Arrows)","S P M1 G3 M1 P N2 S'","S' N2 D2 N2 P M1 G2 R2 S","Audava-Sampurna",No,"",Yes,""
"harikedaram","Harikedaram","Harikedāram",28,"Harikambhoji",5,"Bana (Arrows)","S R2 G3 M1 P D2 N2 S N2 S'","S' N2 S D2 N2 D2 P M1 G3 R2 S","Sampurna",No,"",Yes,""
"harini","Harini","Harini",28,"Harikambhoji",5,"Bana (Arrows)","S G3 M1 P D2 N2 D2 S'","S' N2 S N2 D2 P M1 G3 M1 G2 R2 S","Shadava-Sampurna",No,"",Yes,""
"harithapriya","Harithapriya","Harithapriya",28,"Harikambhoji",5,"Bana (Arrows)","S R2 M1 P D2 S'","S' N2 D2 P M1 G3 R2 G3 R2 S","Audava-Sampurna",No,"",Yes,""
"hemasaranga","Hemasaranga","Hemasāranga",28,"Harikambhoji",5,"Bana (Arrows)","S R2 G3 M1 P D2 N2 D2 S'","S' P M1 G3 R2 S","Sampurna-Audava",No,"",Yes,""
"jaijaiwanti","Jaijaiwanti","Jaijaiwanti",28,"Harikambhoji",5,"Bana (Arrows)","S D2 N2 R2 S R2 G3 M1 P M1 G3 M1 G3 R2 M1 P N3 S'","S' N2 D2 P D2 M1 G3 M1 R2 G2 R2 S N3 S","Sampurna",Yes,"G2 N3",Yes,"Hindustani equivalent"
"jaithshree","Jaithshree","Jaithshree",28,"Harikambhoji",5,"Bana (Arrows)","S R2 G3 P D2 S'","S' D2 P G3 R2 S","Audava",No,"",Yes,""
"jana-sammodhini","Jana Sammodhini","Jana Sammodhini",28,"Harikambhoji",5,"Bana (Arrows)","S R2 G3 P D2 N2 S'","S' N2 D2 P G3 R2 S","Shadava",No,"",Yes,""
"jayarama","Jayarama","Jayarāma",28,"Harikambhoji",5,"Bana (Arrows)","S R2 G3 M1 P D2 N2 S'","S' N2 D2 P M1 G3 S","Sampurna-Shadava",No,"",Yes,""
"jhinjoti","Jhinjoti","Jhinjoti",28,"Harikambhoji",5,"Bana (Arrows)","D2 S R2 G3 M1 P D2 N2","D2 P M1 G3 R2 S N2 D2 P D2 S","Sampurna",No,"",Yes,"Hindustani equivalent"
"jujahuli","Jujahuli","Jujahuli",28,"Harikambhoji",5,"Bana (Arrows)","S M1 G3 M1 P D2 N2 S'","S' N2 D2 P M1 G3 S","Shadava",No,"",Yes,""
"kambhoji","Kambhoji","Kāmbhoji",28,"Harikambhoji",5,"Bana (Arrows)","S R2 G3 M1 P D2 S'","S N2 D2 P M1 G3 R2 S N3 P D2 S'","Shadava-Sampurna",Yes,"N3",Yes,""
"kapi-narayani","Kapi Narayani","Kāpi Nārāyani",28,"Harikambhoji",5,"Bana (Arrows)","S R2 M1 P D2 N2 S'","S' N2 D2 P M1 G3 R2 S","Shadava-Sampurna",No,"",Yes,""
"khamaj","Khamaj","Khamāj",28,"Harikambhoji",5,"Bana (Arrows)","S G3 M1 P D2 N3 S'","S' N2 D2 P M1 G3 R2 S","Shadava-Sampurna",Yes,"N3",Yes,"Hindustani equivalent"
"kamas","Kamas","Kamās",28,"Harikambhoji",5,"Bana (Arrows)","S M1 G3 M1 P D2 N2 S'","S' N2 D2 P M1 G3 R2 S","Shadava-Sampurna",Yes,"N3",Yes,""
"karnataka-behag","Karnataka Behag","Karnātaka Behāg",28,"Harikambhoji",5,"Bana (Arrows)","S R2 G3 M1 P D2 N2 S'","S' N2 D2 N2 P D2 M1 G3 R2 S","Sampurna",No,"",Yes,""
"karnataka-devagandhari-m28","Karnataka Devagandhari","Karnātaka Devagāndhāri",28,"Harikambhoji",5,"Bana (Arrows)","S G3 M1 P N2 S'","S' N2 D2 P M1 G3 R2 S","Audava-Sampurna",No,"",Yes,""
"karnataka-khamas","Karnataka Khamas","Karnātaka Khamās",28,"Harikambhoji",5,"Bana (Arrows)","S G3 M1 P D2 N2 S'","S' N2 D2 P M1 G3 S","Shadava",No,"",Yes,""
"kedaragowla","Kedaragowla","Kedāragowla",28,"Harikambhoji",5,"Bana (Arrows)","S R2 M1 P N2 S'","S' N2 D2 P M1 G3 R2 S","Audava-Sampurna",No,"",Yes,""
"keshavapriya","Keshavapriya","Keshavapriyā",28,"Harikambhoji",5,"Bana (Arrows)","S R2 S M1 P D2 N2 S'","S' N2 S P M1 G3 R2 S","Shadava",No,"",Yes,""
"kokiladhwani","Kokiladhwani","Kokiladhwani",28,"Harikambhoji",5,"Bana (Arrows)","S R2 G3 M1 D2 N2 D2 S'","S' N2 D2 N2 P M1 G3 R2 S","Shadava-Sampurna",No,"",Yes,""
"kokilavarali","Kokilavarali","Kokilavarāli",28,"Harikambhoji",5,"Bana (Arrows)","S R2 M1 P D2 S'","S' N2 D2 M1 P M1 G3 R2 G3 S","Audava-Sampurna",No,"",Yes,""
"kunthalavarali","Kunthalavarali","Kunthalavarāli",28,"Harikambhoji",5,"Bana (Arrows)","S M1 P D2 N2 D2 S'","S' N2 D2 P M1 S","Audava",No,"",Yes,""
"malavi","Malavi","Mālavi",28,"Harikambhoji",5,"Bana (Arrows)","S R2 G3 M1 P N2 M1 D2 N2 S'","S' N2 D2 N2 P M1 G3 M1 R2 S","Sampurna",No,"",Yes,""
"madhurakokila","Madhurakokila","Madhurakokila",28,"Harikambhoji",5,"Bana (Arrows)","S R2 G3 D2 N2 S'","S' N2 D2 G3 R2 S","Audava",No,"",Yes,""
"mahathi","Mahathi","Mahathi",28,"Harikambhoji",5,"Bana (Arrows)","S G3 P N2 S'","S' N2 P G3 S","Swarantara",No,"",Yes,""
"mahuri","Mahuri","Mahuri",28,"Harikambhoji",5,"Bana (Arrows)","S R2 M1 G3 R2 G3 P D2 S'","S' N2 D2 P M1 G3 R2 S R2 G3 R2 S","Shadava-Sampurna",No,"",Yes,""
"manjupriya","Manjupriya","Manjupriya",28,"Harikambhoji",5,"Bana (Arrows)","S G3 M1 P N2 S'","S' N2 D2 P G3 R2 S","Audava-Shadava",No,"",Yes,""
"manoharam","Manoharam","Manoharam",28,"Harikambhoji",5,"Bana (Arrows)","S R2 G3 M1 D2 N2 S'","S' N2 P M1 R2 S","Shadava-Audava",No,"",Yes,""
"mattakokila","Mattakokila","Mattakokila",28,"Harikambhoji",5,"Bana (Arrows)","S R2 P D2 N2 D2 S'","S' D2 N2 D2 P R2 S","Audava",No,"",Yes,""
"meghana","Meghana","Meghana",28,"Harikambhoji",5,"Bana (Arrows)","S M1 G3 M1 P D2 S'","S' N2 D2 M1 G3 S","Audava",No,"",Yes,""
"mohanam","Mohanam","Mohanam",28,"Harikambhoji",5,"Bana (Arrows)","S R2 G3 P D2 S'","S' D2 P G3 R2 S","Audava",No,"",Yes,""
"nadavalli","Nadavalli","Nādavalli",28,"Harikambhoji",5,"Bana (Arrows)","S R2 M1 D2 N2 S'","S' N2 D2 M1 R2 S","Audava",No,"",Yes,""
"nagaswaravali","Nagaswaravali","Nāgaswarāvali",28,"Harikambhoji",5,"Bana (Arrows)","S G3 M1 P D2 S'","S' D2 P M1 G3 S","Audava",No,"",Yes,""
"narayanagowla","Narayanagowla","Nārāyanagowla",28,"Harikambhoji",5,"Bana (Arrows)","S R2 M1 P N2 D2 N2 S'","S' N2 D2 P M1 G3 R2 G3 S","Shadava-Sampurna",No,"",Yes,""
"narayani","Narayani","Nārāyani",28,"Harikambhoji",5,"Bana (Arrows)","S R2 M1 P D2 S'","S' N2 D2 P M1 R2 S","Audava-Shadava",No,"",Yes,""
"nattai-kurinji","Nattai Kurinji","Nāttai Kurinji",28,"Harikambhoji",5,"Bana (Arrows)","S R2 G3 M1 N2 D2 N2 P D2 N2 S S R2 G3 M1 D2 N2 S S R2 G3 M1 N2 D2 N2 P D2 N2 S'","S' N2 D2 M1 G3 M1 P G3 R2 S S N2 D2 M1 G3 S S N2 D2 M1 G3 M1 P M1 G3 R2 S","Sampurna",No,"",Yes,""
"nattai-narayani","Nattai Narayani","Nāttai Nārāyani",28,"Harikambhoji",5,"Bana (Arrows)","S R2 G3 M1 D2 N2 D2 S'","S' N2 D2 P M1 G3 M1 R2 S","Shadava-Sampurna",No,"",Yes,""
"nandhkowns","Nandhkowns","Nandhkowns",28,"Harikambhoji",5,"Bana (Arrows)","S G3 M1 P M1 D2 N2 S'","S' N2 D2 P M1 G3 S G3 S","Shadava",No,"",Yes,"Hindustani equivalent"
"narani","Narani","Narani",28,"Harikambhoji",5,"Bana (Arrows)","S R2 M1 P D2 S'","S' N2 D2 P M1 R2 S","Audava-Shadava",No,"",Yes,""
"navarasa-kalanidhi","Navarasa Kalanidhi","Navarasa Kalānidhi",28,"Harikambhoji",5,"Bana (Arrows)","S R2 M1 P S N2 S'","S' N2 D2 P M1 G3 R2 S","Audava-Sampurna",No,"",Yes,""
"navarasa-kannada","Navarasa kannada","Navarasa kannada",28,"Harikambhoji",5,"Bana (Arrows)","S G3 M1 P S'","S' N2 D2 M1 G3 R2 S","Swarantara-Shadava",No,"",Yes,""
"neela","Neela","Neela",28,"Harikambhoji",5,"Bana (Arrows)","S G3 M1 D2 N2 S'","S' N2 D2 M1 G3 S","Audava",No,"",Yes,""
"parsi","Parsi","Pārsi",28,"Harikambhoji",5,"Bana (Arrows)","S R2 G3 M1 D2 N2 S'","S' N2 D2 P M1 G3 R2 S","Shadava-Sampurna",No,"",Yes,""
"parameshwarapriya","Parameshwarapriya","Parameshwarapriyā",28,"Harikambhoji",5,"Bana (Arrows)","S R2 G3 M1 P N2 S'","S' N2 P M1 R2 S","Shadava-Audava",No,"",Yes,""
"pashupathipriya","Pashupathipriya","Pashupathipriyā",28,"Harikambhoji",5,"Bana (Arrows)","S R2 M1 P M1 D2 S'","S' D2 M1 P R2 M1 S","Audava",No,"",Yes,""
"poornakambhoji","Poornakambhoji","Poornakāmbhoji",28,"Harikambhoji",5,"Bana (Arrows)","S R2 G3 M1 P N2 S'","S' D2 P M1 G3 R2 S","Shadava",No,"",Yes,""
"pratapa-nattai","Pratapa Nattai","Pratāpa Nāttai",28,"Harikambhoji",5,"Bana (Arrows)","S R2 G3 M1 D2 P D2 N3 S'","S' N3 D2 P M1 G3 S","Sampurna-Shadava",No,"",Yes,""
"pratapavarali","Pratapavarali","Pratāpavarāli",28,"Harikambhoji",5,"Bana (Arrows)","S R2 M1 P D2 P S'","S' D2 P M1 G3 R2 S","Audava-Shadava",No,"",Yes,""
"pravalajyoti","Pravalajyoti","Pravalajyoti",28,"Harikambhoji",5,"Bana (Arrows)","S R2 M1 P D2 N2 S'","S' N2 D2 P M1 G3 S","Shadava",No,"",Yes,""
"ragapanjaramu","Ragapanjaramu","Rāgapanjaramu",28,"Harikambhoji",5,"Bana (Arrows)","S R2 M1 P D2 N2 D2 S'","S' N2 D2 M1 R2 S","Shadava-Audava",No,"",Yes,""
"ragavinodini","Ragavinodini","Rāgavinodini",28,"Harikambhoji",5,"Bana (Arrows)","S R2 G3 M1 D2 S'","S' D2 M1 G3 R2 S","Audava",No,"",Yes,""
"rageshree","Rageshree","Rāgeshree",28,"Harikambhoji",5,"Bana (Arrows)","S G3 M1 D2 N2 S S G3 M1 D2 N2 S S G3 M1 D2 N2 S'","S' N2 D2 M1 G3 R2 S S N2 D2 M1 G3 R2 S S N2 D2 N3 D2 M1 G3 R2 S","Audava-Shadava",No,"",Yes,""
"ravi-chandrika","Ravi Chandrika","Ravi Chandrikā",28,"Harikambhoji",5,"Bana (Arrows)","S R2 G3 M1 D2 S'","S' N2 D2 M1 G3 R2 S","Audava-Shadava",No,"",Yes,""
"savithri","Savithri","Sāvithri",28,"Harikambhoji",5,"Bana (Arrows)","S G3 M1 P N2 S'","S' N2 P M1 G3 S","Audava",No,"",Yes,""
"sahana-m28","Sahana","Sahāna",28,"Harikambhoji",5,"Bana (Arrows)","S R2 G3 M1 P M1 D2 N2 S'","S' N2 S D2 N2 D2 P M1 G3 M1 R2 G3 R2 S","Sampurna",No,"",Yes,""
"saraswathi-manohari","Saraswathi Manohari","Saraswathi Manohari",28,"Harikambhoji",5,"Bana (Arrows)","S R2 G3 M1 D2 S'","S' D2 N2 P M1 G3 R2 S","Audava-Sampurna",No,"",Yes,""
"sathvamanjari","Sathvamanjari","Sathvamanjari",28,"Harikambhoji",5,"Bana (Arrows)","S R2 M1 P D2 S'","S' N2 D2 P M1 N2 D2 M1 R2 S","Audava-Shadava",No,"",Yes,""
"shakunthala","Shakunthala","Shakunthala",28,"Harikambhoji",5,"Bana (Arrows)","S R2 G3 M1 D2 N2 S'","S' N2 D2 M1 G3 S","Shadava-Audava",No,"",Yes,""
"shankaraharigowla","Shankaraharigowla","Shankaraharigowla",28,"Harikambhoji",5,"Bana (Arrows)","S R2 G3 M1 P D2 N3 S'","S' N2 D2 P M1 G3 R2 S","Sampurna",No,"",Yes,""
"shenchukambhoji","Shenchukambhoji","Shenchukāmbhoji",28,"Harikambhoji",5,"Bana (Arrows)","S P M1 D2 N2 S'","S' N2 D2 P M1 G3 R2 S","Audava-Sampurna",No,"",Yes,""
"chenjurutti","Chenjurutti","Chenjurutti",28,"Harikambhoji",5,"Bana (Arrows)","D2 S R2 G3 M1 P D2 N2","N2 D2 P M1 G3 R2 S N2 D2 P D2 S","Sampurna",Yes,"G2",Yes,""
"shiva-kambhoji","Shiva Kambhoji","Shiva Kāmbhoji",28,"Harikambhoji",5,"Bana (Arrows)","S R2 G3 M1 N2 S'","S' N2 P M1 G3 R2 S","Audava-Shadava",No,"",Yes,""
"surutti","Surutti","Surutti",28,"Harikambhoji",5,"Bana (Arrows)","S R2 M1 P N2 D2 N2 S'","S' N2 D2 P M1 G3 P M1 R2 S","Shadava-Sampurna",No,"",Yes,""
"shyama","Shyama","Shyāmā",28,"Harikambhoji",5,"Bana (Arrows)","S R2 M1 P D2 S S R2 G3 S R2 P M1 D2 D2 S","S D2 P M1 G3 R2 S S D2 P M1 G3 R2 S","Shadava",No,"",Yes,""
"simhavikrama","Simhavikrama","Simhavikrama",28,"Harikambhoji",5,"Bana (Arrows)","S R2 G3 R2 M1 P D2 P N2 S'","S' N2 D2 P M1 G3 R2 S","Sampurna",No,"",Yes,""
"sindhu-kannada","Sindhu Kannada","Sindhu Kannada",28,"Harikambhoji",5,"Bana (Arrows)","S M1 G3 M1 R2 G3 M1 P D2 P S'","S' N2 D2 P M1 G3 R2 S","Shadava-Sampurna",No,"",Yes,""
"sindhu-surutti","Sindhu Surutti","Sindhu Surutti",28,"Harikambhoji",5,"Bana (Arrows)","S R2 M1 P N2 S S N2 S'","S' N2 D2 P M1 R2 M1 G3 R2 S","Audava-Sampurna",No,"",Yes,""
"suddha-khamas","Suddha Khamas","Suddha Khamās",28,"Harikambhoji",5,"Bana (Arrows)","S M1 G3 M1 P D2 N2 S'","S' N2 D2 P M1 G3 R2 S","Shadava-Sampurna",No,"",Yes,""
"suddha-varali","Suddha Varali","Suddha Varāli",28,"Harikambhoji",5,"Bana (Arrows)","S R2 G3 M1 D2 N2 S'","S' N2 D2 N2 P M1 G3 S","Shadava",No,"",Yes,""
"suddha","Suddha","Suddha",28,"Harikambhoji",5,"Bana (Arrows)","S R2 M1 P D2 S'","S' N2 D2 P M1 R2 S","Audava-Shadava",No,"",Yes,""
"suddhatarangini","Suddhatarangini","Suddhatarangini",28,"Harikambhoji",5,"Bana (Arrows)","S R2 M1 P D2 S'","S' N2 D2 P M1 G3 R2 S","Audava-Sampurna",No,"",Yes,""
"sumanapriya","Sumanapriya","Sumanapriyā",28,"Harikambhoji",5,"Bana (Arrows)","S R2 G3 M1 P D2 P S'","S' D2 S P M1 G3 R2 S","Shadava",No,"",Yes,""
"suposhini","Suposhini","Suposhini",28,"Harikambhoji",5,"Bana (Arrows)","S R2 S M1 P N2 D2 S'","S' D2 P M1 R2 M1 S","Shadava-Audava",No,"",Yes,""
"suvarnakriya","Suvarnakriya","Suvarnakriyā",28,"Harikambhoji",5,"Bana (Arrows)","S R2 G3 P N2 D2 S'","S' N2 P G3 R2 S","Shadava-Audava",No,"",Yes,""
"swaravali","Swaravali","Swarāvali",28,"Harikambhoji",5,"Bana (Arrows)","S M1 G3 M1 P N2 D2 N2 S'","S' N2 D2 P M1 G3 R2 S","Shadava-Sampurna",No,"",Yes,""
"swaravedi","Swaravedi","Swaravedi",28,"Harikambhoji",5,"Bana (Arrows)","S M1 G3 M1 P N2 D2 N2 S'","S' N2 D2 P M1 G3 S","Shadava",No,"",Yes,""
"tilakavathi","Tilakavathi","Tilakavathi",28,"Harikambhoji",5,"Bana (Arrows)","S R2 G3 M1 P D2 P S'","S' D2 P M1 R2 S","Shadava-Audava",No,"",Yes,""
"tilang","Tilang","Tilang",28,"Harikambhoji",5,"Bana (Arrows)","S G3 M1 P N3 S'","S' N2 P M1 G3 S","Audava",Yes,"N3",Yes,"Hindustani equivalent"
"umabharanam","Umabharanam","Umābharanam",28,"Harikambhoji",5,"Bana (Arrows)","S R2 G3 M1 P D2 N2 S'","S' N2 P M1 R2 G3 M1 R2 S","Sampurna-Shadava",No,"",Yes,""
"vaishnavi","Vaishnavi","Vaishnavi",28,"Harikambhoji",5,"Bana (Arrows)","S R2 G3 M1 P D2 S'","S' D2 P M1 G3 R2 S","Shadava",No,"",Yes,""
"veenavadini","Veenavadini","Veenavadini",28,"Harikambhoji",5,"Bana (Arrows)","S R2 G3 P N2 S'","S' N2 P G3 R2 S","Audava",No,"",Yes,""
"vivardhani","Vivardhani","Vivardhani",28,"Harikambhoji",5,"Bana (Arrows)","S R2 M1 P S'","S' N2 D2 P M1 G3 R2 S","Swarantara-Sampurna",No,"",Yes,""
"yadukula-kambhoji","Yadukula Kambhoji","Yadukula Kāmbhoji",28,"Harikambhoji",5,"Bana (Arrows)","S R2 M1 P D2 S'","S' N2 D2 P M1 G3 R2 S","Audava-Sampurna",No,"",Yes,""
"anandharoopa","Anandharoopa","Ānandharoopa",29,"Dheerasankarabharanam",5,"Bana (Arrows)","S R2 G3 P D2 N3 S'","S' N3 D2 P G3 R2 S","Shadava",No,"",Yes,""
"arabhi","Arabhi","Ārabhi",29,"Dheerasankarabharanam",5,"Bana (Arrows)","S R2 M1 P D2 S S R2 M1 P D2 S'","S' N3 D2 P M1 G3 R2 S S D2 P M1 G3 R2 S","Audava-Sampurna",No,"",Yes,""
"atana","Atana","Atāna",29,"Dheerasankarabharanam",5,"Bana (Arrows)","S R2 M1 P N2 S'","S' N2 D2 P M1 G2 M1 R2 S","Audava-Sampurna",Yes,"G2 N2",Yes,""
"bangala","Bangala","Bangāla",29,"Dheerasankarabharanam",5,"Bana (Arrows)","S R2 G3 M1 P M1 R2 P S'","S' N3 P M1 R2 G3 M1 R2 S","Audava-Shadava",No,"",Yes,""
"begada","Begada","Begada",29,"Dheerasankarabharanam",5,"Bana (Arrows)","S G3 R2 G3 M1 P D2 P S'","S' N3 D2 P M1 G3 R2 S","Shadava-Sampurna",No,"",Yes,""
"behag","Behag","Behāg",29,"Dheerasankarabharanam",5,"Bana (Arrows)","S G3 M1 P N3 D2 N3 S'","S' N3 D2 P M1 G3 R2 S","Shadava-Sampurna",Yes,"M2 N2",Yes,"Carnatic adaptation"
"behag-deshikam","Behag Deshikam","Behāg Deshikam",29,"Dheerasankarabharanam",5,"Bana (Arrows)","S R2 G3 M1 M2 P D2 N3 S'","S' N3 D2 P M2 M1 G3 R2 S","Sampurna",No,"",Yes,""
"bihag-original-hindustani-","Bihag {Original/Hindustani}","Bihag {Original/Hindustani}",29,"Dheerasankarabharanam",5,"Bana (Arrows)","N3 S G3 M1 P N3 S'","S' N3 D2 P M2 P G3 M1 G3 R2 S","Audava-Sampurna",Yes,"M2",Yes,""
"bilahari","Bilahari","Bilahari",29,"Dheerasankarabharanam",5,"Bana (Arrows)","S R2 G3 P D2 S'","S' N3 D2 P M1 G3 R2 S","Audava-Sampurna",Yes,"N2",Yes,""
"buddhamanohari","Buddhamanohari","Buddhamanohari",29,"Dheerasankarabharanam",5,"Bana (Arrows)","S R2 G3 M1 S P S'","S' P M1 G3 R2 S","Audava",No,"",Yes,""
"buddharanjani","Buddharanjani","Buddharanjani",29,"Dheerasankarabharanam",5,"Bana (Arrows)","S R2 G3 M1 P S'","S' N3 P M1 G3 M1 R2 S","Audava-Shadava",No,"",Yes,""
"chaya","Chaya","Chāyā",29,"Dheerasankarabharanam",5,"Bana (Arrows)","S P M1 P D2 P N3 R2 S'","S' D2 P M1 P D2 P G3 M1 R2 S","Shadava",No,"",Yes,""
"chayashankarabharanam","Chayashankarabharanam","Chāyashankarābharanam",29,"Dheerasankarabharanam",5,"Bana (Arrows)","S R1 M1 P D2 N3 S'","S' N3 D2 P M1 G3 R1 S","Shadava-Sampurna",No,"",Yes,""
"devagandhari","Devagandhari","Devagāndhāri",29,"Dheerasankarabharanam",5,"Bana (Arrows)","S R2 M1 P D2 S'","S' N3 D2 P M1 G3 R2 S","Audava-Sampurna",Yes,"N2",Yes,""
"dharmalakhi","Dharmalakhi","Dharmalakhi",29,"Dheerasankarabharanam",5,"Bana (Arrows)","S M1 P D2 N3 S'","S' N3 D2 P M1 S","Audava",No,"",Yes,""
"dhurvanki","Dhurvanki","Dhurvanki",29,"Dheerasankarabharanam",5,"Bana (Arrows)","S R2 M1 P D2 S'","S' N3 D2 P M1 G3 R2 S","Audava-Sampurna",No,"",Yes,""
"durga","Durga","Durga",29,"Dheerasankarabharanam",5,"Bana (Arrows)","S R2 M1 D2 P D2 S'","S' D2 P M1 R2 S","Audava",No,"",Yes,"Hindustani equivalent"
"gajagowri","Gajagowri","Gajagowri",29,"Dheerasankarabharanam",5,"Bana (Arrows)","S R2 M1 G3 M1 N3 P D2 S'","S' N3 D2 P M1 P M1 G3 R2 S","Sampurna",No,"",Yes,""
"garudadhvani","Garudadhvani","Garudadhvani",29,"Dheerasankarabharanam",5,"Bana (Arrows)","S R2 G3 M1 P D2 N3 S'","S' D2 P G3 R2 S","Sampurna-Audava",No,"",Yes,""
"gowdamalhar","Gowdamalhar","Gowdamalhār",29,"Dheerasankarabharanam",5,"Bana (Arrows)","S R2 M1 P D2 S'","S' N3 M1 G3 R2 S","Audava",No,"",Yes,""
"hamsadhwani","Hamsadhwani","Hamsadhwani",29,"Dheerasankarabharanam",5,"Bana (Arrows)","S R2 G3 P N3 S'","S' N3 P G3 R2 S","Audava",No,"",Yes,""
"hamsavinodhini","Hamsavinodhini","Hamsavinodhini",29,"Dheerasankarabharanam",5,"Bana (Arrows)","S R2 G3 M1 D2 N3 S'","S' N3 D2 M1 G3 R2 S","Shadava",No,"",Yes,""
"hemant","Hemant","Hemant",29,"Dheerasankarabharanam",5,"Bana (Arrows)","N3 S D2 N3 S G3 G3 M1 D2 N3 S'","S' N3 D2 P M1 G3 R2 S","Audava-Sampurna",No,"",Yes,"Hindustani equivalent"
"jana-ranjani","Jana Ranjani","Jana Ranjani",29,"Dheerasankarabharanam",5,"Bana (Arrows)","S R2 G3 M1 P D2 P N3 S'","S' D2 P M1 R2 S","Sampurna-Audava",No,"",Yes,""
"julavu","Julavu","Julavu",29,"Dheerasankarabharanam",5,"Bana (Arrows)","P D2 N3 S R2 G3 M1 P","M1 G3 R2 S N3 D2 P M1","Sampurna",No,"",Yes,""
"kamaripriya","Kamaripriya","Kamaripriyā",29,"Dheerasankarabharanam",5,"Bana (Arrows)","S G3 M1 D2 N3 S'","S' N3 D2 M1 M1 G3 M1 R2 S","Audava-Shadava",No,"",Yes,""
"kannada","Kannada","Kannada",29,"Dheerasankarabharanam",5,"Bana (Arrows)","S R2 G3 M1 P M1 D2 N3 S'","S' N3 S D2 P M1 G3 M1 G3 M1 R2 S","Sampurna",No,"",Yes,""
"kathanakuthuhalam","Kathanakuthuhalam","Kathanakuthuhalam",29,"Dheerasankarabharanam",5,"Bana (Arrows)","S R2 M1 D2 N3 G3 P S'","S' N3 D2 P M1 G3 R2 S","Sampurna",No,"",Yes,""
"kaushikadhwani-bhinna-shadaj","Kaushikadhwani / Bhinna shadaj","Kaushikadhwani / Bhinna shadaj",29,"Dheerasankarabharanam",5,"Bana (Arrows)","S G3 M1 D2 N3 S'","S' N3 D2 M1 G3 S","Audava",No,"",Yes,"Hindustani equivalent"
"kedaram","Kedaram","Kedaram",29,"Dheerasankarabharanam",5,"Bana (Arrows)","S M1 G3 M1 P N3 S'","S' N3 P M1 G3 R2 S","Audava-Shadava",No,"",Yes,""
"kokilabhashani","Kokilabhashani","Kokilabhāshani",29,"Dheerasankarabharanam",5,"Bana (Arrows)","S R2 G3 M1 P D2 N3 S'","S' N3 P M1 G3 M1 R2 S","Sampurna-Shadava",No,"",Yes,""
"kolahalam","Kolahalam","Kolahalam",29,"Dheerasankarabharanam",5,"Bana (Arrows)","S P M1 G3 M1 P D2 N3 S'","S' N3 D2 P M1 G3 R2 S","Shadava-Sampurna",No,"",Yes,""
"kurinji","Kurinji","Kurinji",29,"Dheerasankarabharanam",5,"Bana (Arrows)","S N3 S R2 G3 M1 P D2","D2 P M1 G3 R2 S N3 S","Sampurna",No,"",Yes,""
"kusumavichithra","Kusumavichithra","Kusumavichithra",29,"Dheerasankarabharanam",5,"Bana (Arrows)","S G3 R2 G3 M1 P N3 P D2 N3 S'","S' D2 N3 D2 M1 G3 P M1 G3 R2 S","Sampurna",No,"",Yes,""
"kutuhala","Kutuhala","Kutuhala",29,"Dheerasankarabharanam",5,"Bana (Arrows)","S R2 M1 N3 D2 P N3 S'","S' N3 D2 P M1 G3 R2 S","Shadava-Sampurna",No,"",Yes,""
"lahari","Lahari","Lahari",29,"Dheerasankarabharanam",5,"Bana (Arrows)","S R2 G3 P D2 S'","S' D2 P M1 G3 R2 S","Audava-Shadava",No,"",Yes,""
"mand","Mand","Mānd",29,"Dheerasankarabharanam",5,"Bana (Arrows)","S G3 M1 D2 N3 S'","S' N3 D2 P M1 G3 R2 S","Audava-Sampurna",Yes,"R1 G2 M2 D1 N2",Yes,"Hindustani equivalent"
"mayadravila","Mayadravila","Māyadravila",29,"Dheerasankarabharanam",5,"Bana (Arrows)","S R2 G3 M1 P D2 N3 S'","S' N2 P M1 P G3 M1 R2 S","Sampurna-Shadava",No,"",Yes,""
"mohanadhwani","Mohanadhwani","Mohanadhwani",29,"Dheerasankarabharanam",5,"Bana (Arrows)","S R2 G3 P D2 S'","S' N3 P D2 P G3 R2 S","Audava-Shadava",No,"",Yes,""
"nagabhooshani","Nagabhooshani","Nāgabhooshani",29,"Dheerasankarabharanam",5,"Bana (Arrows)","S R2 M1 P D2 N3 S'","S' D2 P M1 R2 S","Shadava-Audava",No,"",Yes,""
"nagadhwani","Nagadhwani","Nāgadhwani",29,"Dheerasankarabharanam",5,"Bana (Arrows)","S R2 S M1 G3 M1 P N3 D2 N3 S'","S' N3 D2 N3 P M1 G3 S","Sampurna-Shadava",No,"",Yes,""
"narayanadeshakshi","Narayanadeshakshi","Nārāyanadeshākshi",29,"Dheerasankarabharanam",5,"Bana (Arrows)","S R2 M1 G3 R2 G3 M1 P D2 N3 S'","S' N3 D2 P M1 G3 R2 S","Sampurna",No,"",Yes,""
"navaroj","Navaroj","Navaroj",29,"Dheerasankarabharanam",5,"Bana (Arrows)","P D2 N3 S R2 G3 M1 P","M1 G1 R3 S N2 D2 P","Sampurna",Yes,"N2",Yes,""
"neelambari","Neelambari","Neelāmbari",29,"Dheerasankarabharanam",5,"Bana (Arrows)","S R2 G3 M1 P D2 P N3 S'","S' N3 P M1 G3 R2 G3 S","Sampurna-Shadava",Yes,"N2",Yes,""
"niroshta","Niroshta","Niroshta",29,"Dheerasankarabharanam",5,"Bana (Arrows)","S R2 G3 D2 N3 S'","S' N3 D2 G3 R2 S","Audava",No,"",Yes,""
"pahadi","Pahadi","Pahādi",29,"Dheerasankarabharanam",5,"Bana (Arrows)","S R2 G3 P D2 P D2 S","N3 D2 P G3 M1 G3 R2 S N3 D2 P D2 S","Audava-Sampurna",Yes,"R1 G2 M2 D1 N2",Yes,"Hindustani equivalent"
"poornachandrika","Poornachandrika","Poornachandrika",29,"Dheerasankarabharanam",5,"Bana (Arrows)","S R2 G3 M1 P D2 P S'","S' N3 P M1 R2 G3 M1 R2 S","Shadava",No,"",Yes,""
"poornagowla","Poornagowla","Poornagowla",29,"Dheerasankarabharanam",5,"Bana (Arrows)","S R2 G3 M1 P N3 D2 N3 P D2 N3 S'","S' N3 D2 N3 P M1 G3 R2 S","Sampurna",No,"",Yes,""
"poorvagowla","Poorvagowla","Poorvagowla",29,"Dheerasankarabharanam",5,"Bana (Arrows)","S G3 R2 G3 S R2 M1 P D2 N3 S'","S' N3 D2 P M1 G3 R2 S","Sampurna",No,"",Yes,""
"rathnabhooshani","Rathnabhooshani","Rathnabhooshani",29,"Dheerasankarabharanam",5,"Bana (Arrows)","S R2 G3 M1 P S'","S' P M1 G3 R2 S","Audava",No,"",Yes,""
"reetuvilasa","Reetuvilasa","Reetuvilāsa",29,"Dheerasankarabharanam",5,"Bana (Arrows)","S G3 M1 P D2 N3 S'","S' N3 D2 P M1 G3 S","Shadava",No,"",Yes,""
"saranga-mallar","Saranga Mallar","Sāranga Mallār",29,"Dheerasankarabharanam",5,"Bana (Arrows)","S R2 M1 P D2 N3 S'","S' N3 D2 P M1 R2 S N3 S","Shadava",No,"",Yes,""
"shankara","Shankara","Shankara",29,"Dheerasankarabharanam",5,"Bana (Arrows)","S G3 P S'","S' N3 D2 P G3 P R2 G3 S","Swarantara-Shadava",No,"",Yes,""
"shankara-m29","Shankara","Shankara",29,"Dheerasankarabharanam",5,"Bana (Arrows)","S G3 P N3 D2 S' N3 S'","S' N3 D2 P G3 P G3 R2 S","Audava-Shadava",No,"",Yes,"Hindustani equivalent"
"shankaraharigowla-m29","Shankaraharigowla","Shankaraharigowla",29,"Dheerasankarabharanam",5,"Bana (Arrows)","S R2 G3 M1 P D2 N3 S'","S' N2 D2 P M1 G3 R2 S","Sampurna",No,"",Yes,""
"shankaramohana","Shankaramohana","Shankaramohana",29,"Dheerasankarabharanam",5,"Bana (Arrows)","S R2 G3 P N3 D2 S N3","S D2 P G3 R2 S","Shadava-Audava",No,"",Yes,""
"shankari","Shankari","Shankari",29,"Dheerasankarabharanam",5,"Bana (Arrows)","S G3 P N3 S'","S' N3 P G3 S","Swarantara",No,"",Yes,""
"sindhu","Sindhu","Sindhu",29,"Dheerasankarabharanam",5,"Bana (Arrows)","S M1 P D2 S'","S' N3 D2 M1 P M1 G3 R2 S","Swarantara-Sampurna",No,"",Yes,""
"sindhu-mandari","Sindhu Mandari","Sindhu Mandāri",29,"Dheerasankarabharanam",5,"Bana (Arrows)","S R2 G3 M1 P S'","S' N3 D2 P G3 M1 P M1 R2 S","Audava-Sampurna",No,"",Yes,""
"suddha-malavi","Suddha Malavi","Suddha Mālavi",29,"Dheerasankarabharanam",5,"Bana (Arrows)","S R2 G3 M1 P N3 S'","S' D2 N3 P M1 G3 R2 S","Shadava-Sampurna",No,"",Yes,""
"suddha-sarang","Suddha Sarang","Suddha Sārang",29,"Dheerasankarabharanam",5,"Bana (Arrows)","S R2 G3 M1 P D2 N3 D2 S'","S' D2 P M1 R2 G3 R2 S","Sampurna-Shadava",No,"",Yes,""
"suddha-saveri","Suddha Saveri","Suddha Sāveri",29,"Dheerasankarabharanam",5,"Bana (Arrows)","S R2 M1 P D2 S'","S' D2 P M1 R2 S","Audava",No,"",Yes,""
"suddha-vasantha","Suddha Vasantha","Suddha Vasantha",29,"Dheerasankarabharanam",5,"Bana (Arrows)","S R2 G3 M1 P N3 S'","S' N3 D2 N3 P M1 G3 S","Shadava",No,"",Yes,""
"suranandini","Suranandini","Suranandini",29,"Dheerasankarabharanam",5,"Bana (Arrows)","S R2 G3 P D2 N3 S'","S' N3 D2 P G3 R2 S","Shadava",No,"",Yes,""
"suraranjani","Suraranjani","Suraranjani",29,"Dheerasankarabharanam",5,"Bana (Arrows)","S G3 P R2 M1 D2 S'","S' N3 D2 P M1 G3 R2 S","Shadava-Sampurna",No,"",Yes,""
"tandavam","Tandavam","Tāndavam",29,"Dheerasankarabharanam",5,"Bana (Arrows)","S G3 P D2 N3 S'","S' N3 D2 P G3 S","Audava",No,"",Yes,""
"vallabhi","Vallabhi","Vallabhi",29,"Dheerasankarabharanam",5,"Bana (Arrows)","S R2 G3 M1 P D2 N3 S'","S' N3 D2 N3 D2 P M1 P G3 M1 R2 S","Sampurna",No,"",Yes,""
"vasanthamalai","Vasanthamalai","Vasanthamalai",29,"Dheerasankarabharanam",5,"Bana (Arrows)","S R2 M1 P N3 S'","S' D2 P M1 R2 S","Audava",No,"",Yes,""
"vedhandhagamana","Vedhandhagamana","Vedhāndhagamana",29,"Dheerasankarabharanam",5,"Bana (Arrows)","S G3 M1 P N3 S'","S' N3 P M1 G3 S","Audava",No,"",Yes,""
"veerapratapa","Veerapratapa","Veerapratāpa",29,"Dheerasankarabharanam",5,"Bana (Arrows)","S G3 M1 P D2 S'","S' N3 D2 P M1 G3 R2 S","Audava-Sampurna",No,"",Yes,""
"vilasini","Vilasini","Vilāsini",29,"Dheerasankarabharanam",5,"Bana (Arrows)","S R2 G3 M1 P N3 S'","S' N3 P M1 G3 R2 S","Shadava",No,"",Yes,""
"nagabharanam","Nagabharanam","Nāgabharanam",30,"Naganandini",5,"Bana (Arrows)","S R2 G2 M1 P D3 N3 S'","S' N3 D3 P M1 G2 R2 S","Sampurna",No,"",Yes,""
"gambheeravani","Gambheeravani","Gambheeravani",30,"Naganandini",5,"Bana (Arrows)","S G3 P M1 D3 N3 S'","S' N3 P M1 G3 R2 G3 R2 S","Shadava",No,"",Yes,""
"lalithagandharva","Lalithagandharva","Lalithagāndharva",30,"Naganandini",5,"Bana (Arrows)","S R2 G3 M1 P D3 N3 S'","S' N3 P G3 R2 S","Sampurna-Audava",No,"",Yes,""
"samanta","Samanta","Sāmanta",30,"Naganandini",5,"Bana (Arrows)","S R2 G3 M1 P D3 N3 S'","S' N3 D3 N3 D3 P M1 G3 R2 S","Sampurna",No,"",Yes,""
"kalavathi","Kalavathi","Kalāvathi",31,"Yagapriya",6,"Ritu (Seasons)","S R3 G3 M1 P D1 N1 S'","S' N1 D1 P M1 G3 R3 S","Sampurna",No,"",Yes,""
"damarugapriya","Damarugapriya","Damarugapriya",31,"Yagapriya",6,"Ritu (Seasons)","S R3 G3 P D1 N1 S'","S' N1 D1 P G3 R3 S","Shadava",No,"",Yes,""
"desharanjani","Desharanjani","Desharanjani",31,"Yagapriya",6,"Ritu (Seasons)","S R3 M1 P D1 N1 S'","S' N1 D1 P M1 R3 S","Shadava",No,"",Yes,""
"deshyathodi","Deshyathodi","Deshyathodi",31,"Yagapriya",6,"Ritu (Seasons)","S G2 M1 P D1 N2 S'","S' N2 D1 P M1 G2 R1 S","Shadava-Sampurna",No,"",Yes,""
"kalahamsa","Kalahamsa","Kalāhamsa",31,"Yagapriya",6,"Ritu (Seasons)","S R3 G3 M1 P D1 S'","S' N1 D1 P M1 G3 R3 S","Shadava-Sampurna",No,"",Yes,""
"niranjani","Niranjani","Niranjani",31,"Yagapriya",6,"Ritu (Seasons)","S R3 M1 D1 N1 S'","S' N1 D1 M1 R3 S","Audava",No,"",Yes,""
"prathapahamsi","Prathapahamsi","Prathāpahamsi",31,"Yagapriya",6,"Ritu (Seasons)","S G3 M1 P N1 D1 N1 S'","S' N1 D1 P M1 G3 M1 R3 S","Shadava-Sampurna",No,"",Yes,""
"ragachoodamani","Ragachoodamani","Rāgachoodāmani",32,"Ragavardhini",6,"Ritu (Seasons)","S R3 G3 M1 P N2 S'","S' N2 D1 M1 R3 G3 S","Shadava",No,"",Yes,""
"amudagandhari","Amudagandhari","Amudagāndhāri",32,"Ragavardhini",6,"Ritu (Seasons)","S G3 M1 P D1 N2 S'","S' N2 D1 P M1 G3 R3 S","Shadava-Sampurna",No,"",Yes,""
"dhowmya","Dhowmya","Dhowmya",32,"Ragavardhini",6,"Ritu (Seasons)","S R3 G3 M1 P D1 N2 P S'","S' N2 D1 P M1 G3 R3 S","Sampurna",No,"",Yes,""
"hindoladarbar","Hindoladarbar","Hindoladarbār",32,"Ragavardhini",6,"Ritu (Seasons)","S G3 M1 P S'","S' N2 D1 P M1 R3 S","Swarantara-Shadava",No,"",Yes,""
"ramya","Ramya","Ramyā",32,"Ragavardhini",6,"Ritu (Seasons)","S R3 G3 M1 P D1 N2 P S'","S' N2 D1 P M1 G3 R3 S","Sampurna",No,"",Yes,""
"samantajingala","Samantajingala","Sāmantajingala",32,"Ragavardhini",6,"Ritu (Seasons)","S R3 G3 M1 P D1 N2 S'","S' N2 P D1 N2 P M1 G3 M1 R3 G3 S","Sampurna",No,"",Yes,""
"gangatarangini","Gangatarangini","Gangātarangini",33,"Gangeyabhushani",6,"Ritu (Seasons)","S R3 G3 M1 P D1 N3 S'","S' N3 D1 P M1 M1 G3 M1 R3 S","Sampurna",No,"",Yes,""
"amarasindhu","Amarasindhu","Amarasindhu",34,"Vagadheeswari",6,"Ritu (Seasons)","S R3 G3 P D2 N2 S'","S' N2 D2 P G3 R3 S","Shadava",No,"",Yes,""
"bhogachaya-nattai","Bhogachaya Nattai","Bhogachāyā Nāttai",34,"Vagadheeswari",6,"Ritu (Seasons)","S R3 G3 R3 G3 M1 P N2 N2 S'","S' N2 D2 N2 P S N2 P M1 M1 R3 S","Shadava",No,"",Yes,""
"bhanumanjari","Bhanumanjari","Bhānumanjari",34,"Vagadheeswari",6,"Ritu (Seasons)","S R3 G3 M1 P N2 S'","S' N2 P M1 R3 G3 R3 S","Shadava",No,"",Yes,""
"chayanattai","Chayanattai","Chāyanāttai",34,"Vagadheeswari",6,"Ritu (Seasons)","S R3 G3 M1 P M1 P S'","S' N2 D2 N2 P M1 R3 S","Audava-Shadava",No,"",Yes,""
"maghathi","Maghathi","Maghathi",34,"Vagadheeswari",6,"Ritu (Seasons)","S R3 M1 P D2 N2 S'","S' N2 D2 P M1 R3 S","Shadava",No,"",Yes,""
"dravida-kalavati","Dravida Kalavati","Drāvida Kalāvati",34,"Vagadheeswari",6,"Ritu (Seasons)","S R3 G3 P D2 S'","S' N2 D2 P G3 R3 S","Audava-Shadava",No,"",Yes,""
"mohanangi","Mohanangi","Mohanāngi",34,"Vagadheeswari",6,"Ritu (Seasons)","S R3 G3 P D2 S'","S' D2 P G3 P D2 P G3 R3 S","Audava",No,"",Yes,""
"murali","Murali","Murali",34,"Vagadheeswari",6,"Ritu (Seasons)","S R3 G3 M1 D2 N2 S'","S' N2 D2 M1 G3 R3 S","Shadava",No,"",Yes,""
"sharadabharana","Sharadabharana","Sharadabharana",34,"Vagadheeswari",6,"Ritu (Seasons)","S M1 G3 M1 P M1 D2 N2 S'","S' N2 D2 M1 P M1 R3 S","Shadava",No,"",Yes,""
"vikhavathi","Vikhavathi","Vikhavathi",34,"Vagadheeswari",6,"Ritu (Seasons)","S R3 G3 P D2 S'","S' D2 P G3 R3 S","Audava",No,"",Yes,""
"shailadeshakshhi","Shailadeshakshhi","Shailadeshākshhi",35,"Sulini",6,"Ritu (Seasons)","S M1 G3 P D2 S'","S' N3 D2 S N3 P M1 G3 S","Audava-Shadava",No,"",Yes,""
"suryavasantham","Suryavasantham","Suryavasantham",35,"Sulini",6,"Ritu (Seasons)","S M1 G3 M1 D2 N3 S'","S' N3 D2 M1 G3 R3 S","Audava-Shadava",No,"",Yes,""
"dheerahindolam","Dheerahindolam","Dheerahindolam",35,"Sulini",6,"Ritu (Seasons)","S G3 M1 D2 N3 S'","S' N3 D2 P M1 G3 R3 S","Audava-Sampurna",No,"",Yes,""
"ganavaridhi","Ganavaridhi","Ganavaridhi",35,"Sulini",6,"Ritu (Seasons)","S M1 R3 G3 M1 P D2 N2 S' S M1 R3 G3 M1 P D2 N3 S'","S' D2 N2 P M1 R3 S S' D2 N3 P M1 R3 S","Sampurna-Shadava",No,"",Yes,""
"shokavarali","Shokavarali","Shokavarāli",35,"Sulini",6,"Ritu (Seasons)","S G3 D2 N3","D2 P M1 G3 R3 S","Swarantara-Shadava",No,"",No,""
"devanattai","Devanattai","Devanāttai",36,"Chalanata",6,"Ritu (Seasons)","S G3 M1 P S'","S' N3 D3 P M1 G3 R3 S","Swarantara-Sampurna",No,"",Yes,""
"gambheeranattai","Gambheeranattai","Gambheeranāṭṭai",36,"Chalanata",6,"Ritu (Seasons)","S G3 M1 P N3 S'","S' N3 P M1 G3 S","Audava",No,"",Yes,""
"ganaranjani","Ganaranjani","Ganaranjani",36,"Chalanata",6,"Ritu (Seasons)","S R3 G3 M1 P M1 D3 N3 S'","S' N3 D3 P M1 P M1 R3 S","Sampurna-Shadava",No,"",Yes,""
"nattai","Nattai","Nāṭṭai",36,"Chalanata",6,"Ritu (Seasons)","S R3 G3 M1 P N3 S'","S' N3 P M1 G3 R3 S","Shadava",No,"",Yes,""
"sowgandhini","Sowgandhini","Sowgandhini",37,"Salagam",7,"Rishi (Sages)","S R1 M2 P D1 S'","S' N1 D1 P M2 G1 R1 S","Audava-Sampurna",No,"",Yes,""
"bhogasaveri","Bhogasaveri","Bhogasāveri",37,"Salagam",7,"Rishi (Sages)","S R1 M2 D1 N1","D1 P M2 G1 R1 S","Audava-Shadava",No,"",No,""
"jaganmohinam","Jaganmohinam","Jaganmohinam",38,"Jalarnavam",7,"Rishi (Sages)","S R1 G1 M2 P D1 N2 S'","S' N2 D1 P M2 G1 R1 S","Sampurna",No,"",Yes,""
"jaganmohana","Jaganmohana","Jaganmohana",38,"Jalarnavam",7,"Rishi (Sages)","S R1 G1 M2 P D2 S'","S' N2 D1 P M2 G1 R1 S","Shadava-Sampurna",No,"",Yes,""
"dhalivarali","Dhalivarali","Dhālivarāli",39,"Jhalavarali",7,"Rishi (Sages)","S R1 G1 M2 P D1 N3 S'","S' N3 D1 P M2 G1 R1 S","Sampurna",No,"",Yes,""
"bhoopalapanchamam","Bhoopalapanchamam","Bhoopālapanchamam",39,"Jhalavarali",7,"Rishi (Sages)","S G1 R1 G1 P M2 D1 S'","S' P D1 M2 G1 R1 S","Shadava",No,"",Yes,""
"godari","Godari","Godari",39,"Jhalavarali",7,"Rishi (Sages)","S R1 G1 R1 M2 G1 M2 P D1 N3 S'","S' N3 D1 P M2 R1 S","Sampurna-Shadava",No,"",Yes,""
"jalasugandhi","Jalasugandhi","Jālasugandhi",39,"Jhalavarali",7,"Rishi (Sages)","S R1 G1 M2 P D1 S'","S' D1 P M2 G1 R1 S","Shadava",No,"",Yes,""
"janavali","Janavali","Janāvali",39,"Jhalavarali",7,"Rishi (Sages)","S G2 R1 G2 M2 P D1 N3 D1 S'","S' N3 D1 P M2 G2 R1 S","Sampurna",No,"",Yes,""
"karunamritavarshini","Karunamritavarshini","Karunāmritavarshini",39,"Jhalavarali",7,"Rishi (Sages)","S R1 G1 M2 P D1 N3 P S'","S' N3 D1 M2 G1 R1 S","Sampurna-Shadava",No,"",Yes,""
"kokilapanchamam","Kokilapanchamam","Kokilapanchamam",39,"Jhalavarali",7,"Rishi (Sages)","S G1 R1 G1 P D1 N3 S'","S' N3 D1 P M2 G1 R1 S","Shadava-Sampurna",No,"",Yes,""
"varali","Varali","Varāli",39,"Jhalavarali",7,"Rishi (Sages)","S G1 R1 G1 M2 P D1 N3 S'","S' N3 D1 P M2 G1 R1 S","Sampurna",No,"",Yes,""
"nabhomani","Nabhomani","Nabhomani",40,"Navaneetam",7,"Rishi (Sages)","S G1 R1 G1 M2 P S'","S' N2 D2 P M2 G1 R1 S","Audava-Sampurna",No,"",Yes,""
"kumbhini","Kumbhini","Kumbhini",41,"Pavani",7,"Rishi (Sages)","S G1 R1 G1 M2 P N3 D2 N3 S'","S' N3 D2 P M2 G1 R1 S","Sampurna",No,"",Yes,""
"chandrajyothi","Chandrajyothi","Chandrajyothi",41,"Pavani",7,"Rishi (Sages)","S R1 G1 M2 P D2 S'","S' D2 P M2 G1 R1 S","Shadava",No,"",Yes,""
"prabhavali","Prabhavali","Prabhāvali",41,"Pavani",7,"Rishi (Sages)","S R1 M2 P D2 N3 S'","S' N3 D2 M2 P M2 R1 G1 R1 S","Shadava-Sampurna",No,"",Yes,""
"poornalalitha","Poornalalitha","Poornalalitha",41,"Pavani",7,"Rishi (Sages)","S R1 M2 G1 R1 M2 P N3 D2 N3 S'","S' N3 D2 P M2 G1 R1 S","Sampurna",No,"",Yes,""
"poornapanchamam-m41","Poornapanchamam","Poornapanchamam",41,"Pavani",7,"Rishi (Sages)","(See 15, 16) S R1 G1 M2 P D2","D2 P M2 G1 R1 S","Shadava",No,"",Yes,""
"ravi-kriya","Ravi Kriya","Ravi Kriyā",42,"Raghupriya",7,"Rishi (Sages)","S G1 R1 G1 M2 P D3 N3 S'","S' N3 P M2 G1 R1 S","Sampurna-Shadava",No,"",Yes,""
"gandharva","Gandharva","Gāndharva",42,"Raghupriya",7,"Rishi (Sages)","M2 P D3 N3 S R1 G1","R1 S N3 P M2 P","Sampurna-Audava",No,"",Yes,""
"gomathi","Gomathi","Gomathi",42,"Raghupriya",7,"Rishi (Sages)","S R1 G1 M2 P D3 N3","P M2 G1 R1 S","Sampurna-Audava",No,"",No,""
"raghuleela","Raghuleela","Raghuleela",42,"Raghupriya",7,"Rishi (Sages)","S M2 R1 P M2 G1 M2 P M2 R1 M2 P N3 S'","S' N3 D3 N3 P M2 G1 M2 R1 M2 G1 R1 S","Shadava-Sampurna",No,"",Yes,""
"geervani","Geervani","Geervāni",43,"Gavambodhi",8,"Vasu (Gods)","S R1 G2 M2 P D1 N1 S'","S' N1 D1 P M2 G2 R1 S","Sampurna",No,"",Yes,""
"kanchanabowli","Kanchanabowli","Kanchanabowli",43,"Gavambodhi",8,"Vasu (Gods)","S G2 M2 P D1 S'","S' N1 D1 P M1 G2 R1 S","Audava-Sampurna",No,"",Yes,""
"mahathi-m43","Mahathi","Mahathi",43,"Gavambodhi",8,"Vasu (Gods)","S G2 M2 P D1 N1 S'","S' N1 D1 P M2 G2 S","Shadava",No,"",Yes,""
"mechagandhari","Mechagandhari","Mechagāndhāri",43,"Gavambodhi",8,"Vasu (Gods)","S R3 G3 M1 P D2 N2 S'","S' N2 D2 N2 P M1 G3 M1 R3 S","Sampurna",No,"",Yes,""
"suvarnadeepakam","Suvarnadeepakam","Suvarnadeepakam",43,"Gavambodhi",8,"Vasu (Gods)","S R1 G2 M2 P D1 S'","S' D1 P M2 G2 R1 S","Shadava",No,"",Yes,""
"vijayabhooshavali","Vijayabhooshavali","Vijayabhooshāvali",43,"Gavambodhi",8,"Vasu (Gods)","S R1 G3 M2 P S'","S' N3 D3 P M2 G3 R1 S","Audava-Sampurna",No,"",Yes,""
"bhavani","Bhavani","Bhavāni",44,"Bhavapriya",8,"Vasu (Gods)","S R1 G2 M2 D1 N2 S","S N2 D1 M2 G2 R1 S","Shadava",No,"",Yes,""
"bhavani-m44","Bhavani","Bhavāni",44,"Bhavapriya",8,"Vasu (Gods)","S R1 G2 M2 P D1 P N2 S'","S' N2 D1 P M2 G2 R1 S","Sampurna",No,"",Yes,""
"kanchanavathi","Kanchanavathi","Kanchanāvathi",44,"Bhavapriya",8,"Vasu (Gods)","S R1 G2 M2 P N2 S'","S' N2 P M2 G2 R1 S","Shadava",No,"",Yes,""
"shivapanthuvarali","Shivapanthuvarali","Shivapanthuvarāli",45,"Subhapantuvarali",8,"Vasu (Gods)","S R1 G2 M2 P D1 N3 S'","S' N3 D1 P M2 G2 R1 S","Sampurna",No,"",Yes,""
"arunangi","Arunangi","Arunāngi",45,"Subhapantuvarali",8,"Vasu (Gods)","S R1 M2 P N3 D1 S'","S' N3 D1 M2 R1 G2 R1 S","Shadava",No,"",Yes,""
"bandhuvarali","Bandhuvarali","Bandhuvarāli",45,"Subhapantuvarali",8,"Vasu (Gods)","S M2 S N3 D1 P M2","D1 M2 G2 R1 S","Audava",No,"",Yes,""
"bhanudhanyasi","Bhanudhanyasi","Bhānudhanyāsi",45,"Subhapantuvarali",8,"Vasu (Gods)","S R1 G2 M2 N3 D1 N3","D1 P M2 G2 R1 S N3 S","Shadava-Sampurna",No,"",Yes,""
"bhanukeeravani","Bhanukeeravani","Bhānukeeravāni",45,"Subhapantuvarali",8,"Vasu (Gods)","S R1 G2 M2 P D1 N3 S'","S' N3 D1 M2 G2 R1 S","Sampurna-Shadava",No,"",Yes,""
"chayaranjani","Chayaranjani","Chāyaranjani",45,"Subhapantuvarali",8,"Vasu (Gods)","S G2 M2 P N3 S'","S' N3 D1 P M2 G2 S","Audava-Shadava",No,"",Yes,""
"dhowreyani","Dhowreyani","Dhowreyani",45,"Subhapantuvarali",8,"Vasu (Gods)","S R1 G2 M2 N3 S'","S' N3 D1 P M2 G2 R1 S","Audava-Sampurna",No,"",Yes,""
"hindusthani-todi","Hindusthani Todi","Hindusthāni Todi",45,"Subhapantuvarali",8,"Vasu (Gods)","N3 R1 G2 M2 D1 N3 S'","S' N3 D1 P M2 G2 R1 S","Shadava-Sampurna",No,"",Yes,""
"jalakesari","Jalakesari","Jālakesari",45,"Subhapantuvarali",8,"Vasu (Gods)","S R1 M2 P D1 N3 S'","S' D1 P M2 R1 S","Shadava-Audava",No,"",Yes,""
"kumudhachandrika","Kumudhachandrika","Kumudhachandrikā",45,"Subhapantuvarali",8,"Vasu (Gods)","S G2 M2 D1 S'","S' N3 D1 M2 G2 R1 S","Swarantara-Shadava",No,"",Yes,""
"mahanandhini","Mahanandhini","Mahānandhini",45,"Subhapantuvarali",8,"Vasu (Gods)","S M2 G2 M2 P D1 N3 S'","S' D1 N3 D1 P M2 G2 R1 S","Shadava-Sampurna",No,"",Yes,""
"multani","Multani","Multani",45,"Subhapantuvarali",8,"Vasu (Gods)","S G2 M2 P N3 S'","S' N3 D1 P M2 G2 R1 S","Audava-Sampurna",No,"",Yes,"Hindustani equivalent"
"parpathi","Parpathi","Parpathi",45,"Subhapantuvarali",8,"Vasu (Gods)","S G2 M2 P N3 S'","S' N3 P M2 G2 S","Audava",No,"",Yes,""
"shekharachandrika","Shekharachandrika","Shekharachandrikā",45,"Subhapantuvarali",8,"Vasu (Gods)","S R1 G2 M2 D1 N3 S'","S' N3 D1 M2 G2 R1 S","Shadava",No,"",Yes,""
"sthavarajam","Sthavarajam","Sthavarājam",46,"Shadvidhamargini",8,"Vasu (Gods)","S R1 M2 P D2 S'","S' N2 D2 M2 G2 S","Audava",No,"",Yes,""
"ganahemavati","Ganahemavati","Ganahemāvati",46,"Shadvidhamargini",8,"Vasu (Gods)","S G2 M2 P N2 S'","S' N2 D2 P M2 G2 S","Audava-Shadava",No,"",Yes,""
"indhudhanyasi","Indhudhanyasi","Indhudhanyāsi",46,"Shadvidhamargini",8,"Vasu (Gods)","S G2 M2 D2 N2 S'","S' N2 D2 P D2 M2 G2 R1 S","Audava-Sampurna",No,"",Yes,""
"shreekanti","Shreekanti","Shreekānti",46,"Shadvidhamargini",8,"Vasu (Gods)","S G2 M2 P D2 N2 S'","S' N2 D2 P M2 G2 S","Shadava",No,"",Yes,""
"teevravahini","Teevravahini","Teevravāhini",46,"Shadvidhamargini",8,"Vasu (Gods)","S R1 G2 M2 P D2 P N2 S'","S' N2 D2 P M2 G2 R1 G2 M2 R1 S","Sampurna",No,"",Yes,""
"vaishalini","Vaishalini","Vaishalini",46,"Shadvidhamargini",8,"Vasu (Gods)","R1 G2 M2 D2 N2","N2 D2 M2 G2 R1","Audava",No,"",No,""
"sowveeram","Sowveeram","Sowveeram",47,"Suvarnangi",8,"Vasu (Gods)","S R1 G2 M2 P D2 N3 S'","S' N3 D2 P M2 G2 R1 S","Sampurna",No,"",Yes,""
"abhiru","Abhiru","Abhiru",47,"Suvarnangi",8,"Vasu (Gods)","S R1 G2 R1 M2 P N3 S'","S' D2 P M2 G2 R1 G2 S","Shadava",No,"",Yes,""
"rathika","Rathika","Rathikā",47,"Suvarnangi",8,"Vasu (Gods)","S M2 G2 M2 P D2 N3 S'","S' N3 D2 P M2 G2 R1 S","Shadava-Sampurna",No,"",Yes,""
"vijayashree","Vijayashree","Vijayashree",47,"Suvarnangi",8,"Vasu (Gods)","S R1 G2 M2 P N2 S'","S' N2 P M2 G2 R1 S","Shadava",No,"",Yes,""
"jeevanthika","Jeevanthika","Jeevanthikā",48,"Divyamani",8,"Vasu (Gods)","S M2 P D3 N3 S'","S' N3 P M2 G2 S","Audava",No,"",Yes,""
"deshamukhari","Deshamukhari","Deshamukhāri",48,"Divyamani",8,"Vasu (Gods)","S R1 G2 M2 P D3 N3 D3 S'","S' D3 N3 D3 P M2 G2 R1 S","Sampurna",No,"",Yes,""
"dundubi","Dundubi","Dundubi",48,"Divyamani",8,"Vasu (Gods)","S R1 G2 M2 P D3 N3 S'","S' N3 P M2 G2 R1 S","Sampurna-Shadava",No,"",Yes,""
"jeevanthini","Jeevanthini","Jeevanthini",48,"Divyamani",8,"Vasu (Gods)","S M2 P D3 N3 S'","S' N3 P M2 G2 S","Audava",No,"",Yes,""
"suddha-gandhari","Suddha Gandhari","Suddha Gāndhāri",48,"Divyamani",8,"Vasu (Gods)","S R1 G2 M2 N3 S'","S' N3 D3 N3 S N3 P M2 R1 S","Audava-Shadava",No,"",Yes,""
"dhavalangam","Dhavalangam","Dhavalāngam",49,"Dhavalambari",9,"Brahma","S R1 G3 M2 P D1 S'","S' N1 D1 P M2 G3 R1 S","Shadava-Sampurna",No,"",Yes,""
"abhiramam","Abhiramam","Abhirāmam",49,"Dhavalambari",9,"Brahma","S R1 M2 P D1 N1 S'","S' N1 D1 P M2 G2 R1 S","Shadava-Sampurna",No,"",Yes,""
"bhinnapauarali","Bhinnapauarali","Bhinnapauarali",49,"Dhavalambari",9,"Brahma","S M2 P D1 N1 D1 S'","S' N1 D1 P M2 G3 S","Audava-Shadava",No,"",Yes,""
"dharmini","Dharmini","Dharmini",49,"Dhavalambari",9,"Brahma","S R1 G3 M2 D1 N1 S'","S' N1 D1 M2 G3 R1 S","Shadava",No,"",Yes,""
"sudharmini","Sudharmini","Sudharmini",49,"Dhavalambari",9,"Brahma","S R1 M2 P D1 N1 S'","S' N1 D1 M1 G3 R2 S","Shadava",No,"",Yes,""
"namadeshi","Namadeshi","Nāmadeshi",50,"Namanarayani",9,"Brahma","S R1 G3 M2 P D1 N2 S'","S' N2 D1 P M2 G3 R1 S","Sampurna",No,"",Yes,""
"narmada","Narmada","Narmada",50,"Namanarayani",9,"Brahma","S R1 G3 M2 D1 N2 S'","S' N2 D1 M2 P M2 G3 R1 S","Shadava-Sampurna",No,"",Yes,""
"neelanjana","Neelanjana","Neelanjana",50,"Namanarayani",9,"Brahma","S R1 G3 P N2 S'","S' N2 P M2 G3 R1 S","Audava-Shadava",No,"",Yes,"Raga created by Mahesh Mahadev"
"swaramanjari","Swaramanjari","Swaramanjari",50,"Namanarayani",9,"Brahma","S G3 M2 P D1 S'","S' N2 D1 P M2 G3 S","Audava-Shadava",No,"",Yes,""
"kashiramakriya","Kashiramakriya","Kāshirāmakriyā",51,"Kamavardhini",9,"Brahma","S G3 R1 G3 M2 P D1 N3 S'","S' N3 D1 P M1 G3 R1 S","Sampurna",No,"",Yes,""
"mandari","Mandari","Mandāri",51,"Kamavardhini",9,"Brahma","S R1 G3 M2 P N3 S'","S' N3 P M2 G3 R1 S","Shadava",No,"",Yes,""
"adhi-panchama","adhi Panchama","ādhi Panchama",51,"Kamavardhini",9,"Brahma","S R1 P D1 N3 S'","S' N3 D1 N3 P M2 G3 R1 S","Audava-Sampurna",No,"",Yes,""
"basant-vasant","Basant /Vasant","Basant /Vasant",51,"Kamavardhini",9,"Brahma","S G3 M2 D1 N3 S'","S' N3 D1 P M2 G3 M2 N3 D1 M2 G3 R1 S","Audava-Sampurna",Yes,"M1",Yes,"Hindustani equivalent"
"basant-bahar-m51","Basant Bahar","Basant Bahār",51,"Kamavardhini",9,"Brahma","S M2 P G3 M2 N3 D1 N3 S","R2 S N2 D2 P M1 G2 M1 G2 R2 S","Shadava-Sampurna",No,"",Yes,"Hindustani equivalent"
"bhogavasantha","Bhogavasantha","Bhogavasantha",51,"Kamavardhini",9,"Brahma","S R1 G3 M2 D1 N3 S'","S' N3 D1 M2 G3 R1 S","Shadava",No,"",Yes,""
"deepakam","Deepakam","Deepakam",51,"Kamavardhini",9,"Brahma","S R2 M2 P D1 P S'","S' N3 D1 N3 P M2 G3 R1 S","Audava-Sampurna",No,"",Yes,""
"gamakapriya","Gamakapriya","Gamakapriyā",51,"Kamavardhini",9,"Brahma","S R1 G3 M2 P N3 D1 S'","S' D1 P M2 G3 R1 S","Sampurna-Shadava",No,"",Yes,""
"gamanapriya","Gamanapriya","Gamanapriyā",51,"Kamavardhini",9,"Brahma","S R1 G3 M2 P N3 D1 S'","S' D1 P M2 G3 R1 S","Sampurna-Shadava",No,"",Yes,""
"hamsanarayani","Hamsanarayani","Hamsanārāyani",51,"Kamavardhini",9,"Brahma","S R1 G3 M2 P S'","S' N3 P M2 G3 R1 S","Audava-Shadava",No,"",Yes,""
"indumathi","Indumathi","Indumathi",51,"Kamavardhini",9,"Brahma","S G3 M2 D1 N3 S'","S' N3 D1 P M2 G3 S","Audava-Shadava",No,"",Yes,""
"kamalaptapriya","Kamalaptapriya","Kamalāptapriyā",51,"Kamavardhini",9,"Brahma","S R1 G3 M2 P D1 S'","S' D1 P M2 G3 R1 S","Shadava",No,"",Yes,""
"kumudhakriya","Kumudhakriya","Kumudhakriyā",51,"Kamavardhini",9,"Brahma","S R1 G3 M2 D1 S'","S' N3 D1 M2 G3 R1 S","Audava-Shadava",No,"",Yes,""
"maruthi","Maruthi","Māruthi",51,"Kamavardhini",9,"Brahma","S R1 M2 P N3 S'","S' N3 D1 P M2 G3 R1 S","Audava-Sampurna",No,"",Yes,""
"ponni","Ponni","Ponni",51,"Kamavardhini",9,"Brahma","S G3 M2 P N3 S'","S' N3 P M2 G3 R1 S","Audava-Shadava",No,"",Yes,""
"prathapa","Prathapa","Prathāpa",51,"Kamavardhini",9,"Brahma","S G3 M2 D1 N3 S'","S' N3 D1 P M2 G3 R1 S","Audava-Sampurna",No,"",Yes,""
"puriya-dhanashree","Puriya Dhanashree","Puriya Dhanashree",51,"Kamavardhini",9,"Brahma","N3 R1 G3 M2 P D1 P N3 S","R1 N3 D1 P M2 G3 M2 R1 G3 R1 S","Sampurna",No,"",Yes,"Hindustani equivalent"
"tandavapriya","Tandavapriya","Tāndavapriyā",51,"Kamavardhini",9,"Brahma","S R1 G3 M2 P S'","S' P M2 G3 R1 S","Audava",No,"",Yes,""
"ramamanohari","Ramamanohari","Ramāmanohari",52,"Ramapriya",9,"Brahma","S R1 G3 M2 P D2 S'","S' N2 D2 P M2 G3 R1 S","Shadava-Sampurna",No,"",Yes,""
"chintaramani","Chintaramani","Chintaramani",52,"Ramapriya",9,"Brahma","S G3 M2 P D2 N2 S'","S' D2 P M2 G3 R1 S","Shadava",No,"",Yes,""
"hamsagamini","Hamsagamini","Hamsagamini",52,"Ramapriya",9,"Brahma","S G3 M2 P D2 N2 S'","S' N2 D2 P M2 D2 P M2 G3 R1 S","Shadava-Sampurna",No,"",Yes,""
"lokaranjani","Lokaranjani","Lokaranjani",52,"Ramapriya",9,"Brahma","S G3 M2 P M2 D2 N2 S'","S' N2 D2 N2 P M2 G3 R1 S","Shadava-Sampurna",No,"",Yes,""
"meghashyamala","Meghashyamala","Meghashyāmala",52,"Ramapriya",9,"Brahma","S G3 M2 P D2 N2 D2 P S'","S' N2 D2 P M2 G3 R1 S","Shadava-Sampurna",No,"",Yes,""
"namoveenapaani","Namoveenapaani","Namoveenapaani",52,"Ramapriya",9,"Brahma","S G3 M2 D2 N2 S'","S' N2 D2 M2 G3 R1 S","Audava-Shadava",No,"",Yes,"creation by Siri Girish"
"patalambari","Patalambari","Patalāmbari",52,"Ramapriya",9,"Brahma","S R1 G3 M2 D2 S'","S' D2 M2 G3 R1 S","Audava",No,"",Yes,""
"raktimargini","Raktimargini","Raktimārgini",52,"Ramapriya",9,"Brahma","S P M2 D2 N2 S'","S' N2 D2 P M2 P G3 R1 S","Audava-Sampurna",No,"",Yes,""
"rasavinodini","Rasavinodini","Rasavinodini",52,"Ramapriya",9,"Brahma","S G3 M2 P D2 N2 S'","S' N2 D2 P M2 G3 S","Shadava",No,"",Yes,""
"reethi-chandrika","Reethi Chandrika","Reethi Chandrikā",52,"Ramapriya",9,"Brahma","S R1 G3 M2 P D2 S'","S' N2 D2 P M2 G3 R1 S","Shadava-Sampurna",No,"",Yes,""
"seemantinipriya","Seemantinipriya","Seemantinipriyā",52,"Ramapriya",9,"Brahma","S R1 G3 M2 D2 N2 S'","S' N2 D2 M2 G3 R1 S","Shadava",No,"",Yes,""
"sukhakari","Sukhakari","Sukhakari",52,"Ramapriya",9,"Brahma","S R1 S P D2 N2 S'","S' N2 D2 P M2 G3 S R1 S","Audava-Sampurna",No,"",Yes,""
"vedhaswaroopi","Vedhaswaroopi","Vedhaswaroopi",52,"Ramapriya",9,"Brahma","S R1 G3 M2 P D2 N3 P S'","S' N3 D2 P N3 P M2 G3 S","Sampurna-Shadava",No,"",Yes,""
"gamakakriya","Gamakakriya","Gamakakriyā",53,"Gamanashrama",9,"Brahma","S R1 G3 M2 P D2 S'","S' N3 D2 P M2 G3 R1 S","Shadava-Sampurna",No,"",Yes,""
"alankari","Alankari","Alankāri",53,"Gamanashrama",9,"Brahma","S G3 M2 D2 N3 D2 S'","S' N3 D2 M2 G3 S","Audava",No,"",Yes,""
"bhatiyar","Bhatiyar","Bhatiyār",53,"Gamanashrama",9,"Brahma","S D2 P D2 M2 P G3 M2 D2 S","R1 N3 D2 P M2 P G3 R1 S","Audava-Sampurna",Yes,"M1",Yes,"Hindustani equivalent"
"dvigandharabhooshani","Dvigandharabhooshani","Dvigāndhārabhooshani",53,"Gamanashrama",9,"Brahma","S R1 G2 G3 G2 P D2 S'","S' D2 P G2 G3 G2 R1 S D2 S","Audava",No,"",Yes,""
"hamsanandi","Hamsanandi","Hamsānandi",53,"Gamanashrama",9,"Brahma","S R1 G3 M2 D2 N3 S'","S' N3 D2 M2 G3 R1 S","Shadava",No,"",Yes,""
"mechakangi","Mechakangi","Mechakāngi",53,"Gamanashrama",9,"Brahma","S R1 G3 M2 P D2 P N3 S'","S' N3 P D2 P M2 G3 R1 S","Sampurna",No,"",Yes,""
"padmakalyani","Padmakalyani","Padmakalyāni",53,"Gamanashrama",9,"Brahma","S G3 P N3 S'","S' N3 D2 P M2 G3 S","Swarantara-Shadava",No,"",Yes,""
"poorvi-kalyani","Poorvi Kalyani","Poorvi Kalyāni",53,"Gamanashrama",9,"Brahma","S R1 G3 M2 P D2 P S'","S' N3 D2 P M2 G3 R1 S","Shadava-Sampurna",No,"",Yes,""
"sharabadhvaja","Sharabadhvaja","Sharabadhvāja",53,"Gamanashrama",9,"Brahma","S R1 G3 M2 P D2 S'","S' D2 P G3 R1 S","Shadava-Audava",No,"",Yes,""
"sohini","Sohini","Sohini",53,"Gamanashrama",9,"Brahma","S G3 M2 D2 N3 S'","S' N3 D2 M2 G3 R1 S","Audava-Shadava",No,"",Yes,"Hindustani equivalent"
"vaishaka","Vaishaka","Vaishaka",53,"Gamanashrama",9,"Brahma","S R1 G3 M2 P D2 N3 S'","S' N3 D2 N3 P M2 G3 M2 R1 S","Sampurna",No,"",Yes,""
"vamshavathi","Vamshavathi","Vamshavathi",54,"Viswambhari",9,"Brahma","S R1 G3 M2 P D3 N3 S'","S' N3 P M2 G3 R1 S","Sampurna-Shadava",No,"",Yes,""
"hemangi","Hemangi","Hemāngi",54,"Viswambhari",9,"Brahma","S R1 G3 M2 D3 S'","S' D3 M2 G3 R1 S","Audava",No,"",Yes,""
"pooshakalyani","Pooshakalyani","Pooshakalyāni",54,"Viswambhari",9,"Brahma","S R1 G3 M2 P D3 N3 S'","S' N3 P M2 G3 R1 S","Sampurna-Shadava",No,"",Yes,""
"sharadhyuthi","Sharadhyuthi","Sharadhyuthi",54,"Viswambhari",9,"Brahma","S R1 G3 M2 P D3 N3 D3 S'","S' N3 D3 P M2 G3 R1 S","Sampurna",No,"",Yes,""
"suddhakriya","Suddhakriya","Suddhakriyā",54,"Viswambhari",9,"Brahma","S R1 M2 M2 P D3 S'","S' D3 P M2 G3 R1 S","Audava-Shadava",No,"",Yes,""
"sundarangi","Sundarangi","Sundarāngi",54,"Viswambhari",9,"Brahma","S R1 G3 P D3 N3 S'","S' N3 D3 P G3 R1 S","Shadava",No,"",Yes,""
"vijayavasantham","Vijayavasantham","Vijayavasantham",54,"Viswambhari",9,"Brahma","S M2 P D3 N3 S'","S' N3 P M2 G3 S","Audava",No,"",Yes,""
"shyamalam","Shyamalam","Shyāmalam",55,"Syamalangi",10,"Disi (Directions)","S R2 G2 M2 P D1 N1 S'","S' N1 D1 P M2 G2 R2 S","Sampurna",No,"",Yes,""
"deshavali","Deshavali","Deshāvali",55,"Syamalangi",10,"Disi (Directions)","S R2 G2 M2 D1 N1 D1 S'","S' N1 D1 M2 G2 R2 S","Shadava",No,"",Yes,""
"vijayamalavi","Vijayamalavi","Vijayamālavi",55,"Syamalangi",10,"Disi (Directions)","S R2 M2 P D1 S'","S' N1 D1 P M2 R2 S","Audava-Shadava",No,"",Yes,""
"chamaram","Chamaram","Chāmaram",56,"Shanmukhapriya",10,"Disi (Directions)","S R2 M2 P D1 N2 S'","S' N2 D1 P M2 G2 R2 S","Shadava-Sampurna",No,"",Yes,""
"bhashini","Bhashini","Bhāshini",56,"Shanmukhapriya",10,"Disi (Directions)","S G2 R2 G2 M2 P D1 N2 S'","S' N2 D1 P M2 G2 R1 S","Sampurna",No,"",Yes,""
"chintamani","Chintamani","Chintāmani",56,"Shanmukhapriya",10,"Disi (Directions)","S G2 R2 G2 M2 G2 R2 G2 P M2 P D2 N2 S'","S' N2 D2 P M2 G2 R2 S","Sampurna",No,"",Yes,""
"dhanakari","Dhanakari","Dhanakari",56,"Shanmukhapriya",10,"Disi (Directions)","S G2 P D1 N2 S'","S' N2 D1 M2 G2 S","Audava",No,"",Yes,""
"garigadya","Garigadya","Garigadya",56,"Shanmukhapriya",10,"Disi (Directions)","N2 S G2 M2 P D1 N2","D1 P M2 G2 R2 S","Shadava",No,"",Yes,""
"gopikathilakam","Gopikathilakam","Gopikathilakam",56,"Shanmukhapriya",10,"Disi (Directions)","S R2 G2 M2 P N2 S'","S' N2 P M2 G2 R2 S","Shadava",No,"",Yes,""
"kokilanandhi","Kokilanandhi","Kokilanandhi",56,"Shanmukhapriya",10,"Disi (Directions)","S G2 M2 D1 N2 S'","S' N2 D1 P M2 G2 S","Audava-Shadava",No,"",Yes,""
"rajeshwari","Rajeshwari","Rājeshwari",56,"Shanmukhapriya",10,"Disi (Directions)","S R2 G2 P N2 S'","S' N2 D1 P M1 G2 S","Audava-Shadava",No,"",Yes,""
"samudrapriya","Samudrapriya","Samudrapriyā",56,"Shanmukhapriya",10,"Disi (Directions)","S G2 M2 P N2 S'","S' N2 P M2 G2 S","Audava",No,"",Yes,""
"shanmukhi","Shanmukhi","Shanmukhi",56,"Shanmukhapriya",10,"Disi (Directions)","S R1 G2 M2 D1 N2 S'","S' N2 D1 M2 G2 R1 S","Shadava",No,"",Yes,"Trimoorti"
"sumanasaranjani","Sumanasaranjani","Sumanasaranjani",56,"Shanmukhapriya",10,"Disi (Directions)","S G2 M2 P N2 S'","S' N2 P M2 G2 S","Audava",No,"",Yes,""
"vasukari","Vasukari","Vasukari",56,"Shanmukhapriya",10,"Disi (Directions)","S G2 M2 P D1 N2 S'","S' N2 D1 M2 G2 S","Shadava-Audava",No,"",Yes,""
"anandavalli","Anandavalli","Ānandavalli",57,"Simhendramadhyamam",10,"Disi (Directions)","S G2 M2 P N3 S'","S' N3 P M2 G2 S","Audava",No,"",Yes,""
"ghantana","Ghantana","Ghantana",57,"Simhendramadhyamam",10,"Disi (Directions)","S R2 G2 M2 D1 N3 S'","S' N3 D1 M2 G2 R2 S","Shadava",No,"",Yes,""
"jayachoodamani","Jayachoodamani","Jayachoodāmani",57,"Simhendramadhyamam",10,"Disi (Directions)","S G2 M2 P D1 S'","S' N3 D1 P M2 G2 R2 S","Audava-Sampurna",No,"",Yes,""
"pranavapriya","Pranavapriya","Pranavapriyā",57,"Simhendramadhyamam",10,"Disi (Directions)","S R2 M2 P N3 S'","S' N3 P M2 G2 R2 S","Audava-Shadava",No,"",Yes,""
"sarvangi","Sarvangi","Sarvāngi",57,"Simhendramadhyamam",10,"Disi (Directions)","S R2 M2 D1 N3 S'","S' N3 D1 M2 G2 S R3 S","Audava-Shadava",No,"",Yes,""
"seshanadam","Seshanadam","Seshanādam",57,"Simhendramadhyamam",10,"Disi (Directions)","S R2 G2 M2 P D1 S'","S' N3 D1 P M2 G2 R2 S","Shadava-Sampurna",No,"",Yes,""
"suddha-m57","Suddha","Suddha",57,"Simhendramadhyamam",10,"Disi (Directions)","S R2 G2 M2 P N3 S'","S' N3 P M2 G2 R2 S","Shadava",No,"",Yes,""
"sunadapriya","Sunadapriya","Sunādapriyā",57,"Simhendramadhyamam",10,"Disi (Directions)","S R2 G2 M2 P S'","S' N3 D1 P M2 G2 R2 S","Audava-Sampurna",No,"",Yes,""
"urmika","Urmika","Urmikā",57,"Simhendramadhyamam",10,"Disi (Directions)","S R2 G2 M2 P N3 S'","S' N3 P M2 G2 R2 S","Shadava",No,"",Yes,""
"vijayasaraswathi","Vijayasaraswathi","Vijayasaraswathi",57,"Simhendramadhyamam",10,"Disi (Directions)","S G2 M2 P D1 N3 S'","S' N3 P M2 G2 R2 S","Shadava",No,"",Yes,""
"deshisimharavam","Deshisimharavam","Deshisimhāravam",58,"Hemavati",10,"Disi (Directions)","S R2 G2 M2 P D2 N2 S'","S' N2 D2 P M2 G2 R2 S","Sampurna",No,"",Yes,""
"chandrarekha","Chandrarekha","Chandrarekhā",58,"Hemavati",10,"Disi (Directions)","S R2 G2 M2 P D2 S'","S' N2 D2 M2 G2 R2 S","Shadava",No,"",Yes,""
"hamsabhramari","Hamsabhramari","Hamsabhramari",58,"Hemavati",10,"Disi (Directions)","S R2 G2 M2 P D2 S'","S' N2 D2 P M2 G2 R2 S","Shadava-Sampurna",No,"",Yes,""
"hemambari","Hemambari","Hemāmbari",58,"Hemavati",10,"Disi (Directions)","S R2 G2 M2 P D2 N2 S'","S' P M2 G2 R2 S","Sampurna-Audava",No,"",Yes,""
"hemapriya","Hemapriya","Hemapriya",58,"Hemavati",10,"Disi (Directions)","S R2 G2 M2 D2 S'","S' D2 M2 G2 R2 S","Audava",No,"",Yes,""
"kshemakari","Kshemakari","Kshemakari",58,"Hemavati",10,"Disi (Directions)","S R2 M2 D2 N2 S'","S' N2 D2 M2 R2 S","Audava",No,"",Yes,""
"madhukowns","Madhukowns","Madhukowns",58,"Hemavati",10,"Disi (Directions)","S G2 M2 P N2 P S'","S' N2 P M2 G2 S","Audava",No,"",Yes,""
"shakthiroopini","Shakthiroopini","Shakthiroopini",58,"Hemavati",10,"Disi (Directions)","S G2 M2 D2 S'","S' N2 D2 M2 G2 S","Swarantara-Audava",No,"",Yes,""
"simharava","Simharava","Simhārava",58,"Hemavati",10,"Disi (Directions)","S R2 M2 P N2 S'","S' N2 P M2 R2 G2 R2 S","Audava-Shadava",No,"",Yes,""
"vijayasaranga","Vijayasaranga","Vijayasāranga",58,"Hemavati",10,"Disi (Directions)","S R2 G2 M2 P D2 S'","S' N2 D2 M2 G2 R2 S","Shadava",No,"",Yes,""
"vijayashrangi","Vijayashrangi","Vijayashrāngi",58,"Hemavati",10,"Disi (Directions)","S R2 G2 M2 P D2 S'","S' N2 D2 M2 G2 R2 S","Shadava",No,"",Yes,""
"yagini","Yagini","Yāgini",58,"Hemavati",10,"Disi (Directions)","S R2 M2 P N2 S'","S' N2 P M2 R2 S","Audava",No,"",Yes,""
"dhamavathi","Dhamavathi","Dhāmavathi",59,"Dharmavati",10,"Disi (Directions)","S R2 G2 M2 P D2 N3 S'","S' N3 D2 P M2 G2 R2 S","Sampurna",No,"",Yes,""
"sri-tyagaraja","Sri Tyagaraja","Sri Tyagaraja",59,"Dharmavati",10,"Disi (Directions)","S G2 M2 P N3 S'","S' N3 P M2 G2 R2 S","Audava-Shadava",No,"",Yes,"Raga created by Mahesh Mahadev"
"gowrikriya","Gowrikriya","Gowrikriya",59,"Dharmavati",10,"Disi (Directions)","S G2 M2 P D2 N3 S'","S' N3 D2 N3 P M2 G2 S","Shadava",No,"",Yes,""
"karmukhavati","Karmukhavati","Karmukhāvati",59,"Dharmavati",10,"Disi (Directions)","S R2 G2 M2 D2 N3 S'","S' N3 D2 M2 G2 R2 S","Shadava",No,"",Yes,""
"karpoora-bharani","Karpoora Bharani","Karpoora Bharani",59,"Dharmavati",10,"Disi (Directions)","S R2 G2 P M2 P D2 S'","S' D2 P M2 P G2 R2 S","Shadava",No,"",Yes,""
"lalitasimharavam","Lalitasimharavam","Lalitasimharavam",59,"Dharmavati",10,"Disi (Directions)","S R2 G2 M2 P S'","S' N3 P M2 G2 R2 S","Audava-Shadava",No,"",Yes,""
"madhumalti","Madhumalti","Madhumālti",59,"Dharmavati",10,"Disi (Directions)","N3 S G2 M2 P S'","S' N3 D2 P M2 G2 R2 S","Audava-Sampurna",Yes,"M1",Yes,"Hindustani equivalent"
"madhuvanthi","Madhuvanthi","Madhuvanthi",59,"Dharmavati",10,"Disi (Directions)","S G2 M2 P N3 S'","S' N3 D2 P M2 G2 R2 S","Audava-Sampurna",No,"",Yes,"Hindustani equivalent"
"moharanjani","Moharanjani","Moharanjani",59,"Dharmavati",10,"Disi (Directions)","S R2 G2 P D2 S'","S' N3 D2 M2 G2 S","Audava",No,"",Yes,""
"ranjani","Ranjani","Ranjani",59,"Dharmavati",10,"Disi (Directions)","S R2 G2 M2 D2 S'","S' N3 D2 M2 G2 S","Audava",No,"",Yes,""
"varada","Varada","Varada",59,"Dharmavati",10,"Disi (Directions)","S R2 M2 P N3 S'","S' N3 P M2 R2 S","Audava",No,"",Yes,""
"vijayanagari","Vijayanagari","Vijayanāgari",59,"Dharmavati",10,"Disi (Directions)","S R2 G2 M2 P D2 S'","S' D2 P M2 G2 R2 S","Shadava",No,"",Yes,""
"vishveshwarapriya","Vishveshwarapriya","Vishveshwarapriyā",59,"Dharmavati",10,"Disi (Directions)","S R2 M2 P N3 S'","S' N3 D2 P M2 R2 S","Audava-Shadava",No,"",Yes,""
"nisshadham","Nisshadham","Nisshadham",60,"Neetimati",10,"Disi (Directions)","S R2 G2 M2 P D3 N3 S'","S' N3 P M2 G2 R2 S","Sampurna-Shadava",No,"",Yes,""
"amarasenapriya","Amarasenapriya","Amarasenapriyā",60,"Neetimati",10,"Disi (Directions)","S R2 M2 P N2 S'","S' N3 P M2 G2 R2 S","Audava-Shadava",No,"",Yes,""
"deshyaganavaridhi","Deshyaganavaridhi","Deshyagānavaridhi",60,"Neetimati",10,"Disi (Directions)","S R2 G2 M2 P D3 N3 P S'","S' N3 S P M2 G2 R2 S","Sampurna-Shadava",No,"",Yes,""
"hamsanadam","Hamsanadam","Hamsanādam",60,"Neetimati",10,"Disi (Directions)","S R2 M2 P D3 N3 S' S R2 M2 P N3 S","S N3 D3 P M2 R2 S' S N3 P M2 R2 S","Shadava",No,"",Yes,""
"kaikavashi","Kaikavashi","Kaikavashi",60,"Neetimati",10,"Disi (Directions)","S R2 G2 M2 P D3 N3 S'","S' N3 P M2 G2 R2 S","Sampurna-Shadava",No,"",Yes,""
"nuthanachandrika","Nuthanachandrika","Nuthanachandrikā",60,"Neetimati",10,"Disi (Directions)","S R2 G2 M2 P D3 N3 S'","S' N3 P D3 N3 P M2 G2 S","Sampurna-Shadava",No,"",Yes,""
"rathnasaranga","Rathnasaranga","Rathnasāranga",60,"Neetimati",10,"Disi (Directions)","S R2 G2 M2 P N3 S'","S' N3 D3 P M2 G2 R2 S","Shadava-Sampurna",No,"",Yes,""
"kunthalam","Kunthalam","Kunthalam",61,"Kantamani",11,"Rudra","S R2 G3 M2 P D1 S'","S' N1 D1 P M2 G3 R2 S","Shadava-Sampurna",No,"",Yes,""
"kanakakusumavali","Kanakakusumavali","Kanakakusumāvali",61,"Kantamani",11,"Rudra","S R2 G3 M2 P D2 S'","S' D2 P M2 G3 R2 S","Shadava",No,"",Yes,""
"shruthiranjani","Shruthiranjani","Shruthiranjani",61,"Kantamani",11,"Rudra","S R2 G3 M2 P D1 N1","N1 D1 P M2 G3 R2 S","Sampurna",No,"",No,""
"rathipriya","Rathipriya","Rathipriyā",62,"Rishabhapriya",11,"Rudra","S R2 G3 M2 P D1 N2 S'","S' N2 D1 P M2 G3 R2 S","Sampurna",No,"",Yes,""
"gopriya","Gopriya","Gopriya",62,"Rishabhapriya",11,"Rudra","S R2 G3 M2 D1 N2 S'","S' N2 D1 M2 G3 R2 S","Shadava",No,"",Yes,""
"poornasaveri","Poornasaveri","Poornasāveri",62,"Rishabhapriya",11,"Rudra","S R2 M2 P D1 S'","S' N2 D1 P M2 G3 R2 S","Audava-Sampurna",No,"",Yes,""
"rathnabhanu","Rathnabhanu","Rathnabhānu",62,"Rishabhapriya",11,"Rudra","S R2 M2 P N2 D1 N2 S'","S' N2 D1 P M2 G3 R2 S","Shadava-Sampurna",No,"",Yes,""
"suddha-saranga","Suddha Saranga","Suddha Sāranga",62,"Rishabhapriya",11,"Rudra","S G3 M2 P N2 S'","S' D1 P M2 G3 S","Audava",No,"",Yes,""
"geethapriya","Geethapriya","Geethapriyā",63,"Latangi",11,"Rudra","S R2 G3 M2 P D1 N3 S'","S' N3 D1 P M2 G3 R2 S","Sampurna",No,"",Yes,""
"chitrachandrika","Chitrachandrika","Chitrachandrika",63,"Latangi",11,"Rudra","S G3 R2 G3 M2 P N3 D1 S'","S' N3 D1 M2 G3 R2 S","Sampurna-Shadava",No,"",Yes,""
"hamsalatha","Hamsalatha","Hamsalatha",63,"Latangi",11,"Rudra","S R2 G3 P N3 S'","S' N3 D1 P M2 G3 R2 S","Audava-Sampurna",No,"",Yes,""
"kananapriya","Kananapriya","Kananapriyā",63,"Latangi",11,"Rudra","S R2 G3 M2 P M2 D1 N3 S'","S' D1 N3 P M2 G3 R2 S","Sampurna",No,"",Yes,""
"karunakari","Karunakari","Karunākari",63,"Latangi",11,"Rudra","S M2 P D1 N3 D1 S'","S' N3 D1 P M2 S","Audava",No,"",Yes,""
"lalithangi","Lalithangi","Lalithāngi",63,"Latangi",11,"Rudra","S R2 G3 M2 D1 N3 S'","S' N3 D1 M2 G3 R2 S","Shadava",No,"",Yes,""
"ramani","Ramani","Ramani",63,"Latangi",11,"Rudra","S G3 M2 P N3 S'","S' N3 D1 P M2 G3 S","Audava-Shadava",No,"",Yes,""
"rathnakanthi","Rathnakanthi","Rathnakānthi",63,"Latangi",11,"Rudra","S R2 G3 M2 P N3 S'","S' N3 P M2 G3 R2 S","Shadava",No,"",Yes,""
"raviswaroopini","Raviswaroopini","Raviswaroopini",63,"Latangi",11,"Rudra","S G3 M2 P D1 N3 S'","S' N3 D1 P M2 G3 S","Shadava",No,"",Yes,""
"sajjananandhi","Sajjananandhi","Sajjananandhi",63,"Latangi",11,"Rudra","S R2 G3 M2 P D1 N3 S'","S' N3 D1 M2 G3 R2 S","Sampurna-Shadava",No,"",Yes,""
"skandamanorama","Skandamanorama","Skandamanorama",63,"Latangi",11,"Rudra","S R2 M2 P N3 S'","S' N3 P M2 R2 S","Audava",No,"",Yes,""
"bhooshavathi","Bhooshavathi","Bhooshāvathi",64,"Vachaspati",11,"Rudra","S R2 G3 M2 P D2 N2 S'","S' N2 D2 P M2 G3 R2 S","Sampurna",No,"",Yes,""
"bhagavataranjana","Bhagavataranjana","Bhagavataranjana",64,"Vachaspati",11,"Rudra","S R2 M2 P D2 N2 S'","S' N2 D2 P M2 G3 R2 S","Shadava-Sampurna",No,"",Yes,""
"bhogeeshwari","Bhogeeshwari","Bhogeeshwari",64,"Vachaspati",11,"Rudra","S R2 G3 P D2 N2 D2 S'","S' N2 D2 P M2 G3 R2 S","Shadava-Sampurna",No,"",Yes,""
"bhooshavali","Bhooshavali","Bhooshāvali",64,"Vachaspati",11,"Rudra","S R2 G3 M2 P D2 S'","S' N2 D2 P M2 G3 R2 S","Shadava-Sampurna",No,"",Yes,""
"dwigandharabhooshani","Dwigandharabhooshani","Dwigāndhārabhooshani",64,"Vachaspati",11,"Rudra","S R1 G2 G3 G2 P D2 S'","S' D2 P G2 G3 G2 R1 S D2 S","Audava",No,"",Yes,""
"gaganamohini","Gaganamohini","Gaganamohini",64,"Vachaspati",11,"Rudra","S G3 P D2 N2 S'","S' N2 P M2 G3 S","Audava",No,"",Yes,""
"gurupriya","Gurupriya","Gurupriya",64,"Vachaspati",11,"Rudra","S R2 G3 M2 D2 N2 S'","S' N2 D2 M2 G3 R2 S","Shadava",No,"",Yes,""
"hrdhini","Hrdhini","Hrdhini",64,"Vachaspati",11,"Rudra","S G3 M2 P N2 S'","S' N2 P M2 G3 S","Audava",No,"",Yes,""
"mangalakari","Mangalakari","Mangalakari",64,"Vachaspati",11,"Rudra","S R2 P M2 P D2 N2 S'","S' N2 D2 P G3 R2 S","Shadava",No,"",Yes,""
"mukthidayini","Mukthidayini","Mukthidāyini",64,"Vachaspati",11,"Rudra","S G3 M2 P D2 N2 S'","S' N2 D2 P M2 G3 S","Shadava",No,"",Yes,""
"nadhabrahma","Nadhabrahma","Nādhabrahma",64,"Vachaspati",11,"Rudra","S P M2 P D2 N2 S'","S' N2 D2 P M2 G3 S","Audava-Shadava",No,"",Yes,""
"pranavakari","Pranavakari","Pranavākāri",64,"Vachaspati",11,"Rudra","P N2 D2 N2 S R2 G3 M2","P M2 G3 R2 S N2 D2 N2 P","Sampurna",No,"",Yes,""
"saraswathi","Saraswathi","Saraswathi",64,"Vachaspati",11,"Rudra","S R2 M2 P D2 S'","S' N2 D2 P M2 R2 S","Audava-Shadava",No,"",Yes,""
"shivaranjani-m64","Shivaranjani","Shivaranjani",64,"Vachaspati",11,"Rudra","S R2 G3 M2 D2 P N2 S'","S' N2 D2 P D2 M2 G3 R2 S","Sampurna",No,"",Yes,"Original"
"triveni","Triveni","Triveni",64,"Vachaspati",11,"Rudra","S R2 M2 P D2 N2 S'","S' N2 D2 P M2 R2 S","Shadava",No,"",Yes,""
"utthari","Utthari","Utthari",64,"Vachaspati",11,"Rudra","S G3 M2 P D2 N2 S'","S' N2 D2 M2 G3 S","Shadava-Audava",No,"",Yes,""
"shanthakalyani","Shanthakalyani","Shānthakalyāni",65,"Mechakalyani",11,"Rudra","S R2 G3 M2 P D2 N3 S'","S' N3 D2 P M2 G3 R2 S","Sampurna",No,"",Yes,""
"amritha-kalyani","Amritha Kalyani","Amritha Kalyani",65,"Mechakalyani",11,"Rudra","S G3 M2 P N3 S'","S' N3 D2 P M2 G3 R2 S","Audava-Sampurna",No,"",Yes,"Raga created by Mahesh Mahadev"
"amritha-behag","Amritha Behag","Amritha Behāg",65,"Mechakalyani",11,"Rudra","S M2 G3 P N3 S","D2 N3 D2 M2 G3 S","Audava",No,"",Yes,""
"aprameya","Aprameya","Aprameya",65,"Mechakalyani",11,"Rudra","S R2 M2 P D2 S'","S' N3 D2 M2 G3 M2 R2 S","Audava-Shadava",No,"",Yes,""
"bhoopkalyani","Bhoopkalyani","Bhoopkalyāni",65,"Mechakalyani",11,"Rudra","S R2 G3 P D2 S'","S' N3 D2 P M2 G3 R2 S","Audava-Sampurna",No,"",Yes,""
"bhoopali","Bhoopali","Bhoopāli",65,"Mechakalyani",11,"Rudra","S R2 G3 P D2 S'","S' D2 P G3 R2 S","Audava",No,"",Yes,"Hindustani equivalent"
"chandrakantha","Chandrakantha","Chandrakāntha",65,"Mechakalyani",11,"Rudra","S R2 G3 M2 P D2 N3 S'","S' N3 D2 N3 P M2 G3 R2 S","Sampurna",No,"",Yes,""
"hameer","Hameer","Hameer",65,"Mechakalyani",11,"Rudra","S R2 S G3 M1 D2 N3 D2 S'","S' N3 D2 N3 P G3 M1 D2 M2 P D2 P G3 M1 R2 S","Shadava-Sampurna",Yes,"M1",Yes,"Hindustani equivalent"
"hameer-kalyani-carnatic-interpretation-of-kedar-","Hameer Kalyani {carnatic interpretation of Kedar}","Hameer Kalyāni {carnatic interpretation of Kedar}",65,"Mechakalyani",11,"Rudra","S P M2 P D2 N3 S' S R2 S P M2 P D2 N3 S' S R2 S P M2 N3 D2 S N3 S' S R2 G3 M2 P D2 N3 P D2 P S' S P M2 P D2 N3 S'","S' N3 D2 P M2 M1 G3 P M1 R2 S' S N3 D2 P M2 G3 M1 G3 R2 S' S N3 D2 P M2 G M1 R2 S S N3 D2 P G3 M1 G3 R2 S' S N3 D2 P G3 M1 G3 R2 S","Sampurna",Yes,"M1 N2",Yes,""
"hamsakalyani","Hamsakalyani","Hamsakalyāni",65,"Mechakalyani",11,"Rudra","S R2 G3 P N3 S'","S' N3 D2 P M2 G3 R2 S","Audava-Sampurna",No,"",Yes,""
"kalyanadayini","Kalyanadayini","Kalyānadāyini",65,"Mechakalyani",11,"Rudra","S R2 G3 M2 D2 N3 S'","S' N3 D2 M2 G3 R2 S","Shadava",No,"",Yes,""
"kannadamaruva","Kannadamaruva","Kannadamaruva",65,"Mechakalyani",11,"Rudra","S G3 M2 P D2 N3 S'","S' N3 D2 P M2 G3 S","Shadava",No,"",Yes,""
"ked-ar","Ked ar","Ked ār",65,"Mechakalyani",11,"Rudra","S * M1 ( G3 )P D2 N3 S'","S' N3 D2 P M2 P *M1 S R2 S","Audava-Shadava",Yes,"M1",Yes,"Hindustani equivalent"
"kowmoda","Kowmoda","Kowmoda",65,"Mechakalyani",11,"Rudra","S R2 G3 M2 N3 S'","S' N3 P M2 G3 S","Audava",No,"",Yes,""
"kunthalashreekanti","Kunthalashreekanti","Kunthalashreekānti",65,"Mechakalyani",11,"Rudra","S G3 M2 P D2 N3 S'","S' N3 P M2 G3 R2 S","Shadava",No,"",Yes,""
"mohana-kalyani","Mohana Kalyani","Mohana Kalyāni",65,"Mechakalyani",11,"Rudra","S R2 G3 P D2 S'","S' N3 D2 P M2 G3 R2 S","Audava-Sampurna",No,"",Yes,""
"mrganandhana","Mrganandhana","Mrgānandhana",65,"Mechakalyani",11,"Rudra","S R2 G3 D2 N3 S'","S' N3 D2 M2 D2 G3 R2 S","Audava-Shadava",No,"",Yes,""
"nada-kalyani","Nada Kalyani","Nada Kalyani",65,"Mechakalyani",11,"Rudra","S R2 M2 P N3 S'","S' N3 D2 M2 G3 R2 S","Audava-Shadava",No,"",Yes,"Raga created by Mahesh Mahadev"
"nandhakalyani","Nandhakalyani","Nāndhakalyāni",65,"Mechakalyani",11,"Rudra","S G3 M2 D2 N3 S'","S' N3 D2 M2 G3 M2 R2 S","Audava-Shadava",No,"",Yes,""
"pramodhini","Pramodhini","Pramodhini",65,"Mechakalyani",11,"Rudra","S G3 M2 P D2 S'","S' D2 P M2 G3 S","Audava",No,"",Yes,""
"rajasadhaka","Rajasadhaka","Rajasadhaka",65,"Mechakalyani",11,"Rudra","S R2 G3 P D2 S'","S' N3 P M2 R2 S","Audava",No,"",Yes,"Raga created by Mahesh Mahadev"
"saranga","Saranga","Sāranga",65,"Mechakalyani",11,"Rudra","S R2 G3 M2 P D2 N3 S' S R2 S P M2 P D2 N3 S' S P M2 P D2 N3 S'","S' N3 D2 P M2 R2 G3 M1 R2 S' S N3 S D2 P M2 R2 G3 M1 R2 S' S N3 D2 P M2 R2 G3 M1 R2 S","Sampurna",Yes,"M1",Yes,""
"saranga-tarangini","Saranga Tarangini","Sāranga Tārangini",65,"Mechakalyani",11,"Rudra","S R2 M2 P D2 N3 S'","S' N3 D2 P M2 R2 S","Shadava",No,"",Yes,""
"shilangi","Shilangi","Shilangi",65,"Mechakalyani",11,"Rudra","S G3 M2 P N3 S'","S' N3 P M2 G3 S","Audava",No,"",Yes,""
"shuddha-sarang","Shuddha Sarang","Shuddha Sārang",65,"Mechakalyani",11,"Rudra","N3 S R2 M2 P N3 S'","S' N3 D2 P M2 P M1 R2 S N3 S","Audava-Shadava",Yes,"M1",Yes,"Hindustani equivalent"
"suddha-koshala","Suddha Koshala","Suddha Koshala",65,"Mechakalyani",11,"Rudra","S G3 M2 P S'","S' N3 D2 M2 G3 R2 S","Swarantara-Shadava",No,"",Yes,""
"shyam-kalyan","Shyam Kalyan","Shyām Kalyān",65,"Mechakalyani",11,"Rudra","N3 S R2 M2 P N3 S'","S' N3 D2 P M2 P D2 P G3 M1 P G3 M1 R2 S N3 S","Audava-Sampurna",Yes,"M1",Yes,"Hindustani equivalent"
"sunadavinodini-hindol-of-hindustani","Sunadavinodini / Hindol of Hindustani","Sunādavinodini / Hindol of Hindustani",65,"Mechakalyani",11,"Rudra","S G3 M2 D2 N3 S'","S' N3 D2 M2 G3 S","Audava",No,"",Yes,""
"swayambhooshwara-raga","Swayambhooshwara Raga","Swayambhooshwara Rāga",65,"Mechakalyani",11,"Rudra","S G3 P S'","S' P G3 S","Swarantara",No,"",Yes,""
"vandanadharini","Vandanadharini","Vandanadhārini",65,"Mechakalyani",11,"Rudra","S R2 M2 P D2 S'","S' D2 P M2 R2 S","Audava",No,"",Yes,""
"vivahapriya","Vivahapriya","Vivāhapriyā",65,"Mechakalyani",11,"Rudra","S R2 M2 P D2 N3 S'","S' N3 D2 P M2 R2 S","Shadava",No,"",Yes,""
"yamuna-kalyani-yaman-kalyan","Yamuna Kalyani / Yaman Kalyan","Yamuna Kalyāni / Yaman Kalyan",65,"Mechakalyani",11,"Rudra","S R2 G3 M2 P D2 N3 S'","S' N3 D2 P M2 G3 M1 G3 R2 S","Sampurna",Yes,"M1",Yes,"Hindustani equivalent"
"chaturangini","Chaturangini","Chaturāngini",66,"Chitrambari",11,"Rudra","S R2 G3 M2 P N3 S'","S' N3 D3 N3 P G3 M2 G3 R2 S","Shadava-Sampurna",No,"",Yes,""
"amritavarshini","Amritavarshini","Amritavarshini",66,"Chitrambari",11,"Rudra","S G3 M2 P N3 S'","S' N3 P M2 G3 S","Audava",No,"",Yes,""
"chitrasindhu","Chitrasindhu","Chitrasindhu",66,"Chitrambari",11,"Rudra","S G3 M2 P N3 S'","S' N3 D3 P M2 G3 R2 S","Audava-Sampurna",No,"",Yes,""
"churnikavinodhini","Churnikavinodhini","Churnikavinodhini",66,"Chitrambari",11,"Rudra","S R2 G3 M2 P D3 N3 S'","S' N3 D3 N3 P M2 G3 R2 S","Sampurna",No,"",Yes,""
"vijayakoshalam","Vijayakoshalam","Vijayakoshalam",66,"Chitrambari",11,"Rudra","S R2 G3 M2 P S'","S' N3 P M2 G3 S","Audava",No,"",Yes,""
"santhana-manjari","Santhana Manjari","Santhāna Manjari",67,"Sucharitra",12,"Aditya (Suns)","S R3 G3 M2 P D1 S'","S' N1 D1 P M2 R3 S","Shadava",No,"",Yes,""
"jyothi","Jyothi","Jyothi",68,"Jyotiswarupini",12,"Aditya (Suns)","S R3 G3 M2 P D1 N2 S'","S' N2 D1 P M2 G3 S","Sampurna-Shadava",No,"",Yes,""
"deepavarali","Deepavarali","Deepavarāli",68,"Jyotiswarupini",12,"Aditya (Suns)","S R3 M2 P N2 S'","S' N2 P M2 G3 R3 S","Audava-Shadava",No,"",Yes,""
"jyothishmathi","Jyothishmathi","Jyothishmathi",68,"Jyotiswarupini",12,"Aditya (Suns)","S R3 G3 M2 P S'","S' N2 D1 M2 P M2 G3 R3 S","Audava-Sampurna",No,"",Yes,""
"ramagiri","Ramagiri","Rāmagiri",68,"Jyotiswarupini",12,"Aditya (Suns)","S R3 M2 G3 M2 P D1 N2 S'","S' D1 N2 D1 P M2 G3 R3 S","Sampurna",No,"",Yes,""
"dhowtha-panchamam","Dhowtha Panchamam","Dhowtha Panchamam",69,"Dhatuvardhani",12,"Aditya (Suns)","S R3 G3 M2 P N3 P S'","S' N3 D1 P M2 R3 G3 M2 R3 S","Shadava-Sampurna",No,"",Yes,""
"dhwithiyapanchamam","Dhwithiyapanchamam","Dhwithiyapanchamam",69,"Dhatuvardhani",12,"Aditya (Suns)","S R3 G3 M2 P N3 P S'","S' N3 D1 P M2 R3 M2 G3 R3 S","Shadava-Sampurna",No,"",Yes,""
"sumukham","Sumukham","Sumukham",69,"Dhatuvardhani",12,"Aditya (Suns)","S R3 M2 N3 S'","S' N3 M2 R3 S","Swarantara",No,"",Yes,""
"tavapriya","Tavapriya","Tavapriyā",69,"Dhatuvardhani",12,"Aditya (Suns)","S R3 M2 P N3 S'","S' N3 D1 P M2 G3 R3 S","Audava-Sampurna",No,"",Yes,""
"nasamani","Nasamani","Nāsāmani",70,"Nasikabhushani",12,"Aditya (Suns)","S R3 S M2 P D2 N2 S'","S' N2 D2 P M2 G3 R3 S","Shadava-Sampurna",No,"",Yes,""
"marakathagowla","Marakathagowla","Marakathagowla",70,"Nasikabhushani",12,"Aditya (Suns)","S R3 M2 P D2 N2 S'","S' N2 D2 P M2 G3 R3 S","Shadava-Sampurna",No,"",Yes,""
"thilakamandari","Thilakamandari","Thilakamandāri",70,"Nasikabhushani",12,"Aditya (Suns)","S R3 M2 P D2 S'","S' D2 P M2 G3 R3 S","Audava-Shadava",No,"",Yes,""
"kusumakaram","Kusumakaram","Kusumākaram",71,"Kosalam",12,"Aditya (Suns)","S R3 G3 M2 P D2 N3 S'","S' N3 D2 P M2 G3 R3 S","Sampurna",No,"",Yes,""
"ayodhya","Ayodhya","Ayodhya",71,"Kosalam",12,"Aditya (Suns)","S G3 M2 P N3 S'","S' D2 P M2 G3 M2 R3 S","Audava-Shadava",No,"",Yes,""
"rasamanjari","Rasamanjari","Rasamanjari",72,"Rasikapriya",12,"Aditya (Suns)","S R3 G3 M2 P D3 N3 S'","S' N3 D3 P M2 G3 R3 S","Sampurna",No,"",Yes,""
"hamsagiri","Hamsagiri","Hamsagiri",72,"Rasikapriya",12,"Aditya (Suns)","S R3 G3 M2 P D3 N3 S'","S' N3 P D3 N3 P M2 G3 S","Sampurna-Shadava",No,"",Yes,""
"ishtarangini","Ishtarangini","Ishtārangini",72,"Rasikapriya",12,"Aditya (Suns)","S R3 M2 P N3 S'","S' N3 D3 P M2 G3 R3 S","Audava-Sampurna",No,"",Yes,""
"nagagiri","Nagagiri","Nāgagiri",72,"Rasikapriya",12,"Aditya (Suns)","S G3 M2 P D2 P S'","S' D2 P M2 G3 S","Audava",No,"",Yes,""