Song,Movie,Year,Raga,Musician,Lyricist,Singers,Song_ID,Movie_ID,Song_URL,Movie_URL
Nakshathra Deepangal,Nirakudam,1977,Aabhogi,Jaya Vijaya,Bichu Thirumala,KJ Yesudas,4293,842,https://en.msidb.org/s.php?4293,https://en.msidb.org/m.php?842
Sapthaswarangalaadum,Sankhupushpam,1977,Aabhogi,MK Arjunan,Sreekumaran Thampi,Vani Jairam,4184,1965,https://en.msidb.org/s.php?4184,https://en.msidb.org/m.php?1965
Shudha Madhalathin,Priyadarshini,1978,Aabhogi,MK Arjunan,Vayalar Ramavarma,"Latha Raju, Malathi",4603,25,https://en.msidb.org/s.php?4603,https://en.msidb.org/m.php?25
Vaasanthadevatha,Adhikaaram,1980,Aabhogi,AT Ummer,Sathyan Anthikkad,Vani Jairam,5574,2796,https://en.msidb.org/s.php?5574,https://en.msidb.org/m.php?2796
Devimayam Sarvam Devimayam,Sreedevi Darsanam,1980,Aabhogi,G Devarajan,P Bhaskaran,KJ Yesudas,15133,5362,https://en.msidb.org/s.php?15133,https://en.msidb.org/m.php?5362
Maanasa,Gaanam,1982,Aabhogi,V Dakshinamoorthy,Traditional (Thyagaraja),S Janaki,6185,1710,https://en.msidb.org/s.php?6185,https://en.msidb.org/m.php?1710
Thozhukai,Boeing Boeing,1985,Aabhogi,Raghu Kumar,Mankombu Gopalakrishnan,KJ Yesudas,6768,679,https://en.msidb.org/s.php?6768,https://en.msidb.org/m.php?679
Goureeshankarasringam,Mayoori,1985,Aabhogi,SP Balasubrahmanyam,Mankombu Gopalakrishnan,"Vani Jairam, Chorus",14715,3501,https://en.msidb.org/s.php?14715,https://en.msidb.org/m.php?3501
Ardhanaareeshwara,Mulamoottil Adima,1985,Aabhogi,MK Arjunan,Devadas,Vani Jairam,6674,1152,https://en.msidb.org/s.php?6674,https://en.msidb.org/m.php?1152
Thedithedi Ananju,Idanaazhiyil Oru Kaalocha,1987,Aabhogi,V Dakshinamoorthy,ONV Kurup,KJ Yesudas,7057,3973,https://en.msidb.org/s.php?7057,https://en.msidb.org/m.php?3973
Devasabhaathalam,His Highness Abdulla,1990,Aabhogi,Raveendran,Kaithapram,"KJ Yesudas, Raveendran, Sharreth",5492,4780,https://en.msidb.org/s.php?5492,https://en.msidb.org/m.php?4780
Devasabhaathalam,His Highness Abdulla,1990,Aabhogi,Raveendran,Kaithapram,"KJ Yesudas, MG Sreekumar, Sharreth",15450,4780,https://en.msidb.org/s.php?15450,https://en.msidb.org/m.php?4780
Kaanchana Thaamarappoomukham,Kadinjool Kalyaanam,1991,Aabhogi,Raveendran,Bichu Thirumala,"MG Sreekumar, Mini",11295,5022,https://en.msidb.org/s.php?11295,https://en.msidb.org/m.php?5022
Sumuhoorthamaay [Thrayambakam],Kamaladalam,1992,Aabhogi,Raveendran,Kaithapram,KJ Yesudas,190934,3791,https://en.msidb.org/s.php?190934,https://en.msidb.org/m.php?3791
Aalilamanjalil,Sooryagaayathri,1992,Aabhogi,Raveendran,ONV Kurup,"KJ Yesudas, KS Chithra",10371,727,https://en.msidb.org/s.php?10371,https://en.msidb.org/m.php?727
Aalilamanjalil [No BGM],Sooryagaayathri,1992,Aabhogi,Raveendran,ONV Kurup,"KJ Yesudas, KS Chithra",10373,727,https://en.msidb.org/s.php?10373,https://en.msidb.org/m.php?727
Aalilamanjalil(f),Sooryagaayathri,1992,Aabhogi,Raveendran,ONV Kurup,KS Chithra,10375,727,https://en.msidb.org/s.php?10375,https://en.msidb.org/m.php?727
Manchaadicheppil,Padaleeputhram,1993,Aabhogi,Raveendran,Bichu Thirumala,"Kallara Gopan, Sujatha Mohan",11589,3203,https://en.msidb.org/s.php?11589,https://en.msidb.org/m.php?3203
Kaathirippoo,Krishnagudiyil Oru Pranayakaalathu,1997,Aabhogi,Vidyasagar,Gireesh Puthenchery,"KJ Yesudas, KS Chithra",11415,413,https://en.msidb.org/s.php?11415,https://en.msidb.org/m.php?413
Iniyum paribhavam,Kaikkudanna Nilaavu,1998,Aabhogi,Kaithapram,Gireesh Puthenchery,"KJ Yesudas, KS Chithra",15198,82,https://en.msidb.org/s.php?15198,https://en.msidb.org/m.php?82
Iniyum paribhavam (f),Kaikkudanna Nilaavu,1998,Aabhogi,Kaithapram,Gireesh Puthenchery,KS Chithra,9641,82,https://en.msidb.org/s.php?9641,https://en.msidb.org/m.php?82
Nandabaalam,Thattakam,1998,Aabhogi,Kaithapram,Kaithapram,KJ Yesudas,12952,3172,https://en.msidb.org/s.php?12952,https://en.msidb.org/m.php?3172
Aaroraal,Pattaalam,2003,Aabhogi,Vidyasagar,Gireesh Puthenchery,Sujatha Mohan,8740,2282,https://en.msidb.org/s.php?8740,https://en.msidb.org/m.php?2282
Aaroraal [D],Pattaalam,2003,Aabhogi,Vidyasagar,Gireesh Puthenchery,"KJ Yesudas, Sujatha Mohan",15458,2282,https://en.msidb.org/s.php?15458,https://en.msidb.org/m.php?2282
Sadaa Manathil Vaazhum,Ee Snehatheerathu (Saamam),2004,Aabhogi,L Subramaniam,"S Ramesan Nair, Prof Lakshmi Narayanan",Kavitha Subramaniam,11852,3713,https://en.msidb.org/s.php?11852,https://en.msidb.org/m.php?3713
Asathoma Sadgamaya,Chinthaamani Kolakkes,2006,Aabhogi,Ishaan Dev,Traditional (Brihadaranya Upanishad),Ishan Dev,12882,5062,https://en.msidb.org/s.php?12882,https://en.msidb.org/m.php?5062
May Maasame,My Mothers Laptop,2008,Aabhogi,Sreevalsan J Menon,Rafeeq Ahamed,Amal Antony,16115,6123,https://en.msidb.org/s.php?16115,https://en.msidb.org/m.php?6123
Amme Mookaambike,Nalla Paattukaarey,2010,Aabhogi,Sharreth,Gireesh Puthenchery,Soniya,190821,6690,https://en.msidb.org/s.php?190821,https://en.msidb.org/m.php?6690
Udayasooryane,Paattinte Paalaazhi,2010,Aabhogi,Dr Suresh Manimala,ONV Kurup,"KS Chithra, Aparna Rajeev",190512,6646,https://en.msidb.org/s.php?190512,https://en.msidb.org/m.php?6646
Soorya Salabham,Ordinary,2012,Aabhogi,Vidyasagar,Rajeev Govindan,KJ Yesudas,193551,6959,https://en.msidb.org/s.php?193551,https://en.msidb.org/m.php?6959
Kaayampoo Niramaay,Su Su Sudhi Valmeekam,2015,Aabhogi,Bijibal Maniyil,Santhosh Varma,"Shweta Mohan, K Girija Varma",1954351,8020,https://en.msidb.org/s.php?1954351,https://en.msidb.org/m.php?8020
Paarudaya Mariyame,Kattappanayile Rithik Roshan,2016,Aabhogi,Nadirsha,"Santhosh Varma, Nadirsha","Rimi Tomy, Vaikom Vijayalakshmi",1954932,8179,https://en.msidb.org/s.php?1954932,https://en.msidb.org/m.php?8179
Panimathimukhi Baale,Nirmaalyam,1973,Aahiri,K Raghavan,Traditional (Swathi Thirunal),"Sukumari Narendra Menon, Chorus",3146,4736,https://en.msidb.org/s.php?3146,https://en.msidb.org/m.php?4736
Oru murai Vanthu Paaraayo [F],Manichithrathaazhu,1993,Aahiri,MG Radhakrishnan,Vaali,Sujatha Mohan,10252,1243,https://en.msidb.org/s.php?10252,https://en.msidb.org/m.php?1243
Pazham Thamizhppaattizhayum,Manichithrathaazhu,1993,Aahiri,MG Radhakrishnan,Bichu Thirumala,KJ Yesudas,12352,1243,https://en.msidb.org/s.php?12352,https://en.msidb.org/m.php?1243
Chempakappoo,Rathinirvedam,2011,Aahiri,M Jayachandran,Murukan Kattakkada,Sudeep Kumar,192949,6878,https://en.msidb.org/s.php?192949,https://en.msidb.org/m.php?6878
Udukkukottippaadum,Kandavarundo,1972,Aanandhaambari,RK Sekhar,Sreekumaran Thampi,S Janaki,2648,1736,https://en.msidb.org/s.php?2648,https://en.msidb.org/m.php?1736
Poovaamkuzhali,Vaadakakkoru Hridayam,1978,Aanandhaambari,G Devarajan,Kavalam Narayana Panicker,KJ Yesudas,4701,57,https://en.msidb.org/s.php?4701,https://en.msidb.org/m.php?57
Ragasudharasa,Sargam,1992,Aandholika,Bombay Ravi,Traditional (Thyagaraja),"KJ Yesudas, KS Chithra",10386,3494,https://en.msidb.org/s.php?10386,https://en.msidb.org/m.php?3494
Ezhuthidunnu Vaniyil,Ithra Maathram,2012,Aandholika,Jaison J Nair,Rafeeq Ahamed,P Unnikrishnan,193945,7141,https://en.msidb.org/s.php?193945,https://en.msidb.org/m.php?7141
Arabikkadalile,Nirmala,1948,Aarabhi,PS Divakar,G Sankara Kurup,TK Govindarao,16563,3395,https://en.msidb.org/s.php?16563,https://en.msidb.org/m.php?3395
Kannum Poottiyuranguka,Snehaseema,1954,Aarabhi,V Dakshinamoorthy,Abhayadev,"AM Raja, P Leela",1775,342,https://en.msidb.org/s.php?1775,https://en.msidb.org/m.php?342
Kannum Poottiyuranguka,Snehaseema,1954,Aarabhi,V Dakshinamoorthy,Abhayadev,P Leela,1776,342,https://en.msidb.org/s.php?1776,https://en.msidb.org/m.php?342
Kanivu Nirayum,Bhakthakuchela,1961,Aarabhi,Br Lakshmanan,Thirunayinaarkurichi Madhavan Nair,"P Leela, AP Komala",94,1265,https://en.msidb.org/s.php?94,https://en.msidb.org/m.php?1265
Cheraan Perumaal,Unniyaarcha,1961,Aarabhi,K Raghavan,P Bhaskaran,K Raghavan,2044,1206,https://en.msidb.org/s.php?2044,https://en.msidb.org/m.php?1206
Ponnoonjale,Unniyaarcha,1961,Aarabhi,K Raghavan,P Bhaskaran,"P Susheela, S Janaki",2052,1206,https://en.msidb.org/s.php?2052,https://en.msidb.org/m.php?1206
Varamaruluka,Kadalamma,1963,Aarabhi,G Devarajan,Vayalar Ramavarma,P Leela,238,684,https://en.msidb.org/s.php?238,https://en.msidb.org/m.php?684
Kanikaanum Neram,Omanakuttan,1964,Aarabhi,G Devarajan,Traditional (Poonthanam),"P Leela, Renuka",373,3706,https://en.msidb.org/s.php?373,https://en.msidb.org/m.php?3706
Omanathinkal Kidaavo,Postman,1967,Aarabhi,BA Chidambaranath,Traditional (Irayimman Thampi),"KJ Yesudas, B Vasantha",895,2169,https://en.msidb.org/s.php?895,https://en.msidb.org/m.php?2169
Thamburaattikkoru,Viplavakaarikal,1968,Aarabhi,G Devarajan,Vayalar Ramavarma,"P Susheela, P Leela",1043,3406,https://en.msidb.org/s.php?1043,https://en.msidb.org/m.php?3406
Vellottu Valayittu,Othenante Makan,1970,Aarabhi,G Devarajan,Vayalar Ramavarma,P Susheela,2308,2354,https://en.msidb.org/s.php?2308,https://en.msidb.org/m.php?2354
Puthooram Veettil,Aromalunni,1972,Aarabhi,G Devarajan,Vayalar Ramavarma,KJ Yesudas,2699,1066,https://en.msidb.org/s.php?2699,https://en.msidb.org/m.php?1066
Ponnambala Nada,Sree Guruvayoorappan,1972,Aarabhi,V Dakshinamoorthy,ONV Kurup,P Susheela,2794,790,https://en.msidb.org/s.php?2794,https://en.msidb.org/m.php?790
Aattum Manammele,Padmavyooham,1973,Aarabhi,MK Arjunan,Sreekumaran Thampi,"KP Brahmanandan, P Madhuri, Chorus",3189,309,https://en.msidb.org/s.php?3189,https://en.msidb.org/m.php?309
Ente Makan Krishnanunni,Udayam,1973,Aarabhi,V Dakshinamoorthy,P Bhaskaran,S Janaki,2934,3156,https://en.msidb.org/s.php?2934,https://en.msidb.org/m.php?3156
Rathisukhasaare,Amma,1976,Aarabhi,MK Arjunan,Traditional (Jayadevar),Vani Jairam,3802,5323,https://en.msidb.org/s.php?3802,https://en.msidb.org/m.php?5323
Jyothirmayee,Mallanum Mathevanum,1976,Aarabhi,Kumarakam Rajappan,Poochakkal Shahul Hameed,"Alleppey Jayashree, Chorus",3980,1846,https://en.msidb.org/s.php?3980,https://en.msidb.org/m.php?1846
Muthumanikal,Ashtamangalyam,1977,Aarabhi,MK Arjunan,Kanam EJ,P Susheela,4292,2160,https://en.msidb.org/s.php?4292,https://en.msidb.org/m.php?2160
Navakaabhishekam Kazhinju,Guruvayoor Kesavan,1977,Aarabhi,G Devarajan,P Bhaskaran,KJ Yesudas,4447,4509,https://en.msidb.org/s.php?4447,https://en.msidb.org/m.php?4509
Bruce Lee Kunjallayo,Raju Rahim,1978,Aarabhi,MK Arjunan,RK Damodaran,"PB Sreenivas, P Jayachandran, CO Anto",4578,5050,https://en.msidb.org/s.php?4578,https://en.msidb.org/m.php?5050
Poornendu Raathripol,College Beauty,1979,Aarabhi,MS Baburaj,Mankombu Gopalakrishnan,KJ Yesudas,5134,1201,https://en.msidb.org/s.php?5134,https://en.msidb.org/m.php?1201
Ettumanoorambalathil(Plain) (Bit),Oppol,1981,Aarabhi,MB Sreenivasan,P Bhaskaran,S Janaki,192850,4726,https://en.msidb.org/s.php?192850,https://en.msidb.org/m.php?4726
Aakaasha poyka,Randu Mukhangal,1981,Aarabhi,MK Arjunan,Appan Thachethu,Vani Jairam,6057,4502,https://en.msidb.org/s.php?6057,https://en.msidb.org/m.php?4502
Thuyilunaru,Ankuram,1982,Aarabhi,MS Viswanathan,ONV Kurup,"P Jayachandran, P Susheela, Chorus",6198,1779,https://en.msidb.org/s.php?6198,https://en.msidb.org/m.php?1779
Shabarimalayoru Poonkaavanam,Sabarimala Darsanam,1984,Aarabhi,Jerry Amaldev,Koorkenchery Sugathan,"KJ Yesudas, Chorus",12707,5079,https://en.msidb.org/s.php?12707,https://en.msidb.org/m.php?5079
Ithiri Naanam,Thammil Thammil,1985,Aarabhi,Raveendran,Poovachal Khader,"KJ Yesudas, N Lathika",6628,484,https://en.msidb.org/s.php?6628,https://en.msidb.org/m.php?484
Pudamurikkalyanam,Chilambu,1986,Aarabhi,Ouseppachan,Bharathan,KS Chithra,7845,2093,https://en.msidb.org/s.php?7845,https://en.msidb.org/m.php?2093
Eerezhu Pathinaalu,Swargam,1987,Aarabhi,Ernakulam Gopan,Unni Aranmula,KJ Yesudas,7023,550,https://en.msidb.org/s.php?7023,https://en.msidb.org/m.php?550
Aadi prakrithi,Oliyambukal (Paithrukam),1990,Aarabhi,MS Viswanathan,ONV Kurup,"MG Sreekumar, Sujatha Mohan",5428,4782,https://en.msidb.org/s.php?5428,https://en.msidb.org/m.php?4782
Swami Ayyappa,Sabarimala Sree Ayyappan,1990,Aarabhi,KV Mahadevan,Sreekumaran Thampi,KJ Yesudas,1422,5117,https://en.msidb.org/s.php?1422,https://en.msidb.org/m.php?5117
Sourayoodhathile,Vamshaantharam,1990,Aarabhi,Murali Sithara,Ooruttambalam Balakrishnan,KJ Yesudas,14546,5741,https://en.msidb.org/s.php?14546,https://en.msidb.org/m.php?5741
Dhwani Prasaadam,Bharatham,1991,Aarabhi,Raveendran,Kaithapram,"M Balamuralikrishna, KJ Yesudas, KS Chithra",10606,2576,https://en.msidb.org/s.php?10606,https://en.msidb.org/m.php?2576
Sree Saraswathi,Sargam,1992,Aarabhi,Bombay Ravi,Traditional (Muthuswamy Dikshithar),KS Chithra,12267,3494,https://en.msidb.org/s.php?12267,https://en.msidb.org/m.php?3494
Sreepaadam Ragardramaay,Devaasuram,1993,Aarabhi,MG Radhakrishnan,Gireesh Puthenchery,MG Sreekumar,10312,5052,https://en.msidb.org/s.php?10312,https://en.msidb.org/m.php?5052
Sreepaadam Ragardramaay,Devaasuram,1993,Aarabhi,MG Radhakrishnan,Gireesh Puthenchery,KS Chithra,15264,5052,https://en.msidb.org/s.php?15264,https://en.msidb.org/m.php?5052
Sopaanasangeethalahariyil,Oru Kadamkatha Pole,1993,Aarabhi,Mohan Sithara,ONV Kurup,KJ Yesudas,11985,4164,https://en.msidb.org/s.php?11985,https://en.msidb.org/m.php?4164
Thirunada,Oru Kadamkatha Pole,1993,Aarabhi,Mohan Sithara,ONV Kurup,KJ Yesudas,11986,4164,https://en.msidb.org/s.php?11986,https://en.msidb.org/m.php?4164
Oru Deva Maalika,Roudram,1994,Aarabhi,Kozhikode Yesudas,PK Gopi,"KJ Yesudas, KS Chithra",12724,5667,https://en.msidb.org/s.php?12724,https://en.msidb.org/m.php?5667
Neelaakaasham,Saagaram saakshi,1994,Aarabhi,Sharreth,Kaithapram,"KJ Yesudas, KS Chithra",10093,3205,https://en.msidb.org/s.php?10093,https://en.msidb.org/m.php?3205
Saadhim Chane,Sopaanam,1994,Aarabhi,SP Venkitesh,Traditional (Thyagaraja),"KJ Yesudas, TN Seshagoapalan, KS Chithra, Manju Menon",12219,4602,https://en.msidb.org/s.php?12219,https://en.msidb.org/m.php?4602
Engane Njaan [M],Deshaadanam,1996,Aarabhi,Kaithapram,Kaithapram,KJ Yesudas,16051,1486,https://en.msidb.org/s.php?16051,https://en.msidb.org/m.php?1486
Engine Njaan,Deshaadanam,1996,Aarabhi,Kaithapram,Kaithapram,Sujatha Mohan,9881,1486,https://en.msidb.org/s.php?9881,https://en.msidb.org/m.php?1486
Neelakkaarmukilvarnnananneram,Deshaadanam,1996,Aarabhi,Kaithapram,Kaithapram,"Manju Menon, Kunjanujathi Thampuratti",9882,1486,https://en.msidb.org/s.php?9882,https://en.msidb.org/m.php?1486
Poli Poliye [Perumthudi],Mannaadiyaar Penninu Chenkotta Chekkan,1997,Aarabhi,Raveendran,PK Gopi,Pradip Somasundaran,12602,4225,https://en.msidb.org/s.php?12602,https://en.msidb.org/m.php?4225
Thiruvaathira,Kanmadam,1998,Aarabhi,Raveendran,Gireesh Puthenchery,"MG Sreekumar, Radhika Thilak",9626,2313,https://en.msidb.org/s.php?9626,https://en.msidb.org/m.php?2313
Thiruvaathira [CD],Kanmadam,1998,Aarabhi,Raveendran,Gireesh Puthenchery,"Sudeep Kumar, Radhika Thilak",17632,2313,https://en.msidb.org/s.php?17632,https://en.msidb.org/m.php?2313
Devalokam pole,Thattakam,1998,Aarabhi,Kaithapram,Kaithapram,"RK Ramadas, Sangeetha Madhav",12948,3172,https://en.msidb.org/s.php?12948,https://en.msidb.org/m.php?3172
Kovaalanum,Aakaashaganga,1999,Aarabhi,Berny Ignatius,S Ramesan Nair,KS Chithra,9529,1349,https://en.msidb.org/s.php?9529,https://en.msidb.org/m.php?1349
Anuraagappuzhavakkil,English Medium,1999,Aarabhi,Raveendran,Gireesh Puthenchery,"Pattanakkad Purushothaman, Susmitha",9493,2622,https://en.msidb.org/s.php?9493,https://en.msidb.org/m.php?2622
Maanathe Manithumba (Niranaazhi),Valyettan,2000,Aarabhi,Mohan Sithara,Gireesh Puthenchery,"MG Sreekumar, Chorus",11787,3419,https://en.msidb.org/s.php?11787,https://en.msidb.org/m.php?3419
Moonam thrikannil,Varnakkaazhchakal,2000,Aarabhi,Mohan Sithara,Yusufali Kecheri,"Mohan Sithara, KS Chithra",9223,1573,https://en.msidb.org/s.php?9223,https://en.msidb.org/m.php?1573
Dheem thanana,Soothradhaaran,2001,Aarabhi,Raveendran,"S Ramesan Nair, Traditional (Thyagaraja)",MG Sreekumar,9038,1967,https://en.msidb.org/s.php?9038,https://en.msidb.org/m.php?1967
Praseetha [F],Illathe Kilikkoodu,2003,Aarabhi,Raveendran,Yusufali Kecheri,KS Chithra,19091,3820,https://en.msidb.org/s.php?19091,https://en.msidb.org/m.php?3820
Mandaarappoo,Njaan Salpperu Raamankutty,2004,Aarabhi,Raveendran,Beeyar Prasad,Radhika Thilak,8748,4194,https://en.msidb.org/s.php?8748,https://en.msidb.org/m.php?4194
Mandaarappooventhe [D],Njaan Salpperu Raamankutty,2004,Aarabhi,Raveendran,Beeyar Prasad,"MG Sreekumar, Radhika Thilak",17650,4194,https://en.msidb.org/s.php?17650,https://en.msidb.org/m.php?4194
Navaraathri,Maanikyan (Kadhayile Raajakumaaran),2005,Aarabhi,Thej Mervin,Gireesh Puthenchery,KS Chithra,10912,3861,https://en.msidb.org/s.php?10912,https://en.msidb.org/m.php?3861
Dhanumaasappularikal,Mayookham,2005,Aarabhi,Bombay Ravi,Mankombu Gopalakrishnan,"Sujatha Mohan, Chorus",10930,344,https://en.msidb.org/s.php?10930,https://en.msidb.org/m.php?344
Jagadaananda,Aananda Bhairavi,2007,Aarabhi,Veena Parthasarathy,Traditional (Thyagaraja),Arjun Krishna,13119,5505,https://en.msidb.org/s.php?13119,https://en.msidb.org/m.php?5505
Payyannur Pavithram [F],Kaalchilambu,2008,Aarabhi,Kaithapram,Kaithapram,KS Chithra,16071,6164,https://en.msidb.org/s.php?16071,https://en.msidb.org/m.php?6164
Payyannur Pavithram [M],Kaalchilambu,2008,Aarabhi,Kaithapram,Kaithapram,Deepankuran,16073,6164,https://en.msidb.org/s.php?16073,https://en.msidb.org/m.php?6164
Poo Mayile,Parunthu,2008,Aarabhi,Alex Paul,Anil Panachooran,MG Sreekumar,16480,6212,https://en.msidb.org/s.php?16480,https://en.msidb.org/m.php?6212
Ponnaalilakale,Venshankhupol [Ekadasi],2011,Aarabhi,Anil Pongummoodu,ONV Kurup,Aparna Rajeev,193120,6897,https://en.msidb.org/s.php?193120,https://en.msidb.org/m.php?6897
Mandaanila Parilaalithe,Poppins,2012,Aarabhi,Ratheesh Vegha,Shibu Chakravarthy,P Jayachandran,194225,7163,https://en.msidb.org/s.php?194225,https://en.msidb.org/m.php?7163
Ee Mizhikalin,Ormayundo Ee Mukham,2014,Aarabhi,Shaan Rahman,Vineeth Sreenivasan,"Vineeth Sreenivasan, Mridula Warrier",1953642,7779,https://en.msidb.org/s.php?1953642,https://en.msidb.org/m.php?7779
Aadiyil Vachanamundaayi,Chettathi,1965,Ahir Bhairavi,MS Baburaj,Vayalar Ramavarma,KJ Yesudas,590,2303,https://en.msidb.org/s.php?590,https://en.msidb.org/m.php?2303
Vijanatheerame,Raathrivandi,1971,Ahir Bhairavi,MS Baburaj,P Bhaskaran,KJ Yesudas,2512,766,https://en.msidb.org/s.php?2512,https://en.msidb.org/m.php?766
Tajmahal Nirmicha,Azhakulla Saleena,1973,Ahir Bhairavi,KJ Yesudas,Vayalar Ramavarma,P Susheela,3109,3370,https://en.msidb.org/s.php?3109,https://en.msidb.org/m.php?3370
Asthamayachakravaalam,Soundarya Pooja,1973,Ahir Bhairavi,MS Baburaj,Sreekumaran Thampi,KJ Yesudas,3020,4424,https://en.msidb.org/s.php?3020,https://en.msidb.org/m.php?4424
Jeevithame ha jeevithame,Pathiraasooryan,1981,Ahir Bhairavi,V Dakshinamoorthy,Sreekumaran Thampi,KJ Yesudas,5948,2722,https://en.msidb.org/s.php?5948,https://en.msidb.org/m.php?2722
Chaithram chaayam chaalichu,Chillu,1982,Ahir Bhairavi,MB Sreenivasan,ONV Kurup,KJ Yesudas,6265,337,https://en.msidb.org/s.php?6265,https://en.msidb.org/m.php?337
Raakkilithan (M),Perumazhakkaalam,2004,Ahir Bhairavi,M Jayachandran,Rafeeq Ahamed,M Jayachandran,8521,2434,https://en.msidb.org/s.php?8521,https://en.msidb.org/m.php?2434
Raakkilithan (f),Perumazhakkaalam,2004,Ahir Bhairavi,M Jayachandran,Rafeeq Ahamed,Sujatha Mohan,8520,2434,https://en.msidb.org/s.php?8520,https://en.msidb.org/m.php?2434
Nishaasurabhee,Ivan Megharoopan,2012,Ahir Bhairavi,Sharreth,ONV Kurup,Shweta Mohan,193570,6996,https://en.msidb.org/s.php?193570,https://en.msidb.org/m.php?6996
Njanoru Veenaadhaari,Sivathaandavam,1977,Airavathi,MB Sreenivasan,Perumbuzha Gopalakrishnan,KJ Yesudas,4128,287,https://en.msidb.org/s.php?4128,https://en.msidb.org/m.php?287
Kaumaara Swapnangal,Aarathi,1981,Airavathi,MB Sreenivasan,Sathyan Anthikkad,S Janaki,6052,2279,https://en.msidb.org/s.php?6052,https://en.msidb.org/m.php?2279
Aadiparaashakthi,Ponnaapuram Kotta,1973,Amrithavarshini,G Devarajan,Vayalar Ramavarma,"KJ Yesudas, PB Sreenivas, P Leela, P Susheela, P Madhuri",2948,3752,https://en.msidb.org/s.php?2948,https://en.msidb.org/m.php?3752
Aakaashagangayil Njaanorikkal,Ragging,1973,Amrithavarshini,MK Arjunan,PJ Antony,S Janaki,2907,2595,https://en.msidb.org/s.php?2907,https://en.msidb.org/m.php?2595
Kasthoori Gandhikal (Om Namo Narayananaya),Sethubandhanam,1974,Amrithavarshini,G Devarajan,Sreekumaran Thampi,"KJ Yesudas, P Madhuri, Ayiroor Sadasivan",3295,895,https://en.msidb.org/s.php?3295,https://en.msidb.org/m.php?895
Maarivillinte panthal,Vadakaveedu,1979,Amrithavarshini,MS Viswanathan,Bichu Thirumala,Vani Jairam,5036,3984,https://en.msidb.org/s.php?5036,https://en.msidb.org/m.php?3984
Vilikkaathirunnaalum,Ishtamaanu Pakshe,1980,Amrithavarshini,G Devarajan,Alappuzha Rajasekharan Nair,"KJ Yesudas, P Jayachandran, P Madhuri",5774,3142,https://en.msidb.org/s.php?5774,https://en.msidb.org/m.php?3142
Sharathkaala Megham,Dhruvasangamam,1981,Amrithavarshini,Raveendran,Sathyan Anthikkad,KJ Yesudas,6007,982,https://en.msidb.org/s.php?6007,https://en.msidb.org/m.php?982
Thaalam Thettiya Jeevithangal,Thaalam Manassinte Thaalam,1981,Amrithavarshini,G Devarajan,Devadas,MG Radhakrishnan,5844,328,https://en.msidb.org/s.php?5844,https://en.msidb.org/m.php?328
Vadasi Yadi,Manj,1983,Amrithavarshini,MB Sreenivasan,Traditional (Jayadevar),Usha Ravi,7419,2078,https://en.msidb.org/s.php?7419,https://en.msidb.org/m.php?2078
Ghanashyaama varnnaa kanna,Naanayam,1983,Amrithavarshini,Shyam,Yusufali Kecheri,Vani Jairam,7471,1256,https://en.msidb.org/s.php?7471,https://en.msidb.org/m.php?1256
Aadi Brahmamunarnnu,Ezhu Swarangal,1984,Amrithavarshini,Thankachan,Shibu Chakravarthy,Krishnachandran,13519,5853,https://en.msidb.org/s.php?13519,https://en.msidb.org/m.php?5853
Maanam pon manam,Idavelakku Shesham,1984,Amrithavarshini,Raveendran,Poovachal Khader,KJ Yesudas,7199,4555,https://en.msidb.org/s.php?7199,https://en.msidb.org/m.php?4555
Kumkumathumpikal,Vepraalam,1984,Amrithavarshini,KV Mahadevan,Balu Kiriyath,P Susheela,7247,4485,https://en.msidb.org/s.php?7247,https://en.msidb.org/m.php?4485
Neelalohitha,Kaaveri,1986,Amrithavarshini,"V Dakshinamoorthy, Ilayaraja",Kavalam Narayana Panicker,M Balamuralikrishna,7833,822,https://en.msidb.org/s.php?7833,https://en.msidb.org/m.php?822
Azhakinte Nirakumbham,Oru Manju Thulli Pole,1986,Amrithavarshini,Darsan Raman,Sarath Vayalar,MG Sreekumar,12953,3468,https://en.msidb.org/s.php?12953,https://en.msidb.org/m.php?3468
Oru Dalam Maathram,Jaalakam,1987,Amrithavarshini,MG Radhakrishnan,ONV Kurup,KJ Yesudas,7082,3688,https://en.msidb.org/s.php?7082,https://en.msidb.org/m.php?3688
Manipravaalam,Vaasavadatha,1991,Amrithavarshini,Raveendran,Bichu Thirumala,KS Chithra,10638,1662,https://en.msidb.org/s.php?10638,https://en.msidb.org/m.php?1662
Devi neeyen,Oru Mutham Mani Mutham,1997,Amrithavarshini,Raveendran,ONV Kurup,KJ Yesudas,11716,1692,https://en.msidb.org/s.php?11716,https://en.msidb.org/m.php?1692
Aashaadam,Mazha,2000,Amrithavarshini,Raveendran,K Jayakumar,"KJ Yesudas, KS Chithra",9302,4296,https://en.msidb.org/s.php?9302,https://en.msidb.org/m.php?4296
Aashaadam,Mazha,2000,Amrithavarshini,Raveendran,K Jayakumar,Pradip Somasundaran,194288,4296,https://en.msidb.org/s.php?194288,https://en.msidb.org/m.php?4296
Manassi Nabhassi,Raathrimazha,2007,Amrithavarshini,Ramesh Narayan,ONV Kurup,Ramesh Narayan,11182,5191,https://en.msidb.org/s.php?11182,https://en.msidb.org/m.php?5191
Aalaapam,Nalla Paattukaarey,2010,Amrithavarshini,Sharreth,Gireesh Puthenchery,"Najim Arshad, Gayathri Suresh",190817,6690,https://en.msidb.org/s.php?190817,https://en.msidb.org/m.php?6690
Dhavalaroopa,Prasanna,1950,Ananda Bhairavi,Jnanamani,Abhayadev,Jayalakshmi,1545,2058,https://en.msidb.org/s.php?1545,https://en.msidb.org/m.php?2058
Minnum Ponnin Kireedam,Neelakkuyil,1954,Ananda Bhairavi,K Raghavan,Traditional (CV Bhattathiri),Santha P Nair,1758,4647,https://en.msidb.org/s.php?1758,https://en.msidb.org/m.php?4647
Kanna Thaamarakanna,Bhakthakuchela,1961,Ananda Bhairavi,Br Lakshmanan,Thirunayinaarkurichi Madhavan Nair,AP Komala,85,1265,https://en.msidb.org/s.php?85,https://en.msidb.org/m.php?1265
Jaathibhedam Mathadwesham,Kaalpaadukal,1962,Ananda Bhairavi,MB Sreenivasan,Sreenarayana Guru,KJ Yesudas,120,1361,https://en.msidb.org/s.php?120,https://en.msidb.org/m.php?1361
Kaathukolka Njangale,Veluthambi Dalawa,1962,Ananda Bhairavi,V Dakshinamoorthy,Abhayadev,P Leela,2081,2472,https://en.msidb.org/s.php?2081,https://en.msidb.org/m.php?2472
Kanikaanum Neram,Omanakuttan,1964,Ananda Bhairavi,G Devarajan,Traditional (Poonthanam),"P Leela, Renuka",373,3706,https://en.msidb.org/s.php?373,https://en.msidb.org/m.php?3706
Poovittu Poovittu,Thilothama,1966,Ananda Bhairavi,G Devarajan,Vayalar Ramavarma,P Susheela,789,4016,https://en.msidb.org/s.php?789,https://en.msidb.org/m.php?4016
Kaatharamizhi,Arakkillam,1967,Ananda Bhairavi,G Devarajan,Vayalar Ramavarma,P Leela,884,308,https://en.msidb.org/s.php?884,https://en.msidb.org/m.php?308
Chethi Mandaaram Thulasi,Adimakal,1969,Ananda Bhairavi,G Devarajan,Vayalar Ramavarma,P Susheela,1301,2774,https://en.msidb.org/s.php?1301,https://en.msidb.org/m.php?2774
Kasthoorippottu Maanju,Pooja Pushpam,1969,Ananda Bhairavi,V Dakshinamoorthy,Thikkurissi Sukumaran Nair,"KJ Yesudas, Renuka",1328,676,https://en.msidb.org/s.php?1328,https://en.msidb.org/m.php?676
Kalabhamazha Peyyunna,Kuttavaali,1970,Ananda Bhairavi,V Dakshinamoorthy,Vayalar Ramavarma,P Susheela,2314,1706,https://en.msidb.org/s.php?2314,https://en.msidb.org/m.php?1706
Kalimankudililirunnu,Swapnangal,1970,Ananda Bhairavi,G Devarajan,Vayalar Ramavarma,P Susheela,2348,2917,https://en.msidb.org/s.php?2348,https://en.msidb.org/m.php?2917
Illaarillam Kaattinullil,Karakaanaakkadal,1971,Ananda Bhairavi,G Devarajan,Vayalar Ramavarma,"P Madhuri, Chorus",2550,2739,https://en.msidb.org/s.php?2550,https://en.msidb.org/m.php?2739
Thiriyo Thiri Poothiri,Moonnupookkal,1971,Ananda Bhairavi,Pukazhenthi,P Bhaskaran,S Janaki,2414,2977,https://en.msidb.org/s.php?2414,https://en.msidb.org/m.php?2977
Dhanumaasathil Thiruvaathira,Maaya,1972,Ananda Bhairavi,V Dakshinamoorthy,Sreekumaran Thampi,"P Leela, Chorus",2668,5028,https://en.msidb.org/s.php?2668,https://en.msidb.org/m.php?5028
Aadiyil Malsyamaay,Sree Guruvayoorappan,1972,Ananda Bhairavi,V Dakshinamoorthy,ONV Kurup,KJ Yesudas,2785,790,https://en.msidb.org/s.php?2785,https://en.msidb.org/m.php?790
Veeraviraatakumaara,Maadhavikkutty,1973,Ananda Bhairavi,G Devarajan,Traditional (Irayimman Thampi),"P Madhuri, Chorus",3165,4791,https://en.msidb.org/s.php?3165,https://en.msidb.org/m.php?4791
Aaraattinaanakal,Shaasthram Jayichu Manushyan Thottu,1973,Ananda Bhairavi,V Dakshinamoorthy,Sreekumaran Thampi,KJ Yesudas,3099,1640,https://en.msidb.org/s.php?3099,https://en.msidb.org/m.php?1640
Pachamalappanamkuruvi,Arakkallan Mukkaalkkallan,1974,Ananda Bhairavi,V Dakshinamoorthy,P Bhaskaran,S Janaki,3429,3046,https://en.msidb.org/s.php?3429,https://en.msidb.org/m.php?3046
Naarayanaaya Nama,Chattakkaari,1974,Ananda Bhairavi,G Devarajan,Vayalar Ramavarma,P Leela,3313,2529,https://en.msidb.org/s.php?3313,https://en.msidb.org/m.php?2529
Amrithaprabhaatham Virinju,College Girl,1974,Ananda Bhairavi,AT Ummer,Dr Balakrishnan,"Chandrabhanu, Devi Chandra",3347,2577,https://en.msidb.org/s.php?3347,https://en.msidb.org/m.php?2577
Induchoodan Bhagavaante,Thacholi Marumakan Chanthu,1974,Ananda Bhairavi,V Dakshinamoorthy,P Bhaskaran,S Janaki,3378,3481,https://en.msidb.org/s.php?3378,https://en.msidb.org/m.php?3481
Swararagamadhuthoovum,Youvanam,1974,Ananda Bhairavi,V Dakshinamoorthy,Sreekumaran Thampi,KJ Yesudas,3279,757,https://en.msidb.org/s.php?3279,https://en.msidb.org/m.php?757
Shabarimalayil,Swaami Ayyappan,1975,Ananda Bhairavi,G Devarajan,Vayalar Ramavarma,KJ Yesudas,3672,213,https://en.msidb.org/s.php?3672,https://en.msidb.org/m.php?213
Swarna Kodimarathil,Swaami Ayyappan,1975,Ananda Bhairavi,G Devarajan,Sreekumaran Thampi,"P Jayachandran, N Sreekanth, P Madhuri, Chorus",3679,213,https://en.msidb.org/s.php?3679,https://en.msidb.org/m.php?213
Pachanellin Kathiru,Thiruvonam,1975,Ananda Bhairavi,MK Arjunan,Sreekumaran Thampi,"P Jayachandran, P Madhuri",3711,2938,https://en.msidb.org/s.php?3711,https://en.msidb.org/m.php?2938
Palanimalakkovilile,Pick Pocket,1976,Ananda Bhairavi,MK Arjunan,Pappanamkodu Lakshmanan,"P Jayachandran, Chorus",4031,1648,https://en.msidb.org/s.php?4031,https://en.msidb.org/m.php?1648
Mangalayaathira Rathri,Samasya,1976,Ananda Bhairavi,KP Udayabhanu,ONV Kurup,"Lekha K Nair, Chorus",3827,2263,https://en.msidb.org/s.php?3827,https://en.msidb.org/m.php?2263
Kani Kaanenam,Bandhanam,1978,Ananda Bhairavi,MB Sreenivasan,ONV Kurup,Leela Menon,12956,4972,https://en.msidb.org/s.php?12956,https://en.msidb.org/m.php?4972
Paluke Bangaramayena,Sankaraabharanam,1980,Ananda Bhairavi,KV Mahadevan,Vetturi Sundararamamoorthy,Vani Jairam,189885,843,https://en.msidb.org/s.php?189885,https://en.msidb.org/m.php?843
Madhura Nagarilo,Sree Thyagaraja,1981,Ananda Bhairavi,KV Mahadevan,Traditional (Chittoor Subramanya Pillai),Vani Jairam,6107,3020,https://en.msidb.org/s.php?6107,https://en.msidb.org/m.php?3020
Aalaayaal Thara Venam,Aalolam,1982,Ananda Bhairavi,Kavalam Narayana Panicker,Kavalam Narayana Panicker,Nedumudi Venu,189811,3865,https://en.msidb.org/s.php?189811,https://en.msidb.org/m.php?3865
Ksheera Saagara,Ente Mohangal Poovaninju,1982,Ananda Bhairavi,V Dakshinamoorthy,Traditional (Thyagaraja),KJ Yesudas,18970,890,https://en.msidb.org/s.php?18970,https://en.msidb.org/m.php?890
Baale edi baale,Ente Shathrukkal (Porattam),1982,Ananda Bhairavi,MK Arjunan,Poovachal Khader,"KJ Yesudas, Ambili Rajasekharan",6233,2345,https://en.msidb.org/s.php?6233,https://en.msidb.org/m.php?2345
Thushaaramanikal,Ilakkangal,1982,Ananda Bhairavi,MB Sreenivasan,Kavalam Narayana Panicker,"S Janaki, Kaviyoor Ponnamma, Sankaradi",6128,4207,https://en.msidb.org/s.php?6128,https://en.msidb.org/m.php?4207
Karaaravindena [Bit],Krishna Guruvaayoorappa,1984,Ananda Bhairavi,V Dakshinamoorthy,Thunchathezhuthachan,P Jayachandran,190307,2808,https://en.msidb.org/s.php?190307,https://en.msidb.org/m.php?2808
Anjanavarnnanaamunni,Sree Guruvayoor Maahaathmyam,1984,Ananda Bhairavi,V Dakshinamoorthy,P Bhaskaran,Kalyani Menon,8065,2756,https://en.msidb.org/s.php?8065,https://en.msidb.org/m.php?2756
Deepam,Avidatheppole Ivideyum,1985,Ananda Bhairavi,MK Arjunan,P Bhaskaran,S Janaki,6585,1949,https://en.msidb.org/s.php?6585,https://en.msidb.org/m.php?1949
Kanneerppoovinte,Kireedam,1989,Ananda Bhairavi,Johnson,Kaithapram,MG Sreekumar,6934,2203,https://en.msidb.org/s.php?6934,https://en.msidb.org/m.php?2203
Thaane poovitta moham,Sasneham,1990,Ananda Bhairavi,Johnson,PK Gopi,G Venugopal,5507,4426,https://en.msidb.org/s.php?5507,https://en.msidb.org/m.php?4426
Pooniram kandoodivannu,Bandhukkal Shathrukkal,1993,Ananda Bhairavi,Sreekumaran Thampi,Sreekumaran Thampi,"KJ Yesudas, KS Chithra, Chorus",10345,2751,https://en.msidb.org/s.php?10345,https://en.msidb.org/m.php?2751
Namasthesthu [Bit],Devaasuram,1993,Ananda Bhairavi,MG Radhakrishnan,Traditional (Lakshmi Ashtakam),B Arundhathi,189991,5052,https://en.msidb.org/s.php?189991,https://en.msidb.org/m.php?5052
Vaalkkanezhuthiya,Paithrukam,1993,Ananda Bhairavi,SP Venkitesh,Kaithapram,KJ Yesudas,10236,1132,https://en.msidb.org/s.php?10236,https://en.msidb.org/m.php?1132
Vaalkkannezhuthiya,Paithrukam,1993,Ananda Bhairavi,SP Venkitesh,Kaithapram,KS Chithra,10234,1132,https://en.msidb.org/s.php?10234,https://en.msidb.org/m.php?1132
Shaanthaakaaram Bhujagashayanam,Parinayam,1994,Ananda Bhairavi,Bombay Ravi,Yusufali Kecheri,KS Chithra,10129,3618,https://en.msidb.org/s.php?10129,https://en.msidb.org/m.php?3618
Suvi Suvi,Krishnagudiyil Oru Pranayakaalathu,1997,Ananda Bhairavi,Vidyasagar,Gireesh Puthenchery,Saahithi,11413,413,https://en.msidb.org/s.php?11413,https://en.msidb.org/m.php?413
Onathumbi paadu,Super Man,1997,Ananda Bhairavi,SP Venkitesh,S Ramesan Nair,KJ Yesudas,9682,4443,https://en.msidb.org/s.php?9682,https://en.msidb.org/m.php?4443
Onathumbi paadu,Super Man,1997,Ananda Bhairavi,SP Venkitesh,S Ramesan Nair,Sujatha Mohan,1953826,4443,https://en.msidb.org/s.php?1953826,https://en.msidb.org/m.php?4443
Kaaveri theerathe,Kaikkudanna Nilaavu,1998,Ananda Bhairavi,Kaithapram,Gireesh Puthenchery,KS Chithra,9642,82,https://en.msidb.org/s.php?9642,https://en.msidb.org/m.php?82
Prayam nammil,Niram,1999,Ananda Bhairavi,Vidyasagar,Bichu Thirumala,"P Jayachandran, Sujatha Mohan",9456,3611,https://en.msidb.org/s.php?9456,https://en.msidb.org/m.php?3611
Chittolam,Udayapuram Sulthan,1999,Ananda Bhairavi,Kaithapram,Kaithapram,"KJ Yesudas, KS Chithra",9415,2429,https://en.msidb.org/s.php?9415,https://en.msidb.org/m.php?2429
Aattunottundaaya (F),Shaantham,2000,Ananda Bhairavi,Kaithapram,Kaithapram,KS Chithra,9244,2304,https://en.msidb.org/s.php?9244,https://en.msidb.org/m.php?2304
Aattunottundaaya (M),Shaantham,2000,Ananda Bhairavi,Kaithapram,Kaithapram,KJ Yesudas,9248,2304,https://en.msidb.org/s.php?9248,https://en.msidb.org/m.php?2304
Gokulathil,Kayyethum Doorathu,2002,Ananda Bhairavi,Ouseppachan,S Ramesan Nair,"Vidhu Prathap, KS Chithra",10709,2623,https://en.msidb.org/s.php?10709,https://en.msidb.org/m.php?2623
Vasantharaavin,Kayyethum Doorathu,2002,Ananda Bhairavi,Ouseppachan,S Ramesan Nair,"Vijay Yesudas, Sujatha Mohan",10713,2623,https://en.msidb.org/s.php?10713,https://en.msidb.org/m.php?2623
Makara nilaavil,Snehithan,2002,Ananda Bhairavi,Mohan Sithara,Yusufali Kecheri,KJ Yesudas,8874,4160,https://en.msidb.org/s.php?8874,https://en.msidb.org/m.php?4160
Ninakkum Nilaavil,Mullavalliyum Thenmaavum,2003,Ananda Bhairavi,Ouseppachan,Gireesh Puthenchery,Kalyani Menon,8752,2994,https://en.msidb.org/s.php?8752,https://en.msidb.org/m.php?2994
Ee Kannan Kaattum Kusrithi,Thilakkam,2003,Ananda Bhairavi,Kaithapram Viswanath,Kaithapram,"Kallara Gopan, Sujatha Mohan",8714,4267,https://en.msidb.org/s.php?8714,https://en.msidb.org/m.php?4267
Chempadapada,Chandrolsavam,2005,Ananda Bhairavi,Vidyasagar,Arumughan Vengidangu,MG Sreekumar,8332,603,https://en.msidb.org/s.php?8332,https://en.msidb.org/m.php?603
Punnellin kathirola,Made In USA,2005,Ananda Bhairavi,Vidyasagar,ONV Kurup,Aparna Rajeev,10903,1687,https://en.msidb.org/s.php?10903,https://en.msidb.org/m.php?1687
Punnellin kathirola [M],Made In USA,2005,Ananda Bhairavi,Vidyasagar,ONV Kurup,P Jayachandran,15492,1687,https://en.msidb.org/s.php?15492,https://en.msidb.org/m.php?1687
Aadadi aadadadi,Ullam,2005,Ananda Bhairavi,Kaithapram Viswanath,Kaithapram,G Venugopal,11023,3830,https://en.msidb.org/s.php?11023,https://en.msidb.org/m.php?3830
Kai Niraye Venna,Baba Kalyani,2006,Ananda Bhairavi,Alex Paul,Sarath Vayalar,G Venugopal,12364,5309,https://en.msidb.org/s.php?12364,https://en.msidb.org/m.php?5309
Kai Niraye Venna (F),Baba Kalyani,2006,Ananda Bhairavi,Alex Paul,Sarath Vayalar,Manjari,12365,5309,https://en.msidb.org/s.php?12365,https://en.msidb.org/m.php?5309
Ponnunni,Anchiloraal Arjunan,2007,Ananda Bhairavi,Mohan Sithara,Sarath Vayalar,P Jayachandran,12805,5804,https://en.msidb.org/s.php?12805,https://en.msidb.org/m.php?5804
Anthinilaavinte,Pranayakaalam,2007,Ananda Bhairavi,Ouseppachan,Rafeeq Ahamed,Kalyani Menon,13803,5982,https://en.msidb.org/s.php?13803,https://en.msidb.org/m.php?5982
Manjutharasree,Mizhikal Sakshi,2008,Ananda Bhairavi,V Dakshinamoorthy,ONV Kurup,Aparna Rajeev,16082,6060,https://en.msidb.org/s.php?16082,https://en.msidb.org/m.php?6060
Shaarike Ninnekkaanaan,Raakkilippaattu,2009,Ananda Bhairavi,Vidyasagar,K Jayakumar,"KS Chithra, Sujatha Mohan, Sangeetha Madhav",9262,3612,https://en.msidb.org/s.php?9262,https://en.msidb.org/m.php?3612
Ambaadi Thanniloramma,Orkut Oru Ormmakkoottu,2012,Ananda Bhairavi,Leela Gireesh Kuttan,Santhosh Varma,Lekha R Nair,193224,6944,https://en.msidb.org/s.php?193224,https://en.msidb.org/m.php?6944
Thiruvonappularithan,Thiruvonam,1975,Arabhi,MK Arjunan,Sreekumaran Thampi,Vani Jairam,3707,2938,https://en.msidb.org/s.php?3707,https://en.msidb.org/m.php?2938
Samayaakini,Sree Thyagaraja,1981,Arabhi,KV Mahadevan,Traditional (Thyagaraja),SP Balasubrahmanyam,5535,3020,https://en.msidb.org/s.php?5535,https://en.msidb.org/m.php?3020
Kandathundo Sakhee,Manthravaadi,1956,Atana,Br Lakshmanan,Thirunayinaarkurichi Madhavan Nair,P Leela,1845,2284,https://en.msidb.org/s.php?1845,https://en.msidb.org/m.php?2284
Naadan Paattinte,Babumon,1975,Atana,MS Viswanathan,Mankombu Gopalakrishnan,KJ Yesudas,3738,216,https://en.msidb.org/s.php?3738,https://en.msidb.org/m.php?216
Pranayamalarkkaavil,Mallanum Mathevanum,1976,Atana,K Raghavan,P Bhaskaran,"KJ Yesudas, KP Brahmanandan, Selma George",3982,1846,https://en.msidb.org/s.php?3982,https://en.msidb.org/m.php?1846
Sankara Digvijayam,Jagadguru Adisankaran,1977,Atana,V Dakshinamoorthy,P Bhaskaran,KJ Yesudas,4404,3882,https://en.msidb.org/s.php?4404,https://en.msidb.org/m.php?3882
Aadiyushassil,Manushyan,1979,Atana,V Dakshinamoorthy,Bharanikkavu Sivakumar,KJ Yesudas,5053,2678,https://en.msidb.org/s.php?5053,https://en.msidb.org/m.php?2678
Sreemad Chandana,Amme Naaraayana,1984,Atana,AT Ummer,Traditional (Folk),KP Brahmanandan,13897,1053,https://en.msidb.org/s.php?13897,https://en.msidb.org/m.php?1053
Baala Kanakamaya,Saagara Sangamam,1984,Atana,Ilayaraja,Traditional (Thyagaraja),S Janaki,12984,5822,https://en.msidb.org/s.php?12984,https://en.msidb.org/m.php?5822
Nee vin poo pol,Innale,1990,Atana,Perumbavoor G Ravindranath,Kaithapram,"KJ Yesudas, KS Chithra",5466,3094,https://en.msidb.org/s.php?5466,https://en.msidb.org/m.php?3094
Paattum paadi,Speed (Fast Track),2006,Bahudhari,Deepak Dev,Gireesh Puthenchery,KJ Yesudas,11083,4603,https://en.msidb.org/s.php?11083,https://en.msidb.org/m.php?4603
Chandam kaalindi (f),Chess,2006,Bahumarini,Berny Ignatius,Sarath Vayalar,KS Chithra,11068,5181,https://en.msidb.org/s.php?11068,https://en.msidb.org/m.php?5181
Chandam kaalindi [D],Chess,2006,Bahumarini,Berny Ignatius,Sarath Vayalar,"KJ Yesudas, KS Chithra",11067,5181,https://en.msidb.org/s.php?11067,https://en.msidb.org/m.php?5181
Chandam kaalindi [M],Chess,2006,Bahumarini,Berny Ignatius,Sarath Vayalar,"KJ Yesudas, Chorus",19075,5181,https://en.msidb.org/s.php?19075,https://en.msidb.org/m.php?5181
Mallaakshee Manimaaril,Kumaarasambhavam,1969,Basanth Bahar,G Devarajan,Vayalar Ramavarma,"MG Radhakrishnan, B Vasantha",1406,557,https://en.msidb.org/s.php?1406,https://en.msidb.org/m.php?557
Varunee Premaramani,Amma,1952,Begada,V Dakshinamoorthy,P Bhaskaran,"Gokulapalan, Kaviyoor Revamma",2018,4654,https://en.msidb.org/s.php?2018,https://en.msidb.org/m.php?4654
Krishna Guruvaayoorappa,Nithyakanyaka,1963,Begada,G Devarajan,Vayalar Ramavarma,KJ Yesudas,186,4930,https://en.msidb.org/s.php?186,https://en.msidb.org/m.php?4930
Thapassirunnu Devan,Kumaarasambhavam,1969,Begada,G Devarajan,ONV Kurup,KJ Yesudas,1399,557,https://en.msidb.org/s.php?1399,https://en.msidb.org/m.php?557
Ambalapparambile,Ningalenne Communistaakki,1970,Begada,G Devarajan,Vayalar Ramavarma,KJ Yesudas,2330,1990,https://en.msidb.org/s.php?2330,https://en.msidb.org/m.php?1990
Innale Neeyoru,Sthree,1970,Begada,V Dakshinamoorthy,P Bhaskaran,S Janaki,2248,4711,https://en.msidb.org/s.php?2248,https://en.msidb.org/m.php?4711
Innale Neeyoru,Sthree,1970,Begada,V Dakshinamoorthy,P Bhaskaran,KJ Yesudas,2249,4711,https://en.msidb.org/s.php?2249,https://en.msidb.org/m.php?4711
Maanathu Ninnoru,Anweshanam,1972,Begada,MK Arjunan,Sreekumaran Thampi,"KJ Yesudas, S Janaki",2824,1737,https://en.msidb.org/s.php?2824,https://en.msidb.org/m.php?1737
Sangeethamaathmaavin Sougandhikam,Aaraadhika,1973,Begada,MS Baburaj,Sreekumaran Thampi,"P Leela, B Vasantha",2988,1379,https://en.msidb.org/s.php?2988,https://en.msidb.org/m.php?1379
Ammaykkum Achanum,Interview,1973,Begada,V Dakshinamoorthy,Vayalar Ramavarma,P Susheela,3104,4227,https://en.msidb.org/s.php?3104,https://en.msidb.org/m.php?4227
Kalayude Devi,Udayam,1973,Begada,V Dakshinamoorthy,Sreekumaran Thampi,"S Janaki, Ambili Rajasekharan",2931,3156,https://en.msidb.org/s.php?2931,https://en.msidb.org/m.php?3156
Poonilaave Vaa,Padmaraagam,1975,Begada,MK Arjunan,Sreekumaran Thampi,S Janaki,3757,1970,https://en.msidb.org/s.php?3757,https://en.msidb.org/m.php?1970
Sankara Digvijayam,Jagadguru Adisankaran,1977,Begada,V Dakshinamoorthy,P Bhaskaran,KJ Yesudas,4404,3882,https://en.msidb.org/s.php?4404,https://en.msidb.org/m.php?3882
Thanne Kaamicheedaathe,Yudhakaandam,1977,Begada,K Raghavan,ONV Kurup,P Leela,192694,3809,https://en.msidb.org/s.php?192694,https://en.msidb.org/m.php?3809
Aadiyushassil,Manushyan,1979,Begada,V Dakshinamoorthy,Bharanikkavu Sivakumar,KJ Yesudas,5053,2678,https://en.msidb.org/s.php?5053,https://en.msidb.org/m.php?2678
Swarga Sankalpathin,Vellam,1985,Begada,G Devarajan,Mullanezhi,P Susheela,6583,2430,https://en.msidb.org/s.php?6583,https://en.msidb.org/m.php?2430
Thaaraambaram,Kinnarippuzhayoram,1994,Begada,MG Radhakrishnan,Gireesh Puthenchery,MG Sreekumar,12619,1224,https://en.msidb.org/s.php?12619,https://en.msidb.org/m.php?1224
Samayamithapoorva [M],Harikrishnans,1998,Begada,Ouseppachan,Kaithapram,KJ Yesudas,9647,4059,https://en.msidb.org/s.php?9647,https://en.msidb.org/m.php?4059
Azhakaarna,Kanaka Simhaasanam,2006,Begada,M Jayachandran,Rajeev Alunkal,"Sankaran Namboothiri, Ganga Sitharasu, Priya",12247,5529,https://en.msidb.org/s.php?12247,https://en.msidb.org/m.php?5529
Mayangippoyi,Nottam,2007,Begada,M Jayachandran,Kaithapram,KS Chithra,10942,2440,https://en.msidb.org/s.php?10942,https://en.msidb.org/m.php?2440
Aambalinodo thamarayodo,Neelaambari,2010,Begada,Kaithapram Viswanath,Kaithapram,Anu V Kadammanitta,190958,6715,https://en.msidb.org/s.php?190958,https://en.msidb.org/m.php?6715
Manjil Kulichu,Kaliyachan,2015,Begada,Bijibal Maniyil,P Kunjiraman Nair,Vipin Lal,1954190,7336,https://en.msidb.org/s.php?1954190,https://en.msidb.org/m.php?7336
Varnashaalayil Varoo,Kandavarundo,1972,Bhaathiyaar,RK Sekhar,Sreekumaran Thampi,S Janaki,2646,1736,https://en.msidb.org/s.php?2646,https://en.msidb.org/m.php?1736
Nizhalaay ormakal,Vishnu,1994,Bhaathiyaar,Raveendran,Bichu Thirumala,KJ Yesudas,10043,741,https://en.msidb.org/s.php?10043,https://en.msidb.org/m.php?741
Nizhalaay ormakal (F),Vishnu,1994,Bhaathiyaar,Raveendran,Bichu Thirumala,KS Chithra,12646,741,https://en.msidb.org/s.php?12646,https://en.msidb.org/m.php?741
Maanasamaine Varoo,Chemmeen,1966,Bhagesri,Salil Chowdhary,Vayalar Ramavarma,Manna Dey,724,3838,https://en.msidb.org/s.php?724,https://en.msidb.org/m.php?3838
Manda Mandam,Chekuthaante Kotta,1967,Bhagesri,BA Chidambaranath,P Bhaskaran,KJ Yesudas,1020,938,https://en.msidb.org/s.php?1020,https://en.msidb.org/m.php?938
Ajnaatha Sakhi,Ollathumathi,1967,Bhagesri,LPR Varma,Vayalar Ramavarma,KJ Yesudas,1024,1022,https://en.msidb.org/s.php?1024,https://en.msidb.org/m.php?1022
Shishuvineppol Punchirithooki,Karutha Pournami,1968,Bhagesri,MK Arjunan,P Bhaskaran,"KJ Yesudas, S Janaki",1060,5009,https://en.msidb.org/s.php?1060,https://en.msidb.org/m.php?5009
Manmadha Devante,Detective 909 Keralathil,1970,Bhagesri,MK Arjunan,P Bhaskaran,KJ Yesudas,2399,1531,https://en.msidb.org/s.php?2399,https://en.msidb.org/m.php?1531
Priyamullavale,Thekkankaattu,1973,Bhagesri,AT Ummer,P Bhaskaran,KP Brahmanandan,3154,428,https://en.msidb.org/s.php?3154,https://en.msidb.org/m.php?428
Ashtapadiyile,Jeevikkaan Marannu Poya Sthree,1974,Bhagesri,MS Viswanathan,Vayalar Ramavarma,"P Jayachandran, Pushpalatha",3234,3454,https://en.msidb.org/s.php?3234,https://en.msidb.org/m.php?3454
Kaashmeera Sandhyakale,Neelasaari,1976,Bhagesri,V Dakshinamoorthy,Pappanamkodu Lakshmanan,KJ Yesudas,4036,2102,https://en.msidb.org/s.php?4036,https://en.msidb.org/m.php?2102
Indraneela Thukilukal,Rajaankanam,1976,Bhagesri,MK Arjunan,Appan Thachethu,KJ Yesudas,13955,1982,https://en.msidb.org/s.php?13955,https://en.msidb.org/m.php?1982
Chempakathaikal Pootha,Kaathirunna Nimisham,1978,Bhagesri,MK Arjunan,Sreekumaran Thampi,KJ Yesudas,4562,4385,https://en.msidb.org/s.php?4562,https://en.msidb.org/m.php?4385
Akale ninnu njan,Priyasakhi Raadha,1982,Bhagesri,V Dakshinamoorthy,Sreekumaran Thampi,KJ Yesudas,6326,1875,https://en.msidb.org/s.php?6326,https://en.msidb.org/m.php?1875
Mridangam,Sree Ayyappanum Vaavarum,1982,Bhagesri,AT Ummer,Traditional (Thalam),Instrumental,13604,1558,https://en.msidb.org/s.php?13604,https://en.msidb.org/m.php?1558
Paathiraa Thaarame,Kuyilinethedi,1983,Bhagesri,Shyam,Chunakkara Ramankutty,KJ Yesudas,6521,1893,https://en.msidb.org/s.php?6521,https://en.msidb.org/m.php?1893
Aayiram poo vidarnnu,Kadamattathachan,1984,Bhagesri,AT Ummer,"Poovachal Khader, Koorkancheri Sugathan",Vani Jairam,8048,2221,https://en.msidb.org/s.php?8048,https://en.msidb.org/m.php?2221
Innumente kannuneeril,Yuvajanolsavam,1986,Bhagesri,Raveendran,Sreekumaran Thampi,KJ Yesudas,7796,1979,https://en.msidb.org/s.php?7796,https://en.msidb.org/m.php?1979
Chandanam Manakkunna,Achuvettante Veedu,1987,Bhagesri,Vidyadharan,S Ramesan Nair,"KJ Yesudas, Chorus",7133,2384,https://en.msidb.org/s.php?7133,https://en.msidb.org/m.php?2384
Chandanam Manakkunna,Achuvettante Veedu,1987,Bhagesri,Vidyadharan,S Ramesan Nair,"KS Chithra, Chorus",7134,2384,https://en.msidb.org/s.php?7134,https://en.msidb.org/m.php?2384
Premayamuna,Pooram,1989,Bhagesri,MG Radhakrishnan,Kavalam Narayana Panicker,Kavalam Sreekumar,10649,2785,https://en.msidb.org/s.php?10649,https://en.msidb.org/m.php?2785
Kaikkudanna niraye,Maayamayooram,1993,Bhagesri,Raghu Kumar,Gireesh Puthenchery,"KJ Yesudas, S Janaki",10251,1264,https://en.msidb.org/s.php?10251,https://en.msidb.org/m.php?1264
Ambilichangaathi,Sarovaram,1993,Bhagesri,SP Venkitesh,Kaithapram,KJ Yesudas,12562,1974,https://en.msidb.org/s.php?12562,https://en.msidb.org/m.php?1974
Ambilichangaathi,Sarovaram,1993,Bhagesri,SP Venkitesh,Kaithapram,KS Chithra,12564,1974,https://en.msidb.org/s.php?12564,https://en.msidb.org/m.php?1974
Krishna Madhava,Arike - So Close,2012,Bhagesri,Ouseppachan,Shibu Chakravarthy,Shweta Mohan,193674,6992,https://en.msidb.org/s.php?193674,https://en.msidb.org/m.php?6992
Paramapurusha Nin,Prahlaada,1941,Bhairavi,Vidwan VS Parthasarathy Ayyankar,K Madhava Warrier,-,2128,181,https://en.msidb.org/s.php?2128,https://en.msidb.org/m.php?181
Oro Kanavilum,Lottery Ticket,1970,Bhairavi,V Dakshinamoorthy,Sreekumaran Thampi,P Leela,14136,3262,https://en.msidb.org/s.php?14136,https://en.msidb.org/m.php?3262
Panchavadiyile,Ajnaatha Theerangal,1979,Bhairavi,MK Arjunan,Sreekumaran Thampi,KJ Yesudas,5108,226,https://en.msidb.org/s.php?5108,https://en.msidb.org/m.php?226
Nadannum Nadannere [Manthram Pole],Manassinte Theerthayaathra,1981,Bhairavi,MB Sreenivasan,ONV Kurup,KJ Yesudas,6012,576,https://en.msidb.org/s.php?6012,https://en.msidb.org/m.php?576
Sukhamo Devi,Prasnam Gurutharam,1983,Bhairavi,Raveendran,Bichu Thirumala,KJ Yesudas,13413,4749,https://en.msidb.org/s.php?13413,https://en.msidb.org/m.php?4749
Sukhamo Devi,Prasnam Gurutharam,1983,Bhairavi,Raveendran,Bichu Thirumala,S Janaki,13414,4749,https://en.msidb.org/s.php?13414,https://en.msidb.org/m.php?4749
Sukhamo Devi [Bit],Prasnam Gurutharam,1983,Bhairavi,Raveendran,Bichu Thirumala,KJ Yesudas,189853,4749,https://en.msidb.org/s.php?189853,https://en.msidb.org/m.php?4749
Pannagendra Shayana,Swaathy Thirunaal,1987,Bhairavi,MB Sreenivasan,Traditional (Swathi Thirunal),"M Balamuralikrishna, KJ Yesudas, Neyyatinkara Vasudevan",7121,252,https://en.msidb.org/s.php?7121,https://en.msidb.org/m.php?252
Shivamallikkaavil Koovalampoothu,Ananthabhadram,2005,Bhairavi,MG Radhakrishnan,Gireesh Puthenchery,KS Chithra,8382,1013,https://en.msidb.org/s.php?8382,https://en.msidb.org/m.php?1013
Aaro Mooliyoreenam,Mazhaneerthullikal,2016,Bhairavi,Ouseppachan,KV Mohankumar,Binni Krishnakumar,1954820,7456,https://en.msidb.org/s.php?1954820,https://en.msidb.org/m.php?7456
Devadundhubhi,Ennennum Kannettante,1986,Bheem Plaasi,Jerry Amaldev,Kaithapram,"KJ Yesudas, Sathish Babu, Sunanda",1466,4546,https://en.msidb.org/s.php?1466,https://en.msidb.org/m.php?4546
Aruthe Painkiliye,Amma,1952,Bheemplaas,V Dakshinamoorthy,P Bhaskaran,Janamma David,1601,4654,https://en.msidb.org/s.php?1601,https://en.msidb.org/m.php?4654
Thaamasamenthe Varuvan,Bhargaveenilayam,1964,Bheemplaas,MS Baburaj,P Bhaskaran,KJ Yesudas,376,3535,https://en.msidb.org/s.php?376,https://en.msidb.org/m.php?3535
Samayamaayilla Polum,Karuna,1966,Bheemplaas,G Devarajan,ONV Kurup,P Susheela,776,2903,https://en.msidb.org/s.php?776,https://en.msidb.org/m.php?2903
Thaamarakkumbilallo,Anweshichu Kandethiyilla,1967,Bheemplaas,MS Baburaj,P Bhaskaran,S Janaki,946,3101,https://en.msidb.org/s.php?946,https://en.msidb.org/m.php?3101
Velimalayil,Viplavakaarikal,1968,Bheemplaas,G Devarajan,Vayalar Ramavarma,"Kamukara Purushothaman, LR Eeswari",1040,3406,https://en.msidb.org/s.php?1040,https://en.msidb.org/m.php?3406
Thurannitta Jaalakangal,Dathuputhran,1970,Bheemplaas,G Devarajan,Vayalar Ramavarma,P Susheela,2282,3011,https://en.msidb.org/s.php?2282,https://en.msidb.org/m.php?3011
Kshethrapaalaka Kshamikkoo,Professor,1972,Bheemplaas,G Devarajan,Vayalar Ramavarma,P Madhuri,2687,220,https://en.msidb.org/s.php?2687,https://en.msidb.org/m.php?220
Thankappavan Kinnam,Ankathattu,1974,Bheemplaas,G Devarajan,Vayalar Ramavarma,P Madhuri,3202,4872,https://en.msidb.org/s.php?3202,https://en.msidb.org/m.php?4872
Vedana Vilichothi,Madhuram Thirumadhuram,1976,Bheemplaas,AT Ummer,Muppathu Ramachandran,S Janaki,4017,1425,https://en.msidb.org/s.php?4017,https://en.msidb.org/m.php?1425
Shilayaay Piraviyundenkil,Thattakam,1998,Bheemplaas,Kaithapram,Kaithapram,KJ Yesudas,12951,3172,https://en.msidb.org/s.php?12951,https://en.msidb.org/m.php?3172
Kannodu Kannoram,Veeraputhran,2011,Bheemplaas,Ramesh Narayan,Rafeeq Ahamed,Shreya Ghoshal,193083,6858,https://en.msidb.org/s.php?193083,https://en.msidb.org/m.php?6858
Naranaayingane,Newspaper Boy,1955,Bhoopalam,"A Vijayan, A Ramachandran",Traditional,P Gangadharan Nair,17734,5843,https://en.msidb.org/s.php?17734,https://en.msidb.org/m.php?5843
Shaarikappaithale,Shakunthala,1965,Bhoopalam,G Devarajan,Vayalar Ramavarma,P Susheela,573,3692,https://en.msidb.org/s.php?573,https://en.msidb.org/m.php?3692
Gopaalaka paahimam,Raakkuyilin Raagasadassil,1986,Bhoopalam,MG Radhakrishnan,Traditional (Swathi Thirunal),KJ Yesudas,7718,3047,https://en.msidb.org/s.php?7718,https://en.msidb.org/m.php?3047
Thaazhunna sooryane,Made In USA,2005,Bhoopalam,Vidyasagar,ONV Kurup,Sujatha Mohan,10906,1687,https://en.msidb.org/s.php?10906,https://en.msidb.org/m.php?1687
Athisukhamee Jeevitham,Balan,1938,Bihag,"KK Aroor, Ibrahim",Muthukulam Raghavan Pillai,KK Aroor,2104,1204,https://en.msidb.org/s.php?2104,https://en.msidb.org/m.php?1204
Bhakthaparaayana,Balan,1938,Bihag,"KK Aroor, Ibrahim",Muthukulam Raghavan Pillai,Uncategorized,14245,1204,https://en.msidb.org/s.php?14245,https://en.msidb.org/m.php?1204
Chethoharamaam madyapaanamathe,Balan,1938,Bihag,"KK Aroor, Ibrahim",Muthukulam Raghavan Pillai,Uncategorized,14239,1204,https://en.msidb.org/s.php?14239,https://en.msidb.org/m.php?1204
Lokam Anaswarame,Balan,1938,Bihag,"KK Aroor, Ibrahim",Muthukulam Raghavan Pillai,Sivanandan,2107,1204,https://en.msidb.org/s.php?2107,https://en.msidb.org/m.php?1204
Madanavilolane Naadha,Balan,1938,Bihag,"KK Aroor, Ibrahim",Muthukulam Raghavan Pillai,Uncategorized,14237,1204,https://en.msidb.org/s.php?14237,https://en.msidb.org/m.php?1204
Raghukula Nayakane,Balan,1938,Bihag,"KK Aroor, Ibrahim",Muthukulam Raghavan Pillai,MK Kamalam,2101,1204,https://en.msidb.org/s.php?2101,https://en.msidb.org/m.php?1204
Vishaadam Thingum,Jnaanaambika,1940,Bihag,TK Jayarama Iyer,Puthankavu Mathan Tharakan,KK Aroor,2119,3911,https://en.msidb.org/s.php?2119,https://en.msidb.org/m.php?3911
Anitharavahithamahitha,Sthree,1950,Bihag,BA Chidambaranath,Thikkurissi Sukumaran Nair,Uncategorized,1531,817,https://en.msidb.org/s.php?1531,https://en.msidb.org/m.php?817
Praanante Praananil,Ammaye Kaanaan,1963,Bihag,K Raghavan,P Bhaskaran,P Leela,267,2516,https://en.msidb.org/s.php?267,https://en.msidb.org/m.php?2516
Lalithalavanga,Adimakal,1969,Bihag,G Devarajan,Traditional (Jayadevar),P Leela,1302,2774,https://en.msidb.org/s.php?1302,https://en.msidb.org/m.php?2774
Maayaanadanavihaarini,Kumaarasambhavam,1969,Bihag,G Devarajan,ONV Kurup,"P Leela, Radha Jayalakshmi",1401,557,https://en.msidb.org/s.php?1401,https://en.msidb.org/m.php?557
Aa Thrisandhyathan,Thiruvonam,1975,Bihag,MK Arjunan,Sreekumaran Thampi,"KJ Yesudas, Chorus",3709,2938,https://en.msidb.org/s.php?3709,https://en.msidb.org/m.php?2938
Bhajagovindam,Jagadguru Adisankaran,1977,Bihag,V Dakshinamoorthy,Sankaracharyar,KJ Yesudas,4407,3882,https://en.msidb.org/s.php?4407,https://en.msidb.org/m.php?3882
Sankara Digvijayam,Jagadguru Adisankaran,1977,Bihag,V Dakshinamoorthy,P Bhaskaran,KJ Yesudas,4404,3882,https://en.msidb.org/s.php?4404,https://en.msidb.org/m.php?3882
Ore raaga pallavi,Anupallavi,1979,Bihag,KJ Joy,Bichu Thirumala,"KJ Yesudas, S Janaki",5098,3149,https://en.msidb.org/s.php?5098,https://en.msidb.org/m.php?3149
Aalaapanam,Gaanam,1982,Bihag,V Dakshinamoorthy,Sreekumaran Thampi,"KJ Yesudas, S Janaki",6183,1710,https://en.msidb.org/s.php?6183,https://en.msidb.org/m.php?1710
Aalaapanam [M],Gaanam,1982,Bihag,V Dakshinamoorthy,Sreekumaran Thampi,KJ Yesudas,16138,1710,https://en.msidb.org/s.php?16138,https://en.msidb.org/m.php?1710
Ariyaathe ariyaathe,Oru Kadha Oru Nunakkadha,1986,Bihag,Johnson,MD Rajendran,KS Chithra,7950,1800,https://en.msidb.org/s.php?7950,https://en.msidb.org/m.php?1800
Ilamarimaan Nayane,Ayitham,1988,Bihag,MG Radhakrishnan,Traditional (Swathi Thirunal),KS Chithra,8132,1815,https://en.msidb.org/s.php?8132,https://en.msidb.org/m.php?1815
Poovithal,Ulsavappittennu,1988,Bihag,G Devarajan,Kavalam Narayana Panicker,P Madhuri,8225,4526,https://en.msidb.org/s.php?8225,https://en.msidb.org/m.php?4526
Poovithal [Bit],Ulsavappittennu,1988,Bihag,G Devarajan,Kavalam Narayana Panicker,KJ Yesudas,8226,4526,https://en.msidb.org/s.php?8226,https://en.msidb.org/m.php?4526
Naavaamukunda,Deshaadanam,1996,Bihag,Kaithapram,Kaithapram,"Deepankuran, Manju Menon",9880,1486,https://en.msidb.org/s.php?9880,https://en.msidb.org/m.php?1486
Ithilumenthupari Bhaagyam,Prahlaada,1941,Bilahari,Vidwan VS Parthasarathy Ayyankar,K Madhava Warrier,Uncategorized,2124,181,https://en.msidb.org/s.php?2124,https://en.msidb.org/m.php?181
Unarunaroo,Neelakkuyil,1954,Bilahari,K Raghavan,P Bhaskaran,Santha P Nair,1754,4647,https://en.msidb.org/s.php?1754,https://en.msidb.org/m.php?4647
Janani Jagajanani,Kaavyamela,1965,Bilahari,V Dakshinamoorthy,Vayalar Ramavarma,KJ Yesudas,593,4702,https://en.msidb.org/s.php?593,https://en.msidb.org/m.php?4702
Priyathamaa,Shakunthala,1965,Bilahari,G Devarajan,Vayalar Ramavarma,P Susheela,576,3692,https://en.msidb.org/s.php?576,https://en.msidb.org/m.php?3692
Vidilla Njaan,Lady Doctor,1967,Bilahari,V Dakshinamoorthy,P Bhaskaran,"Kamukara Purushothaman, S Janaki",890,4933,https://en.msidb.org/s.php?890,https://en.msidb.org/m.php?4933
Ezhilam Poomarakkaattil,Swapnabhoomi,1967,Bilahari,G Devarajan,Vayalar Ramavarma,P Susheela,1028,3566,https://en.msidb.org/s.php?1028,https://en.msidb.org/m.php?3566
Nallahaimavathabhoomiyil,Kumaarasambhavam,1969,Bilahari,G Devarajan,ONV Kurup,"P Susheela, Chorus",1397,557,https://en.msidb.org/s.php?1397,https://en.msidb.org/m.php?557
Manasse Ilam Manasse,Palunku Paathram,1970,Bilahari,V Dakshinamoorthy,Thikkurissi Sukumaran Nair,P Susheela,2239,84,https://en.msidb.org/s.php?2239,https://en.msidb.org/m.php?84
Sringaara Roopini,Panchavankaadu,1971,Bilahari,G Devarajan,Vayalar Ramavarma,"P Susheela, Chorus",2544,3133,https://en.msidb.org/s.php?2544,https://en.msidb.org/m.php?3133
Thripurasundari,Divyadarshanam,1973,Bilahari,MS Viswanathan,Sreekumaran Thampi,P Leela,3143,3458,https://en.msidb.org/s.php?3143,https://en.msidb.org/m.php?3458
Kaattaruvi Chilankaketti,Ladies Hostel,1973,Bilahari,MS Baburaj,Sreekumaran Thampi,S Janaki,3005,750,https://en.msidb.org/s.php?3005,https://en.msidb.org/m.php?750
Aadiparaashakthi,Ponnaapuram Kotta,1973,Bilahari,G Devarajan,Vayalar Ramavarma,"KJ Yesudas, PB Sreenivas, P Leela, P Susheela, P Madhuri",2948,3752,https://en.msidb.org/s.php?2948,https://en.msidb.org/m.php?3752
Allimalarkkaavil,Ankathattu,1974,Bilahari,G Devarajan,Vayalar Ramavarma,P Madhuri,3201,4872,https://en.msidb.org/s.php?3201,https://en.msidb.org/m.php?4872
Swarna Kodimarathil,Swaami Ayyappan,1975,Bilahari,G Devarajan,Sreekumaran Thampi,"P Jayachandran, N Sreekanth, P Madhuri, Chorus",3679,213,https://en.msidb.org/s.php?3679,https://en.msidb.org/m.php?213
Kanna Karimukil Varnna,Swimming Pool,1976,Bilahari,MK Arjunan,P Bhaskaran,Vani Jairam,3846,1104,https://en.msidb.org/s.php?3846,https://en.msidb.org/m.php?1104
Aayiram Phanamezhum,Kannappanunni,1977,Bilahari,K Raghavan,P Bhaskaran,KJ Yesudas,4199,5046,https://en.msidb.org/s.php?4199,https://en.msidb.org/m.php?5046
Nilavilakkin thiri,Shaantha oru Devatha,1977,Bilahari,MK Arjunan,Sreekumaran Thampi,Vani Jairam,4401,2484,https://en.msidb.org/s.php?4401,https://en.msidb.org/m.php?2484
Leela thilakamaninju,Irumbazhikal,1979,Bilahari,MK Arjunan,RK Damodaran,"KJ Yesudas, Chorus",5074,4556,https://en.msidb.org/s.php?5074,https://en.msidb.org/m.php?4556
Kathirmandapam [M],Kathirmandapam,1979,Bilahari,V Dakshinamoorthy,Sreekumaran Thampi,KJ Yesudas,5282,4253,https://en.msidb.org/s.php?5282,https://en.msidb.org/m.php?4253
Janani Jaga Janani,Sreedevi Darsanam,1980,Bilahari,G Devarajan,Traditional (Folk),Vani Jairam,15132,5362,https://en.msidb.org/s.php?15132,https://en.msidb.org/m.php?5362
Yaathonnil adangunnu,Sreedevi Darsanam,1980,Bilahari,G Devarajan,P Bhaskaran,"P Susheela, Vani Jairam",6857,5362,https://en.msidb.org/s.php?6857,https://en.msidb.org/m.php?5362
Kanugonthini,Sree Thyagaraja,1981,Bilahari,KV Mahadevan,Traditional (Thyagaraja),SP Balasubrahmanyam,6477,3020,https://en.msidb.org/s.php?6477,https://en.msidb.org/m.php?3020
Naa Jeevaadhaara,Sree Thyagaraja,1981,Bilahari,KV Mahadevan,Traditional (Thyagaraja),SP Balasubrahmanyam,6396,3020,https://en.msidb.org/s.php?6396,https://en.msidb.org/m.php?3020
Maveli mannante,Chunakkuttikal,1983,Bilahari,KP Udayabhanu,Parathulli Ravindran,S Janakidevi,10797,5286,https://en.msidb.org/s.php?10797,https://en.msidb.org/m.php?5286
Sindooraaruna Vigrahaam,Amme Naaraayana,1984,Bilahari,AT Ummer,Traditional (Lalitha Sahasranamam),KP Brahmanandan,13896,1053,https://en.msidb.org/s.php?13896,https://en.msidb.org/m.php?1053
Smarasadaa Maanasa,Raadha Maadhavam,1990,Bilahari,Vidyadharan,Traditional (Swathi Thirunal),MG Sreekumar,5401,2437,https://en.msidb.org/s.php?5401,https://en.msidb.org/m.php?2437
Unni vaavavo,Saanthwanam,1991,Bilahari,Mohan Sithara,Kaithapram,KS Chithra,10516,336,https://en.msidb.org/s.php?10516,https://en.msidb.org/m.php?336
Aananda Nadanam,Kamaladalam,1992,Bilahari,Raveendran,Kaithapram,"KJ Yesudas, Raveendran, Chorus",13757,3791,https://en.msidb.org/s.php?13757,https://en.msidb.org/m.php?3791
Aananda nadanam,Kamaladalam,1992,Bilahari,Raveendran,Kaithapram,Latha Raju,10437,3791,https://en.msidb.org/s.php?10437,https://en.msidb.org/m.php?3791
Thinkal Noyambin,Poochaykkaaru Manikettum,1992,Bilahari,Johnson,Bichu Thirumala,"MG Sreekumar, KS Chithra, Sujatha Mohan, N Lathika",12484,4969,https://en.msidb.org/s.php?12484,https://en.msidb.org/m.php?4969
Aararivum,CID Unnikrishnan B.A. B.Ed,1994,Bilahari,Johnson,Bichu Thirumala,"KJ Yesudas, P Jayachandran, Krishnachandran",10145,515,https://en.msidb.org/s.php?10145,https://en.msidb.org/m.php?515
Kalahapriye Nin Mizhikalil,Dilliwaala Rajakumaran,1996,Bilahari,Ouseppachan,S Ramesan Nair,"P Unnikrishnan, KS Chithra",14648,2987,https://en.msidb.org/s.php?14648,https://en.msidb.org/m.php?2987
Thom Thithom,Vaanarasena,1996,Bilahari,Berny Ignatius,Gireesh Puthenchery,"MG Sreekumar, Chorus",14054,2186,https://en.msidb.org/s.php?14054,https://en.msidb.org/m.php?2186
Raaravenu,Mr Butler,2000,Bilahari,Vidyasagar,Gireesh Puthenchery,"KS Chithra, Kalyani Menon",9590,5057,https://en.msidb.org/s.php?9590,https://en.msidb.org/m.php?5057
Kaanakkannil Kaanum,Police,2005,Bilahari,Ouseppachan,Joffy Tharakan,"Franco Simon Neelankavil, Ranjith Govind, Chorus",10966,3962,https://en.msidb.org/s.php?10966,https://en.msidb.org/m.php?3962
Kalyaanakkacheri (Aanandam),Maadambi,2008,Bilahari,M Jayachandran,Gireesh Puthenchery,"Shankar Mahadevan, M Jayachandran",16209,6176,https://en.msidb.org/s.php?16209,https://en.msidb.org/m.php?6176
Neeyinnenne Maranno,Kaaryasthan,2010,Bilawal,Berny Ignatius,Kaithapram,Jyotsna Radhakrishnan,192385,6748,https://en.msidb.org/s.php?192385,https://en.msidb.org/m.php?6748
Entha Mudho,Neelathaamara,2009,Bindumaalini,Vidyasagar,Traditional (Thyagaraja),Cherthala Ranganatha Sarma,190231,6625,https://en.msidb.org/s.php?190231,https://en.msidb.org/m.php?6625
Saamarasa Ranjini,Living Together,2011,Bindumaalini,M Jayachandran,Kaithapram,MG Sreekumar,192566,6804,https://en.msidb.org/s.php?192566,https://en.msidb.org/m.php?6804
Arabikkadalile,Nirmala,1948,Bowli,PS Divakar,G Sankara Kurup,TK Govindarao,16563,3395,https://en.msidb.org/s.php?16563,https://en.msidb.org/m.php?3395
Budhdham Saranam - Karuna Than Mani,Karuna,1966,Bowli,G Devarajan,ONV Kurup,KJ Yesudas,779,2903,https://en.msidb.org/s.php?779,https://en.msidb.org/m.php?2903
Chellacherukiliye,Chithramela,1967,Bowli,G Devarajan,Sreekumaran Thampi,KJ Yesudas,966,2806,https://en.msidb.org/s.php?966,https://en.msidb.org/m.php?2806
Daivame Kaithozhaam,Achanum Baappayum,1972,Bowli,G Devarajan,Vayalar Ramavarma,P Madhuri,2747,166,https://en.msidb.org/s.php?2747,https://en.msidb.org/m.php?166
Priyathame Prabhathame,Pushpaanjali,1972,Bowli,MK Arjunan,Sreekumaran Thampi,KJ Yesudas,2658,405,https://en.msidb.org/s.php?2658,https://en.msidb.org/m.php?405
Aadiyushassil,Manushyan,1979,Bowli,V Dakshinamoorthy,Bharanikkavu Sivakumar,KJ Yesudas,5053,2678,https://en.msidb.org/s.php?5053,https://en.msidb.org/m.php?2678
Suprabhaatham,Sree Oozhpaazhchi Daivadar,1980,Bowli,V Dakshinamoorthy,Keethari Narayanan Nambiar,KJ Yesudas,19331,6564,https://en.msidb.org/s.php?19331,https://en.msidb.org/m.php?6564
Melukovayya,Sree Thyagaraja,1981,Bowli,KV Mahadevan,Traditional (Thyagaraja),SP Balasubrahmanyam,5470,3020,https://en.msidb.org/s.php?5470,https://en.msidb.org/m.php?3020
Deepam,Avidatheppole Ivideyum,1985,Bowli,MK Arjunan,P Bhaskaran,S Janaki,6585,1949,https://en.msidb.org/s.php?6585,https://en.msidb.org/m.php?1949
Paarvathi Naayaka,Swaathy Thirunaal,1987,Bowli,MB Sreenivasan,Traditional (Swathi Thirunal),"KJ Yesudas, KS Chithra",7123,252,https://en.msidb.org/s.php?7123,https://en.msidb.org/m.php?252
Gangaa Tharanga [Bit],Devaasuram,1993,Bowli,MG Radhakrishnan,Gireesh Puthenchery,MG Sreekumar,189990,5052,https://en.msidb.org/s.php?189990,https://en.msidb.org/m.php?5052
Paavaka jwaalakal uyarunnu,Ente Shathrukkal (Porattam),1982,Chalanaatta,MK Arjunan,Poovachal Khader,KJ Yesudas,6231,2345,https://en.msidb.org/s.php?6231,https://en.msidb.org/m.php?2345
Rithumathiyaay Thelimaanam,Mazhanilaavu,1983,Chalanaatta,Raveendran,Poovachal Khader,"KJ Yesudas, Latha Raju",6468,2705,https://en.msidb.org/s.php?6468,https://en.msidb.org/m.php?2705
Moham kondu njan,Shesham Kaazhchayil,1983,Chalanaatta,Johnson,Konniyoor Bhas,P Jayachandran,10779,2436,https://en.msidb.org/s.php?10779,https://en.msidb.org/m.php?2436
Moham kondu njan,Shesham Kaazhchayil,1983,Chalanaatta,Johnson,Konniyoor Bhas,S Janaki,10780,2436,https://en.msidb.org/s.php?10780,https://en.msidb.org/m.php?2436
Vinnile gandharva,Raajaavinte Makan,1986,Chalanaatta,SP Venkitesh,Shibu Chakravarthy,Unni Menon,7807,1308,https://en.msidb.org/s.php?7807,https://en.msidb.org/m.php?1308
Paalkkadaliluyarum Paramaanandame,Romeo,2007,Chalanaatta,Alex Paul,Sarath Vayalar,"Sankaran Namboothiri, Manjari",15398,6091,https://en.msidb.org/s.php?15398,https://en.msidb.org/m.php?6091
Paalkkadaliluyarum Paramaanandame [F],Romeo,2007,Chalanaatta,Alex Paul,Sarath Vayalar,Manjari,15390,6091,https://en.msidb.org/s.php?15390,https://en.msidb.org/m.php?6091
Ethayya Gathi,Ozhimuri,2012,Chalanaatta,Bijibal Maniyil,Kodeeshwara Iyer,KJ Chakrapani,194107,7107,https://en.msidb.org/s.php?194107,https://en.msidb.org/m.php?7107
Hindolaraagathin,Thuruppugulaan,1977,Chandra Kouns,V Dakshinamoorthy,Sreekumaran Thampi,"Vani Jairam, Latha Raju",4118,697,https://en.msidb.org/s.php?4118,https://en.msidb.org/m.php?697
Madana Sopaanathil,Aanakkalari,1978,Chandra Kouns,MK Arjunan,Sreekumaran Thampi,"Ambili Rajasekharan, Jency",4901,1882,https://en.msidb.org/s.php?4901,https://en.msidb.org/m.php?1882
Kuru nirayo,Paarvathy,1981,Chandra Kouns,Johnson,MD Rajendran,"P Jayachandran, Vani Jairam",5995,4893,https://en.msidb.org/s.php?5995,https://en.msidb.org/m.php?4893
Nandavanathile Sougandhikangale,Naaradan Keralathil,1987,Chandra Kouns,MK Arjunan,P Bhaskaran,"Vani Jairam, N Lathika",7109,339,https://en.msidb.org/s.php?7109,https://en.msidb.org/m.php?339
Vallaki Meettunna Pallavi Kettente,Captain Sharma,1988,Chandra Kouns,Steve Mathen,Dr Sadasivan,KJ Yesudas,13487,5592,https://en.msidb.org/s.php?13487,https://en.msidb.org/m.php?5592
Saagarame Saagara Sangama,Kanyakumariyil Oru Kavitha,1993,Chandra Kouns,Kannur Rajan,Chunakkara Ramankutty,KJ Yesudas,12426,1774,https://en.msidb.org/s.php?12426,https://en.msidb.org/m.php?1774
Manjunoopura,Saaphalyam,1997,Chandra Kouns,Raveendran,ONV Kurup,KJ Yesudas,9433,5781,https://en.msidb.org/s.php?9433,https://en.msidb.org/m.php?5781
Marayaathe Viliasavoo,Kaalam Maarunnu,1955,Charukesi,Br Lakshmanan,Thirunayinaarkurichi Madhavan Nair,Kaviyoor Revamma,1799,438,https://en.msidb.org/s.php?1799,https://en.msidb.org/m.php?438
Vanadevathamaare,Shakunthala,1965,Charukesi,G Devarajan,Vayalar Ramavarma,"PB Sreenivas, Chorus",578,3692,https://en.msidb.org/s.php?578,https://en.msidb.org/m.php?3692
Kadhayonnu Kettu,Cochin Express,1967,Charukesi,V Dakshinamoorthy,Sreekumaran Thampi,S Janaki,986,4138,https://en.msidb.org/s.php?986,https://en.msidb.org/m.php?4138
Akale Akale Neelakaasham,Midumidukki,1968,Charukesi,MS Baburaj,Sreekumaran Thampi,"KJ Yesudas, S Janaki",1153,1246,https://en.msidb.org/s.php?1153,https://en.msidb.org/m.php?1246
Kaattadichu,Thulaabharam,1968,Charukesi,G Devarajan,Vayalar Ramavarma,KJ Yesudas,1148,4455,https://en.msidb.org/s.php?1148,https://en.msidb.org/m.php?4455
Kazhinja Sambhavangal,Kuruthikkalam,1969,Charukesi,Jaya Vijaya,P Bhaskaran,KJ Yesudas,1305,743,https://en.msidb.org/s.php?1305,https://en.msidb.org/m.php?743
Shraanthamambaram,Abhayam,1970,Charukesi,V Dakshinamoorthy,G Sankara Kurup,KJ Yesudas,2319,2418,https://en.msidb.org/s.php?2319,https://en.msidb.org/m.php?2418
Kaalidaasan Marichu,Thaara,1970,Charukesi,G Devarajan,Vayalar Ramavarma,KJ Yesudas,2395,1442,https://en.msidb.org/s.php?2395,https://en.msidb.org/m.php?1442
Govardhana Giri,Marunaattil Oru Malayaali,1971,Charukesi,V Dakshinamoorthy,Sreekumaran Thampi,S Janaki,2555,1385,https://en.msidb.org/s.php?2555,https://en.msidb.org/m.php?1385
Thaamaramotte,Pachanottukal,1973,Charukesi,MK Arjunan,Sreekumaran Thampi,"KJ Yesudas, B Vasantha",3072,2363,https://en.msidb.org/s.php?3072,https://en.msidb.org/m.php?2363
Sahyante Hridayam,Durga,1974,Charukesi,G Devarajan,Vayalar Ramavarma,KJ Yesudas,3274,3951,https://en.msidb.org/s.php?3274,https://en.msidb.org/m.php?3951
Sanmaarggam Theduvin,Honeymoon,1974,Charukesi,MK Arjunan,Sreekumaran Thampi,"P Jayachandran, Chorus",3441,1190,https://en.msidb.org/s.php?3441,https://en.msidb.org/m.php?1190
Vishaala Jeevitha,Moham,1974,Charukesi,MK Arjunan,P Bhaskaran,KJ Yesudas,3327,1242,https://en.msidb.org/s.php?3327,https://en.msidb.org/m.php?1242
Chanchalitha,Dharmakshethre Kurukshethre,1975,Charukesi,MS Viswanathan,Vayalar Ramavarma,"KJ Yesudas, S Janaki",3680,2685,https://en.msidb.org/s.php?3680,https://en.msidb.org/m.php?2685
Chanchalitha,Dharmakshethre Kurukshethre,1975,Charukesi,MS Viswanathan,Vayalar Ramavarma,"B Vasantha, P Susheela, Ambili Rajasekharan",3681,2685,https://en.msidb.org/s.php?3681,https://en.msidb.org/m.php?2685
Chandrakkala maanathu,Picnic,1975,Charukesi,MK Arjunan,Sreekumaran Thampi,KJ Yesudas,3538,4077,https://en.msidb.org/s.php?3538,https://en.msidb.org/m.php?4077
Harinaaraayana,Swaami Ayyappan,1975,Charukesi,G Devarajan,Vayalar Ramavarma,KJ Yesudas,3676,213,https://en.msidb.org/s.php?3676,https://en.msidb.org/m.php?213
Chellu Chellu Menake,Tourist Bunglow,1975,Charukesi,MK Arjunan,ONV Kurup,P Jayachandran,3570,3924,https://en.msidb.org/s.php?3570,https://en.msidb.org/m.php?3924
Kunkumasandhya,Missi,1976,Charukesi,G Devarajan,Mankombu Gopalakrishnan,P Susheela,4047,948,https://en.msidb.org/s.php?4047,https://en.msidb.org/m.php?948
Bhoomikku Burmma Vakkum,Pick Pocket,1976,Charukesi,MK Arjunan,Pappanamkodu Lakshmanan,"P Jayachandran, Pattam Sadan",4033,1648,https://en.msidb.org/s.php?4033,https://en.msidb.org/m.php?1648
Vidarum Munpe,Vanadevatha,1976,Charukesi,G Devarajan,Yusufali Kecheri,KJ Yesudas,3812,3947,https://en.msidb.org/s.php?3812,https://en.msidb.org/m.php?3947
Munthiri Neerinu,Ashtamangalyam,1977,Charukesi,MK Arjunan,Kanam EJ,S Janaki,4290,2160,https://en.msidb.org/s.php?4290,https://en.msidb.org/m.php?2160
Sankara Digvijayam,Jagadguru Adisankaran,1977,Charukesi,V Dakshinamoorthy,P Bhaskaran,KJ Yesudas,4404,3882,https://en.msidb.org/s.php?4404,https://en.msidb.org/m.php?3882
Neelaanjanamalayilu Neeli,Kaduvaye Pidicha Kiduva,1977,Charukesi,V Dakshinamoorthy,Sreekumaran Thampi,KJ Yesudas,4183,1657,https://en.msidb.org/s.php?4183,https://en.msidb.org/m.php?1657
Aadishilpi,Adimakkachavadam,1978,Charukesi,G Devarajan,Mankombu Gopalakrishnan,KJ Yesudas,4742,3297,https://en.msidb.org/s.php?4742,https://en.msidb.org/m.php?3297
Hamsapadangalil,Manushyan,1979,Charukesi,V Dakshinamoorthy,Bharanikkavu Sivakumar,Vani Jairam,5056,2678,https://en.msidb.org/s.php?5056,https://en.msidb.org/m.php?2678
Eeshwaranevide,Theruvugeetham,1979,Charukesi,Jaya Vijaya,Bichu Thirumala,KJ Yesudas,10842,1183,https://en.msidb.org/s.php?10842,https://en.msidb.org/m.php?1183
Kurumozhiyo kurukuthiyo,Balloon,1982,Charukesi,MK Arjunan,Thikkurissi Sukumaran Nair,KJ Yesudas,6114,508,https://en.msidb.org/s.php?6114,https://en.msidb.org/m.php?508
Baale edi baale,Ente Shathrukkal (Porattam),1982,Charukesi,MK Arjunan,Poovachal Khader,"KJ Yesudas, Ambili Rajasekharan",6233,2345,https://en.msidb.org/s.php?6233,https://en.msidb.org/m.php?2345
Arabikadale nee saakshi,Arabikkadal,1983,Charukesi,MK Arjunan,Poovachal Khader,KJ Yesudas,7550,825,https://en.msidb.org/s.php?7550,https://en.msidb.org/m.php?825
Manassoru Samudram,Manassoru Mahaasamudram,1983,Charukesi,MK Arjunan,Kanam EJ,KJ Yesudas,7643,4272,https://en.msidb.org/s.php?7643,https://en.msidb.org/m.php?4272
Veenaa paanini,Ente Graamam,1984,Charukesi,Vidyadharan,Sreemoolanagaram Vijayan,Vani Jairam,7361,4204,https://en.msidb.org/s.php?7361,https://en.msidb.org/m.php?4204
Hridayathin madhuramadhurageetham,Thennal Thedunna Poovu,1984,Charukesi,MS Viswanathan,Mankombu Gopalakrishnan,Vani Jairam,8002,3115,https://en.msidb.org/s.php?8002,https://en.msidb.org/m.php?3115
Sreedeviyaay,Nayakan (Vaa Kuruvi Varu Kuruvi),1985,Charukesi,AT Ummer,Balu Kiriyath,"KJ Yesudas, Leena Padmanabhan",6644,3533,https://en.msidb.org/s.php?6644,https://en.msidb.org/m.php?3533
Kannaadikkoottile,Vellam,1985,Charukesi,G Devarajan,Mullanezhi,"KJ Yesudas, Chorus",6582,2430,https://en.msidb.org/s.php?6582,https://en.msidb.org/m.php?2430
Akkare Oho Ikkare,Maanasa Maine Varu,1987,Charukesi,Shankar Ganesh,Vayalar Madhavankutty,MS Viswanathan,7154,3656,https://en.msidb.org/s.php?7154,https://en.msidb.org/m.php?3656
Kripaya Paalaya,Swaathy Thirunaal,1987,Charukesi,MB Sreenivasan,Traditional (Swathi Thirunal),KJ Yesudas,7128,252,https://en.msidb.org/s.php?7128,https://en.msidb.org/m.php?252
Maanavan Mannil,Aadyapaapam,1988,Charukesi,Jerry Amaldev,Devadas,KJ Yesudas,8208,2666,https://en.msidb.org/s.php?8208,https://en.msidb.org/m.php?2666
Sreesarada,Sangeetha Sangamam,1988,Charukesi,KV Mahadevan,Mankombu Gopalakrishnan,S Janaki,10676,5367,https://en.msidb.org/s.php?10676,https://en.msidb.org/m.php?5367
Pularithoomanju,Ulsavappittennu,1988,Charukesi,G Devarajan,Kavalam Narayana Panicker,KJ Yesudas,8224,4526,https://en.msidb.org/s.php?8224,https://en.msidb.org/m.php?4526
Kripaya Paalaya,Varnam,1989,Charukesi,Ouseppachan,Traditional (Swathi Thirunal),MG Sreekumar,14532,3568,https://en.msidb.org/s.php?14532,https://en.msidb.org/m.php?3568
Neerppalunkukal,Godfather,1991,Charukesi,S Balakrishnan,Bichu Thirumala,Sujatha Mohan,10575,120,https://en.msidb.org/s.php?10575,https://en.msidb.org/m.php?120
Neerppalunkukal,Godfather,1991,Charukesi,S Balakrishnan,Bichu Thirumala,MG Sreekumar,10577,120,https://en.msidb.org/s.php?10577,https://en.msidb.org/m.php?120
Hey krishna,Kizhakkunarum Pakshi,1991,Charukesi,Raveendran,K Jayakumar,"KS Chithra, Chorus",10545,3127,https://en.msidb.org/s.php?10545,https://en.msidb.org/m.php?3127
Paanappuzha,Vishnulokam,1991,Charukesi,Raveendran,Kaithapram,Malaysia Vasudevan,10491,1120,https://en.msidb.org/s.php?10491,https://en.msidb.org/m.php?1120
Krishnathulasiyum [F],Yaathraamozhi,1991,Charukesi,Vidyadharan,Rappal Sukumara Menon,KS Chithra,12188,5354,https://en.msidb.org/s.php?12188,https://en.msidb.org/m.php?5354
Krishnathulasiyum [M],Yaathraamozhi,1991,Charukesi,Vidyadharan,Rappal Sukumara Menon,KJ Yesudas,12186,5354,https://en.msidb.org/s.php?12186,https://en.msidb.org/m.php?5354
Krishna kripaasaagaram,Sargam,1992,Charukesi,Bombay Ravi,Yusufali Kecheri,"KJ Yesudas, KS Chithra",10385,3494,https://en.msidb.org/s.php?10385,https://en.msidb.org/m.php?3494
Yaathrayaayi,Aayirappara,1993,Charukesi,Raveendran,Kavalam Narayana Panicker,"KJ Yesudas, B Arundhathi",10351,1575,https://en.msidb.org/s.php?10351,https://en.msidb.org/m.php?1575
Chumbanappoo Kondu Moodi,Bandhukkal Shathrukkal,1993,Charukesi,Sreekumaran Thampi,Sreekumaran Thampi,KJ Yesudas,10344,2751,https://en.msidb.org/s.php?10344,https://en.msidb.org/m.php?2751
Naadha nin gandharva,Ezhuthachan,1993,Charukesi,Raveendran,Kaithapram,KJ Yesudas,10188,506,https://en.msidb.org/s.php?10188,https://en.msidb.org/m.php?506
Naadha nin gandharva (f),Ezhuthachan,1993,Charukesi,Raveendran,Kaithapram,KS Chithra,10186,506,https://en.msidb.org/s.php?10186,https://en.msidb.org/m.php?506
Kalyaanam Kalyaanam,Padaleeputhram,1993,Charukesi,Raveendran,Bichu Thirumala,MG Sreekumar,12538,3203,https://en.msidb.org/s.php?12538,https://en.msidb.org/m.php?3203
Pakalinte Poonkavil,Geetham Sangeetham (Ananthapuri),1994,Charukesi,Raveendran,Kaithapram,KJ Yesudas,12844,5731,https://en.msidb.org/s.php?12844,https://en.msidb.org/m.php?5731
Akale akale [Resung from Midumidukki],Adyathe Kanmani,1995,Charukesi,MS Baburaj,Sreekumaran Thampi,"KJ Yesudas, S Janaki",10038,2264,https://en.msidb.org/s.php?10038,https://en.msidb.org/m.php?2264
Thechippoove,Radholsavam,1995,Charukesi,Berny Ignatius,Gireesh Puthenchery,"KJ Yesudas, KS Chithra",11644,510,https://en.msidb.org/s.php?11644,https://en.msidb.org/m.php?510
Mugdha Sankalppangal,Uthara Desam,1997,Charukesi,Raveendran,PK Ravindran,"Sreenivas, KS Chithra",9677,3530,https://en.msidb.org/s.php?9677,https://en.msidb.org/m.php?3530
Pujabimbam mizhi thurannu,Harikrishnans,1998,Charukesi,Ouseppachan,Kaithapram,"KJ Yesudas, KS Chithra",9649,4059,https://en.msidb.org/s.php?9649,https://en.msidb.org/m.php?4059
Sanchararadharasudha,Pallaavoor Devanaaraayanan,1999,Charukesi,Raveendran,Traditional,KJ Yesudas,9445,749,https://en.msidb.org/s.php?9445,https://en.msidb.org/m.php?749
Pinakkamo,Aanamuttathe Aangalamar (Manayoorile Manikyam),2000,Charukesi,Raveendran,Kaithapram,"Pradip Somasundaran, B Arundhathi",14388,661,https://en.msidb.org/s.php?14388,https://en.msidb.org/m.php?661
Geyam Harinaamadheyam,Mazha,2000,Charukesi,Raveendran,Yusufali Kecheri,"KJ Yesudas, B Arundhathi, Neyyatinkara Vasudevan",9299,4296,https://en.msidb.org/s.php?9299,https://en.msidb.org/m.php?4296
Shraavangange Sangeethagange,Millenium Stars,2000,Charukesi,Vidyasagar,"Gireesh Puthenchery, Tahir Faraz, Recardo Barrantes","Hariharan, KJ Yesudas, Vijay Yesudas",9461,914,https://en.msidb.org/s.php?9461,https://en.msidb.org/m.php?914
Swapnam Thyajichaal,Raakshasa Raajaavu,2001,Charukesi,Mohan Sithara,Vinayan,KJ Yesudas,12994,3834,https://en.msidb.org/s.php?12994,https://en.msidb.org/m.php?3834
Swapnam Thyajichaal,Raakshasa Raajaavu,2001,Charukesi,Mohan Sithara,Vinayan,"KJ Yesudas, KS Chithra, Ashwathy Vijayan",12995,3834,https://en.msidb.org/s.php?12995,https://en.msidb.org/m.php?3834
Chekkeraan,Illathe Kilikkoodu,2003,Charukesi,Raveendran,Yusufali Kecheri,KJ Yesudas,11800,3820,https://en.msidb.org/s.php?11800,https://en.msidb.org/m.php?3820
Pachakkilipadu,Kanninum Kannaadikkum,2004,Charukesi,M Jayachandran,S Ramesan Nair,KK Nishad,8590,4797,https://en.msidb.org/s.php?8590,https://en.msidb.org/m.php?4797
Anpin Thumbum Vaalum,Nerkku Ner,2004,Charukesi,Kavalam Narayana Panicker,Kavalam Narayana Panicker,Kavalam Sreekumar,19340,5105,https://en.msidb.org/s.php?19340,https://en.msidb.org/m.php?5105
Snehikkaan,Kalabham,2006,Charukesi,Raveendran,S Ramesan Nair,"KJ Yesudas, Ranjini Hari",11092,5190,https://en.msidb.org/s.php?11092,https://en.msidb.org/m.php?5190
Yadukula Murali,Puthiya Mukham,2009,Charukesi,Deepak Dev,Kaithapram,K Krishnakumar,189891,6587,https://en.msidb.org/s.php?189891,https://en.msidb.org/m.php?6587
En Priyane,Song of Solomon,2012,Charukesi,Geogy Thomas,Geogy Thomas,Shweta Mohan,194056,7224,https://en.msidb.org/s.php?194056,https://en.msidb.org/m.php?7224
Mizhiyil Ninnum,Maayanadi,2017,Charukesi,Rex Vijayan,Anwar Ali,Shahabaz Aman,1956088,8516,https://en.msidb.org/s.php?1956088,https://en.msidb.org/m.php?8516
Jayajagadeeshwara,Balan,1938,Chenchurutti,"KK Aroor, Ibrahim",Muthukulam Raghavan Pillai,MK Kamalam,2099,1204,https://en.msidb.org/s.php?2099,https://en.msidb.org/m.php?1204
Nin Padame Sharanam,Jnaanaambika,1940,Chenchurutti,TK Jayarama Iyer,Puthankavu Mathan Tharakan,"Sebastian Kunju Kunju Bhagavathar, PK Kamalakshi, Chorus",189924,3911,https://en.msidb.org/s.php?189924,https://en.msidb.org/m.php?3911
Hantha Hantha,Prahlaada,1941,Chenchurutti,Vidwan VS Parthasarathy Ayyankar,K Madhava Warrier,-,2141,181,https://en.msidb.org/s.php?2141,https://en.msidb.org/m.php?181
Naagarika Rasika,Sthree,1950,Chenchurutti,BA Chidambaranath,Thikkurissi Sukumaran Nair,-,1525,817,https://en.msidb.org/s.php?1525,https://en.msidb.org/m.php?817
Ellaam Sivamayam,Kumaarasambhavam,1969,Chenchurutti,G Devarajan,ONV Kurup,Renuka,1402,557,https://en.msidb.org/s.php?1402,https://en.msidb.org/m.php?557
Raajashilpi,Panchavankaadu,1971,Chenchurutti,G Devarajan,Vayalar Ramavarma,P Susheela,2545,3133,https://en.msidb.org/s.php?2545,https://en.msidb.org/m.php?3133
Pushpasaayaka Nin,Night Duty,1974,Chenchurutti,V Dakshinamoorthy,Vayalar Ramavarma,P Susheela,3321,4359,https://en.msidb.org/s.php?3321,https://en.msidb.org/m.php?4359
Bhagavaan Bhagavaan,Kottaaram Vilkkaanundu,1975,Chenchurutti,G Devarajan,Vayalar Ramavarma,"N Sreekanth, Ayiroor Sadasivan",3586,3319,https://en.msidb.org/s.php?3586,https://en.msidb.org/m.php?3319
Sooryakireedam,Devaasuram,1993,Chenchurutti,MG Radhakrishnan,Gireesh Puthenchery,MG Sreekumar,10316,5052,https://en.msidb.org/s.php?10316,https://en.msidb.org/m.php?5052
Pazhayoru Rajanithan,Naayika,2011,Chenchurutti,MK Arjunan,Sreekumaran Thampi,KJ Yesudas,193238,6940,https://en.msidb.org/s.php?193238,https://en.msidb.org/m.php?6940
Naada Thanumanisam,Sree Thyagaraja,1981,Chitta Ranjini,KV Mahadevan,Traditional (Thyagaraja),SP Balasubrahmanyam,5534,3020,https://en.msidb.org/s.php?5534,https://en.msidb.org/m.php?3020
Eeshwarachintha,Bhakthakuchela,1961,Darbari Kaanada,Br Lakshmanan,Thirunayinaarkurichi Madhavan Nair,Kamukara Purushothaman,90,1265,https://en.msidb.org/s.php?90,https://en.msidb.org/m.php?1265
Poovaniyukilliniyum,Porter Kunjaali,1965,Darbari Kaanada,MS Baburaj,Abhayadev,PB Sreenivas,460,4422,https://en.msidb.org/s.php?460,https://en.msidb.org/m.php?4422
Irukanneerthullikal,Iruttinte Aathmaavu,1967,Darbari Kaanada,MS Baburaj,P Bhaskaran,S Janaki,852,3318,https://en.msidb.org/s.php?852,https://en.msidb.org/m.php?3318
Aayiram Paadasarangal,Nadi,1969,Darbari Kaanada,G Devarajan,Vayalar Ramavarma,KJ Yesudas,1362,4480,https://en.msidb.org/s.php?1362,https://en.msidb.org/m.php?4480
Dukhame Ninakku,Pushpaanjali,1972,Darbari Kaanada,MK Arjunan,Sreekumaran Thampi,"KJ Yesudas, Chorus",2655,405,https://en.msidb.org/s.php?2655,https://en.msidb.org/m.php?405
Ilanjippoomanam,Ayalkkaari,1976,Darbari Kaanada,G Devarajan,Sreekumaran Thampi,KJ Yesudas,4001,4012,https://en.msidb.org/s.php?4001,https://en.msidb.org/m.php?4012
Radhika Krishna,Mohiniyaattam,1976,Darbari Kaanada,G Devarajan,Traditional (Jayadevar),Mannoor Rajakumaranunni,4028,3839,https://en.msidb.org/s.php?4028,https://en.msidb.org/m.php?3839
Kili Chilachu,Samasya,1976,Darbari Kaanada,KP Udayabhanu,ONV Kurup,KJ Yesudas,3823,2263,https://en.msidb.org/s.php?3823,https://en.msidb.org/m.php?2263
Devi Nin Chiriyil,Raajaparampara,1977,Darbari Kaanada,AT Ummer,Appan Thachethu,KJ Yesudas,4162,2654,https://en.msidb.org/s.php?4162,https://en.msidb.org/m.php?2654
Evideyaa Mohathin,Anubhoothikalude Nimisham,1978,Darbari Kaanada,AT Ummer,Sreekumaran Thampi,S Janaki,4834,2896,https://en.msidb.org/s.php?4834,https://en.msidb.org/m.php?2896
Chakravaalam chaamaram,Aval Viswasthayaayirunnu,1978,Darbari Kaanada,MK Arjunan,Kanam EJ,KJ Yesudas,4616,1001,https://en.msidb.org/s.php?4616,https://en.msidb.org/m.php?1001
Aadi Jeevakanam,Praarthana,1978,Darbari Kaanada,V Dakshinamoorthy,Mankombu Gopalakrishnan,KJ Yesudas,4548,4467,https://en.msidb.org/s.php?4548,https://en.msidb.org/m.php?4467
Ella dukhavum enikku,Lovely,1979,Darbari Kaanada,MK Arjunan,TV Gopalakrishnan,KJ Yesudas,5078,3974,https://en.msidb.org/s.php?5078,https://en.msidb.org/m.php?3974
Aadiyushassil,Manushyan,1979,Darbari Kaanada,V Dakshinamoorthy,Bharanikkavu Sivakumar,KJ Yesudas,5053,2678,https://en.msidb.org/s.php?5053,https://en.msidb.org/m.php?2678
Ullaasappoothirikal,Meen,1980,Darbari Kaanada,G Devarajan,Yusufali Kecheri,KJ Yesudas,5697,4754,https://en.msidb.org/s.php?5697,https://en.msidb.org/m.php?4754
Ente Janmam Neeyeduthu,Ithaa Oru Dhikkaari,1981,Darbari Kaanada,AT Ummer,Poovachal Khader,"KJ Yesudas, S Janaki",6071,273,https://en.msidb.org/s.php?6071,https://en.msidb.org/m.php?273
Instrumental [Violin],Ente Mohangal Poovaninju,1982,Darbari Kaanada,V Dakshinamoorthy,Uncategorized,Uncategorized,189839,890,https://en.msidb.org/s.php?189839,https://en.msidb.org/m.php?890
Urvashi,Lahari,1982,Darbari Kaanada,G Devarajan,Vayalar Ramavarma,P Madhuri,8075,1429,https://en.msidb.org/s.php?8075,https://en.msidb.org/m.php?1429
Ethoru karmavum,Naagamadathu Thampuraatti,1982,Darbari Kaanada,MK Arjunan,Poovachal Khader,KJ Yesudas,6117,1159,https://en.msidb.org/s.php?6117,https://en.msidb.org/m.php?1159
Swapnam kondu thulaabhaaram,Veenapoovu,1983,Darbari Kaanada,Vidyadharan,Mullanezhi,Jency,6487,3196,https://en.msidb.org/s.php?6487,https://en.msidb.org/m.php?3196
Devanu Ke Pathi,Swaathy Thirunaal,1987,Darbari Kaanada,MB Sreenivasan,Traditional (Swathi Thirunal),SP Balasubrahmanyam,7127,252,https://en.msidb.org/s.php?7127,https://en.msidb.org/m.php?252
Maamala mele vaarmazha megham,Abhimanyu,1991,Darbari Kaanada,Raveendran,Kaithapram,"MG Sreekumar, KS Chithra",10624,2951,https://en.msidb.org/s.php?10624,https://en.msidb.org/m.php?2951
Azhake nin,Amaram,1991,Darbari Kaanada,Raveendran,Kaithapram,"KJ Yesudas, KS Chithra",10617,2070,https://en.msidb.org/s.php?10617,https://en.msidb.org/m.php?2070
Aalaapanam,Ente Sooryaputhrikku,1991,Darbari Kaanada,Ilayaraja,Bichu Thirumala,"KJ Yesudas, KS Chithra, P Susheela",10587,1273,https://en.msidb.org/s.php?10587,https://en.msidb.org/m.php?1273
Aalaapanam [M],Ente Sooryaputhrikku,1991,Darbari Kaanada,Ilayaraja,Bichu Thirumala,KJ Yesudas,19311,1273,https://en.msidb.org/s.php?19311,https://en.msidb.org/m.php?1273
Poonthennaloo,Ente Sooryaputhrikku,1991,Darbari Kaanada,Ilayaraja,Bichu Thirumala,P Susheela,10588,1273,https://en.msidb.org/s.php?10588,https://en.msidb.org/m.php?1273
Idayaraaga ramanadukham,Uncle Bun,1991,Darbari Kaanada,Raveendran,Pazhavila Ramesan,"KJ Yesudas, KS Chithra",10499,3594,https://en.msidb.org/s.php?10499,https://en.msidb.org/m.php?3594
Aananda Nadanam,Kamaladalam,1992,Darbari Kaanada,Raveendran,Kaithapram,"KJ Yesudas, Raveendran, Chorus",13757,3791,https://en.msidb.org/s.php?13757,https://en.msidb.org/m.php?3791
Thoomanjin nenchilothungi,Samooham,1993,Darbari Kaanada,Johnson,Kaithapram,KJ Yesudas,10223,3420,https://en.msidb.org/s.php?10223,https://en.msidb.org/m.php?3420
Sindoorappoomanassil,Gamanam,1994,Darbari Kaanada,Ouseppachan,Bichu Thirumala,"KJ Yesudas, KS Chithra",10184,4062,https://en.msidb.org/s.php?10184,https://en.msidb.org/m.php?4062
Karayaathekannurangu,Saagaram saakshi,1994,Darbari Kaanada,Sharreth,Kaithapram,KJ Yesudas,10092,3205,https://en.msidb.org/s.php?10092,https://en.msidb.org/m.php?3205
Karayaathekannurangu,Saagaram saakshi,1994,Darbari Kaanada,Sharreth,Kaithapram,KS Chithra,15117,3205,https://en.msidb.org/s.php?15117,https://en.msidb.org/m.php?3205
Aathmaavin Pusthakathaalil [M],Mazhayethummunpe,1995,Darbari Kaanada,Raveendran,Kaithapram,KJ Yesudas,14484,3886,https://en.msidb.org/s.php?14484,https://en.msidb.org/m.php?3886
Aathmavin Pusthakathaalil [F],Mazhayethummunpe,1995,Darbari Kaanada,Raveendran,Kaithapram,KS Chithra,17795,3886,https://en.msidb.org/s.php?17795,https://en.msidb.org/m.php?3886
Kanneerkkumbilil,Sargavasantham,1995,Darbari Kaanada,Ouseppachan,Kaithapram,P Jayachandran,9920,238,https://en.msidb.org/s.php?9920,https://en.msidb.org/m.php?238
Mazha Peythaal [M],April 19,1996,Darbari Kaanada,Raveendran,S Ramesan Nair,KJ Yesudas,192574,2114,https://en.msidb.org/s.php?192574,https://en.msidb.org/m.php?2114
Mazha peythal,April 19,1996,Darbari Kaanada,Raveendran,S Ramesan Nair,"KJ Yesudas, S Janaki",9892,2114,https://en.msidb.org/s.php?9892,https://en.msidb.org/m.php?2114
Ponnil Kulichu Ninnu [D],Sallaapam,1996,Darbari Kaanada,Johnson,Kaithapram,"KJ Yesudas, KS Chithra",9831,4331,https://en.msidb.org/s.php?9831,https://en.msidb.org/m.php?4331
Ponnil Kulichu Ninnu [F],Sallaapam,1996,Darbari Kaanada,Johnson,Kaithapram,KS Chithra,18880,4331,https://en.msidb.org/s.php?18880,https://en.msidb.org/m.php?4331
Aariro Mayangu,Maayapponmaan,1997,Darbari Kaanada,Mohan Sithara,S Ramesan Nair,Biju Narayanan,11284,4866,https://en.msidb.org/s.php?11284,https://en.msidb.org/m.php?4866
Hridayamuraliyude raagam,Manthrikkochamma,1998,Darbari Kaanada,Mohan Sithara,S Ramesan Nair,KS Chithra,14868,758,https://en.msidb.org/s.php?14868,https://en.msidb.org/m.php?758
Shivadam Shivanaamam,Mazhavillu,1999,Darbari Kaanada,Mohan Sithara,Kaithapram,"KJ Yesudas, KS Chithra",9471,4884,https://en.msidb.org/s.php?9471,https://en.msidb.org/m.php?4884
Shivadam Shivanaamam,Mazhavillu,1999,Darbari Kaanada,Mohan Sithara,Kaithapram,"MG Sreekumar, KS Chithra",1954699,4884,https://en.msidb.org/s.php?1954699,https://en.msidb.org/m.php?4884
Manassin manichimizhil,Arayannangalude Veedu,2000,Darbari Kaanada,Raveendran,Gireesh Puthenchery,KS Chithra,9669,5003,https://en.msidb.org/s.php?9669,https://en.msidb.org/m.php?5003
Manassin manichimizhil [M],Arayannangalude Veedu,2000,Darbari Kaanada,Raveendran,Gireesh Puthenchery,KJ Yesudas,9667,5003,https://en.msidb.org/s.php?9667,https://en.msidb.org/m.php?5003
Dhwanitharanga,Joker,2000,Darbari Kaanada,Mohan Sithara,Yusufali Kecheri,KS Chithra,9336,610,https://en.msidb.org/s.php?9336,https://en.msidb.org/m.php?610
Dhwanitharanga,Joker,2000,Darbari Kaanada,Mohan Sithara,Yusufali Kecheri,"KJ Yesudas, KS Chithra",9343,610,https://en.msidb.org/s.php?9343,https://en.msidb.org/m.php?610
Dhwanitharanga [M],Joker,2000,Darbari Kaanada,Mohan Sithara,Yusufali Kecheri,KJ Yesudas,17635,610,https://en.msidb.org/s.php?17635,https://en.msidb.org/m.php?610
Sathyam Shivam Sundaram,Sathyam Sivam Sundaram,2000,Darbari Kaanada,Laxmikant Pyarelal,Pt Narendra Sharma,Deepankuran,9243,5058,https://en.msidb.org/s.php?9243,https://en.msidb.org/m.php?5058
Thengi Mounam Thengi,Sparsham,2000,Darbari Kaanada,Sharreth,S Ramesan Nair,Sharreth,14161,2693,https://en.msidb.org/s.php?14161,https://en.msidb.org/m.php?2693
Ariyaathe Ariyaathe,Raavanaprabhu,2001,Darbari Kaanada,Suresh Peters,Gireesh Puthenchery,"P Jayachandran, KS Chithra",9071,332,https://en.msidb.org/s.php?9071,https://en.msidb.org/m.php?332
Ariyaathe Ariyaathe,Raavanaprabhu,2001,Darbari Kaanada,Suresh Peters,Gireesh Puthenchery,KS Chithra,9074,332,https://en.msidb.org/s.php?9074,https://en.msidb.org/m.php?332
Ponkoodu,Ammakkilikoodu,2003,Darbari Kaanada,Raveendran,Kaithapram,P Jayachandran,11795,1782,https://en.msidb.org/s.php?11795,https://en.msidb.org/m.php?1782
Shilayilninnum Unarunee,Chronic Bachelor,2003,Darbari Kaanada,Deepak Dev,Kaithapram,"Dr Fahad Mohamad, Sujatha Mohan",8814,1396,https://en.msidb.org/s.php?8814,https://en.msidb.org/m.php?1396
Shilayilninnum Unarunee [F],Chronic Bachelor,2003,Darbari Kaanada,Deepak Dev,Kaithapram,Sujatha Mohan,19076,1396,https://en.msidb.org/s.php?19076,https://en.msidb.org/m.php?1396
Thaamaranoolinaal,Mullavalliyum Thenmaavum,2003,Darbari Kaanada,Ouseppachan,Gireesh Puthenchery,"G Venugopal, Gayathri Ashokan",8750,2994,https://en.msidb.org/s.php?8750,https://en.msidb.org/m.php?2994
Kandu Kandu,Maambazhakkaalam,2004,Darbari Kaanada,M Jayachandran,Gireesh Puthenchery,KK Nishad,15427,2661,https://en.msidb.org/s.php?15427,https://en.msidb.org/m.php?2661
Kandu kandu,Maambazhakkaalam,2004,Darbari Kaanada,M Jayachandran,Gireesh Puthenchery,Sujatha Mohan,8580,2661,https://en.msidb.org/s.php?8580,https://en.msidb.org/m.php?2661
Ente pranayathin[M],Chembada,2008,Darbari Kaanada,Robin Thirumala,Robin Thirumala,Najim Arshad,16539,6224,https://en.msidb.org/s.php?16539,https://en.msidb.org/m.php?6224
Junile Nilamzhayil,Nammal Thammil (Fifty Fifty),2009,Darbari Kaanada,M Jayachandran,Gireesh Puthenchery,"KJ Yesudas, Sujatha Mohan",12391,2248,https://en.msidb.org/s.php?12391,https://en.msidb.org/m.php?2248
Priyanu Matram,Robinhood,2009,Darbari Kaanada,M Jayachandran,Kaithapram,"Vijay Yesudas, Shweta Mohan",190097,6609,https://en.msidb.org/s.php?190097,https://en.msidb.org/m.php?6609
Yaathraamozhi,Raamaraavanan,2010,Darbari Kaanada,Kaithapram,Rafi Mathira,G Venugopal,191080,6735,https://en.msidb.org/s.php?191080,https://en.msidb.org/m.php?6735
Chandra Chooda,Karmayogi,2011,Darbari Kaanada,Navaneeth Sundar,Traditional (Purandara Dasa),Anoop Shankar,193358,6968,https://en.msidb.org/s.php?193358,https://en.msidb.org/m.php?6968
Innee Kadalin,Veeraputhran,2011,Darbari Kaanada,Ramesh Narayan,Rafeeq Ahamed,"KJ Yesudas, Manjari",193081,6858,https://en.msidb.org/s.php?193081,https://en.msidb.org/m.php?6858
Ee Mulamkoodu,Venshankhupol [Ekadasi],2011,Darbari Kaanada,Anil Pongummoodu,ONV Kurup,V Madhusoodanan Nair,193121,6897,https://en.msidb.org/s.php?193121,https://en.msidb.org/m.php?6897
Dheem dheem,Players [Two Wheeler (Hai Rose)],2013,Darbari Kaanada,M Jayachandran,Gireesh Puthenchery,"KL Sreeram, Rajesh Vijay",8448,1520,https://en.msidb.org/s.php?8448,https://en.msidb.org/m.php?1520
Aaru Vangum,Harischandra,1955,Desh,Br Lakshmanan,Thirunayinaarkurichi Madhavan Nair,Kamukara Purushothaman,13233,4825,https://en.msidb.org/s.php?13233,https://en.msidb.org/m.php?4825
Manivarnane Innu Njan,Koodappirappu,1956,Desh,K Raghavan,Vayalar Ramavarma,ML Vasanthakumari,1866,3564,https://en.msidb.org/s.php?1866,https://en.msidb.org/m.php?3564
Kandathundo Sakhee,Manthravaadi,1956,Desh,Br Lakshmanan,Thirunayinaarkurichi Madhavan Nair,P Leela,1845,2284,https://en.msidb.org/s.php?1845,https://en.msidb.org/m.php?2284
Aamalarkkaavil,Achanum Makanum,1957,Desh,Vimal Kumar,Thirunalloor Karunakaran,"AM Raja, K Rani",13633,3691,https://en.msidb.org/s.php?13633,https://en.msidb.org/m.php?3691
Thumbappoo Peyyana,Randidangazhi,1958,Desh,Trichur P Radhakrishnan,Thirunayinaarkurichi Madhavan Nair,"Kamukara Purushothaman, KPAC Sulochana",1966,501,https://en.msidb.org/s.php?1966,https://en.msidb.org/m.php?501
Ithumaathram Ithumaathram,Ninamaninja Kaalppaadukal,1963,Desh,MS Baburaj,P Bhaskaran,P Leela,192,1702,https://en.msidb.org/s.php?192,https://en.msidb.org/m.php?1702
Jannathu Thaamara,Porter Kunjaali,1965,Desh,MS Baburaj,Abhayadev,P Leela,463,4422,https://en.msidb.org/s.php?463,https://en.msidb.org/m.php?4422
Shankhupushpam Kannezhuthumbol,Shakunthala,1965,Desh,G Devarajan,Vayalar Ramavarma,KJ Yesudas,572,3692,https://en.msidb.org/s.php?572,https://en.msidb.org/m.php?3692
Swargavaathil Thurannu,Kanaatha Veshangal,1967,Desh,BA Chidambaranath,Vayalar Ramavarma,KJ Yesudas,933,4831,https://en.msidb.org/s.php?933,https://en.msidb.org/m.php?4831
Oru Pushpam,Pareeksha,1967,Desh,MS Baburaj,P Bhaskaran,KJ Yesudas,977,3493,https://en.msidb.org/s.php?977,https://en.msidb.org/m.php?3493
Ksheerasaagara Nandini Pournami,Kumaarasambhavam,1969,Desh,G Devarajan,Vayalar Ramavarma,P Leela,1408,557,https://en.msidb.org/s.php?1408,https://en.msidb.org/m.php?557
Chirakulla Kilikalkke,Maadhavikkutty,1973,Desh,G Devarajan,Vayalar Ramavarma,P Madhuri,3161,4791,https://en.msidb.org/s.php?3161,https://en.msidb.org/m.php?4791
Kavithayanu Nee,Chief Guest,1975,Desh,AT Ummer,ONV Kurup,KJ Yesudas,13712,3543,https://en.msidb.org/s.php?13712,https://en.msidb.org/m.php?3543
Kalyaanasougandhikappoovallayo,Kalyaana Sougandhikam,1975,Desh,Pukazhenthi,Mankombu Gopalakrishnan,KJ Yesudas,12338,286,https://en.msidb.org/s.php?12338,https://en.msidb.org/m.php?286
Chandrakirana Tharangini,Amba Ambika Ambaalika,1976,Desh,G Devarajan,Sreekumaran Thampi,"KJ Yesudas, P Madhuri, Ambili Rajasekharan",3986,4384,https://en.msidb.org/s.php?3986,https://en.msidb.org/m.php?4384
Paarvana Sasikala,Neelasaari,1976,Desh,V Dakshinamoorthy,Pappanamkodu Lakshmanan,"N Sreekanth, Ambili Rajasekharan",4037,2102,https://en.msidb.org/s.php?4037,https://en.msidb.org/m.php?2102
Bhagavaan Anuraagavasantham,Mohavum Mukthiyum,1977,Desh,MK Arjunan,Sreekumaran Thampi,"Vani Jairam, B Vasantha",4239,1008,https://en.msidb.org/s.php?4239,https://en.msidb.org/m.php?1008
Oro raathriyum madhuvidhu,Ajnaatha Theerangal,1979,Desh,MK Arjunan,Sreekumaran Thampi,Vani Jairam,5111,226,https://en.msidb.org/s.php?5111,https://en.msidb.org/m.php?226
Naadha Neevarum kaalocha,Chaamaram,1980,Desh,MG Radhakrishnan,Poovachal Khader,S Janaki,5723,5040,https://en.msidb.org/s.php?5723,https://en.msidb.org/m.php?5040
Mizhiyoram nananjozhukum,Manjil Virinja Pookkal,1980,Desh,Jerry Amaldev,Bichu Thirumala,KJ Yesudas,5827,2648,https://en.msidb.org/s.php?5827,https://en.msidb.org/m.php?2648
Mizhiyoram nilaavalayo,Manjil Virinja Pookkal,1980,Desh,Jerry Amaldev,Bichu Thirumala,S Janaki,5828,2648,https://en.msidb.org/s.php?5828,https://en.msidb.org/m.php?2648
Arikilo akaleyo [Record Version],Novemberinte Nashtam,1982,Desh,MG Radhakrishnan,Poovachal Khader,"KS Chithra, B Arundhathi, MG Sreekumar",190197,4663,https://en.msidb.org/s.php?190197,https://en.msidb.org/m.php?4663
Neelakkurinjikal,Neelakkadambu,1985,Desh,Raveendran,K Jayakumar,KS Chithra,12999,92,https://en.msidb.org/s.php?12999,https://en.msidb.org/m.php?92
Aadyavasanthame,Vishnulokam,1991,Desh,Raveendran,Kaithapram,MG Sreekumar,10487,1120,https://en.msidb.org/s.php?10487,https://en.msidb.org/m.php?1120
Aadyavasanthame,Vishnulokam,1991,Desh,Raveendran,Kaithapram,KS Chithra,13209,1120,https://en.msidb.org/s.php?13209,https://en.msidb.org/m.php?1120
Kaarvarnane kando sakhi,Oraal Maathram,1997,Desh,Johnson,Kaithapram,KJ Yesudas,9709,3933,https://en.msidb.org/s.php?9709,https://en.msidb.org/m.php?3933
Kaarvarnane kando sakhi,Oraal Maathram,1997,Desh,Johnson,Kaithapram,KS Chithra,14350,3933,https://en.msidb.org/s.php?14350,https://en.msidb.org/m.php?3933
Mayilaay Parannuvaa,Mayilppeelikkaavu,1998,Desh,Berny Ignatius,S Ramesan Nair,S Janaki,12786,28,https://en.msidb.org/s.php?12786,https://en.msidb.org/m.php?28
Mayilaay Parannuvaa [D],Mayilppeelikkaavu,1998,Desh,Berny Ignatius,S Ramesan Nair,"KJ Yesudas, KS Chithra",9599,28,https://en.msidb.org/s.php?9599,https://en.msidb.org/m.php?28
Melevinnin Muttathaare,Ezhupunnatharakan,1999,Desh,Vidyasagar,Gireesh Puthenchery,KS Chithra,9490,3401,https://en.msidb.org/s.php?9490,https://en.msidb.org/m.php?3401
Melevinninmuttathaare,Ezhupunnatharakan,1999,Desh,Vidyasagar,Gireesh Puthenchery,Sreenivas,19110,3401,https://en.msidb.org/s.php?19110,https://en.msidb.org/m.php?3401
Shokamookamaay,Thachilledathu Chundan,1999,Desh,Raveendran,Bichu Thirumala,KJ Yesudas,11874,293,https://en.msidb.org/s.php?11874,https://en.msidb.org/m.php?293
Iniyenthu Paadendu Njan [F],Udayapuram Sulthan,1999,Desh,Kaithapram,Kaithapram,KS Chithra,9407,2429,https://en.msidb.org/s.php?9407,https://en.msidb.org/m.php?2429
Iniyenthu Paadendu Njan [M],Udayapuram Sulthan,1999,Desh,Kaithapram,Kaithapram,KJ Yesudas,16155,2429,https://en.msidb.org/s.php?16155,https://en.msidb.org/m.php?2429
Paandava,Shaantham,2000,Desh,Kaithapram,Kaithapram,KJ Yesudas,9246,2304,https://en.msidb.org/s.php?9246,https://en.msidb.org/m.php?2304
Megharaagam,Kaakkakkuyil,2001,Desh,Deepan Chatterji,Gireesh Puthenchery,KS Chithra,9166,4470,https://en.msidb.org/s.php?9166,https://en.msidb.org/m.php?4470
Megharaagam [M],Kaakkakkuyil,2001,Desh,Deepan Chatterji,Gireesh Puthenchery,MG Sreekumar,15766,4470,https://en.msidb.org/s.php?15766,https://en.msidb.org/m.php?4470
Sahyasaanu Shruthicherthu,Karumaadikkuttan,2001,Desh,Mohan Sithara,Yusufali Kecheri,KJ Yesudas,9156,1352,https://en.msidb.org/s.php?9156,https://en.msidb.org/m.php?1352
Darshan,Soothradhaaran,2001,Desh,Raveendran,Dr SP Ramesh,"SP Balasubrahmanyam, Gayathri Ashokan",9039,1967,https://en.msidb.org/s.php?9039,https://en.msidb.org/m.php?1967
Madhumayee,Soothradhaaran,2001,Desh,Raveendran,S Ramesan Nair,KJ Yesudas,14011,1967,https://en.msidb.org/s.php?14011,https://en.msidb.org/m.php?1967
Oduvilee sandhyayum njaanum,Kadha,2002,Desh,Ouseppachan,Gireesh Puthenchery,G Venugopal,8979,2698,https://en.msidb.org/s.php?8979,https://en.msidb.org/m.php?2698
Enthe Innum Vanneela,Gramaphone,2003,Desh,Vidyasagar,Gireesh Puthenchery,"P Jayachandran, KJ Geemon, Chorus",8989,2549,https://en.msidb.org/s.php?8989,https://en.msidb.org/m.php?2549
Paranjilla,Maambazhakkaalam,2004,Desh,M Jayachandran,Gireesh Puthenchery,KJ Yesudas,8581,2661,https://en.msidb.org/s.php?8581,https://en.msidb.org/m.php?2661
Ramzan Nilaavotha,Boy Friend,2005,Desh,M Jayachandran,Kaithapram,KJ Yesudas,11211,5067,https://en.msidb.org/s.php?11211,https://en.msidb.org/m.php?5067
Ramzan Nilaavotha [D],Boy Friend,2005,Desh,M Jayachandran,Kaithapram,"KJ Yesudas, Binni Krishnakumar",15522,5067,https://en.msidb.org/s.php?15522,https://en.msidb.org/m.php?5067
Omanappuzha,Chaanthu Pottu,2005,Desh,Vidyasagar,Sarath Vayalar,Vineeth Sreenivasan,8327,194,https://en.msidb.org/s.php?8327,https://en.msidb.org/m.php?194
Ozhukukayaay,Achanurangaatha veedu,2006,Desh,Alex Paul,Sarath Vayalar,"Reju Joseph, Sujatha Mohan",8396,2882,https://en.msidb.org/s.php?8396,https://en.msidb.org/m.php?2882
Ozhukukayaay (F),Achanurangaatha veedu,2006,Desh,Alex Paul,Sarath Vayalar,Sujatha Mohan,13653,2882,https://en.msidb.org/s.php?13653,https://en.msidb.org/m.php?2882
Pathiye Sandhya,Ithu Nammude Kadha,2011,Desh,Sundar C Babu,Santhosh Varma,Najim Arshad,192679,6821,https://en.msidb.org/s.php?192679,https://en.msidb.org/m.php?6821
Nilaavupol Oramma,Naayika,2011,Desh,MK Arjunan,Sreekumaran Thampi,KS Chithra,193236,6940,https://en.msidb.org/s.php?193236,https://en.msidb.org/m.php?6940
Nale Nale,Bhakthakuchela,1961,Devagandhari,Br Lakshmanan,Thirunayinaarkurichi Madhavan Nair,Kamukara Purushothaman,92,1265,https://en.msidb.org/s.php?92,https://en.msidb.org/m.php?1265
Priyamanasa Nee,Chilamboli,1963,Devagandhari,V Dakshinamoorthy,Abhayadev,P Leela,251,4299,https://en.msidb.org/s.php?251,https://en.msidb.org/m.php?4299
Pramadavanathil,Ambalapraavu,1970,Devagandhari,MS Baburaj,P Bhaskaran,P Leela,2260,4048,https://en.msidb.org/s.php?2260,https://en.msidb.org/m.php?4048
Peelippoomudi,Sree Guruvayoorappan,1972,Devagandhari,V Dakshinamoorthy,ONV Kurup,"P Leela, Soolamangalam Rajalakshmi",2789,790,https://en.msidb.org/s.php?2789,https://en.msidb.org/m.php?790
Thripurasundari,Divyadarshanam,1973,Devagandhari,MS Viswanathan,Sreekumaran Thampi,P Leela,3143,3458,https://en.msidb.org/s.php?3143,https://en.msidb.org/m.php?3458
Sreemahaadevan Thante,Nirmaalyam,1973,Devagandhari,K Raghavan,Edasseri Govindan Nair,"KP Brahmanandan, Padmini Warrier",3149,4736,https://en.msidb.org/s.php?3149,https://en.msidb.org/m.php?4736
Chaale chaalicha,Udayam,1973,Devagandhari,V Dakshinamoorthy,P Bhaskaran,S Janaki,2933,3156,https://en.msidb.org/s.php?2933,https://en.msidb.org/m.php?3156
Thinkalmukhi,Arakkallan Mukkaalkkallan,1974,Devagandhari,V Dakshinamoorthy,P Bhaskaran,"S Janaki, Chorus",3431,3046,https://en.msidb.org/s.php?3431,https://en.msidb.org/m.php?3046
Madhurameenakshi,Youvanam,1974,Devagandhari,V Dakshinamoorthy,Sreekumaran Thampi,S Janaki,3278,757,https://en.msidb.org/s.php?3278,https://en.msidb.org/m.php?757
Sankara Digvijayam,Jagadguru Adisankaran,1977,Devagandhari,V Dakshinamoorthy,P Bhaskaran,KJ Yesudas,4404,3882,https://en.msidb.org/s.php?4404,https://en.msidb.org/m.php?3882
Kannane Kanninal Kandu,Sree Guruvayoor Maahaathmyam,1984,Devagandhari,V Dakshinamoorthy,P Bhaskaran,KJ Yesudas,8067,2756,https://en.msidb.org/s.php?8067,https://en.msidb.org/m.php?2756
Aananda Nadanam,Kamaladalam,1992,Devagandhari,Raveendran,Kaithapram,"KJ Yesudas, Raveendran, Chorus",13757,3791,https://en.msidb.org/s.php?13757,https://en.msidb.org/m.php?3791
Ksheerasaagara,Sopaanam,1994,Devagandhari,SP Venkitesh,Traditional (Thyagaraja),KJ Yesudas,11599,4602,https://en.msidb.org/s.php?11599,https://en.msidb.org/m.php?4602
Kaithappoo Manam,Sneham,1998,Devagandhari,Perumbavoor G Ravindranath,Yusufali Kecheri,"Radhika Thilak, Chorus",12974,5821,https://en.msidb.org/s.php?12974,https://en.msidb.org/m.php?5821
Harichandanam,Kannezhuthi Pottumthottu,1999,Devagandhari,MG Radhakrishnan,Kavalam Narayana Panicker,MG Sreekumar,11763,3850,https://en.msidb.org/s.php?11763,https://en.msidb.org/m.php?3850
Maayaanadanavihaarini,Kumaarasambhavam,1969,Devamanohari,G Devarajan,ONV Kurup,"P Leela, Radha Jayalakshmi",1401,557,https://en.msidb.org/s.php?1401,https://en.msidb.org/m.php?557
Nee Kelana,Veendum Prabhaatham,1973,Devamanohari,V Dakshinamoorthy,Traditional (ML Vasanthakumari),KJ Yesudas,2981,4741,https://en.msidb.org/s.php?2981,https://en.msidb.org/m.php?4741
Praseetha [F],Illathe Kilikkoodu,2003,Devamanohari,Raveendran,Yusufali Kecheri,KS Chithra,19091,3820,https://en.msidb.org/s.php?19091,https://en.msidb.org/m.php?3820
Doore Doore,Siddhaartha,1988,Dhanakaapi,Shyam,Bichu Thirumala,"KJ Yesudas, KS Chithra",13264,5771,https://en.msidb.org/s.php?13264,https://en.msidb.org/m.php?5771
Doore Doore [Bit],Siddhaartha,1988,Dhanakaapi,Shyam,Bichu Thirumala,KS Chithra,13265,5771,https://en.msidb.org/s.php?13265,https://en.msidb.org/m.php?5771
There  Mere,Siddhaartha,1988,Dhanakaapi,Shyam,Bichu Thirumala,"KJ Yesudas, KS Chithra",13263,5771,https://en.msidb.org/s.php?13263,https://en.msidb.org/m.php?5771
Thillaana,Swaathy Thirunaal,1987,Dhanasri,MB Sreenivasan,Traditional (Swathi Thirunal),Ambilikkuttan,7125,252,https://en.msidb.org/s.php?7125,https://en.msidb.org/m.php?252
Padumanaabha,Manjeeradhwani,1998,Dhanasri,Ilayaraja,Traditional (Swathi Thirunal),B Arundhathi,9607,4633,https://en.msidb.org/s.php?9607,https://en.msidb.org/m.php?4633
Hey raja,Athbhuthadweepu,2005,Dhanasri,M Jayachandran,Vinayan,"Alex Kayyalakkal, Sudeep Kumar, KK Nishad, Joshiy, Sujatha Mohan",8372,3840,https://en.msidb.org/s.php?8372,https://en.msidb.org/m.php?3840
Ha Ha Mohanam Ee Youvvanam,Sthree,1950,Dhanyasi,BA Chidambaranath,Thikkurissi Sukumaran Nair,-,1527,817,https://en.msidb.org/s.php?1527,https://en.msidb.org/m.php?817
Paarvathy Swayamvaram,Raagam Thaanam Pallavi,1980,Dhanyasi,MK Arjunan,AP Gopalan,KJ Yesudas,5767,693,https://en.msidb.org/s.php?5767,https://en.msidb.org/m.php?693
Sangeetha Njanamu,Sree Thyagaraja,1981,Dhanyasi,KV Mahadevan,Traditional (Thyagaraja),SP Balasubrahmanyam,5501,3020,https://en.msidb.org/s.php?5501,https://en.msidb.org/m.php?3020
Ambilikkala,Raajashilpi,1992,Dhanyasi,Raveendran,ONV Kurup,KS Chithra,10390,949,https://en.msidb.org/s.php?10390,https://en.msidb.org/m.php?949
Kannane thedunnu raadha,War And Love,2003,Dhanyasi,Mohan Sithara,Yusufali Kecheri,TT Sainoj,8682,791,https://en.msidb.org/s.php?8682,https://en.msidb.org/m.php?791
Madhuraswarga,Manoradham,1978,Dharmavathi,V Dakshinamoorthy,P Bhaskaran,"KJ Yesudas, Vani Jairam",4663,3431,https://en.msidb.org/s.php?4663,https://en.msidb.org/m.php?3431
Indeevarangalimathurannu,Irumbazhikal,1979,Dharmavathi,MK Arjunan,RK Damodaran,"KJ Yesudas, Jency",5073,4556,https://en.msidb.org/s.php?5073,https://en.msidb.org/m.php?4556
Swagatham Othumee,January Oru Orma,1987,Dharmavathi,Ouseppachan,Shibu Chakravarthy,KJ Yesudas,7020,2281,https://en.msidb.org/s.php?7020,https://en.msidb.org/m.php?2281
Oh Dilruba,Azhakiya Raavanan,1996,Dharmavathi,Vidyasagar,Kaithapram,"Hariharan, KS Chithra",11486,3113,https://en.msidb.org/s.php?11486,https://en.msidb.org/m.php?3113
Shaaradendu Paadi,Kaliyoonjal,1997,Dharmavathi,Ilayaraja,Kaithapram,"KJ Yesudas, Ilayaraja, Bhavatharani",9757,2614,https://en.msidb.org/s.php?9757,https://en.msidb.org/m.php?2614
Vara chandralekhayalle,Kilukilppambaram,1997,Dharmavathi,SP Venkitesh,Gireesh Puthenchery,KS Chithra,9725,566,https://en.msidb.org/s.php?9725,https://en.msidb.org/m.php?566
Vara chandralekhayalle,Kilukilppambaram,1997,Dharmavathi,SP Venkitesh,Gireesh Puthenchery,KJ Yesudas,14393,566,https://en.msidb.org/s.php?14393,https://en.msidb.org/m.php?566
Ente Mounaraagaminnu,Kottaaram Veettile Apputtan,1998,Dharmavathi,Berny Ignatius,Panthalam Sudhakaran,"KJ Yesudas, KS Chithra",11933,4948,https://en.msidb.org/s.php?11933,https://en.msidb.org/m.php?4948
Swantham chirakinte,Punaradhivaasam,2000,Dharmavathi,"Louis Banks, Sivamani",Gireesh Puthenchery,MG Sreekumar,9269,3,https://en.msidb.org/s.php?9269,https://en.msidb.org/m.php?3
Sooryan Neeyaanda,Kochiraajaavu,2005,Dharmavathi,Vidyasagar,Gireesh Puthenchery,"KJ Yesudas, Kalyani Nair",8265,385,https://en.msidb.org/s.php?8265,https://en.msidb.org/m.php?385
Iniyente Maathram,Oraal,2005,Dharmavathi,Viswajith,Beeyar Prasad,Byju Sangeeth,13804,5978,https://en.msidb.org/s.php?13804,https://en.msidb.org/m.php?5978
Thirithaazhunnu,Thamburaankunnu,2005,Dharmavathi,Thej Mervin,Gireesh Puthenchery,KJ Yesudas,10989,5290,https://en.msidb.org/s.php?10989,https://en.msidb.org/m.php?5290
Chillujaalaka Vaathilil (Sathyam Collections),Classmates,2006,Dharmavathi,Alex Paul,Sarath Vayalar,Manjari,11071,5189,https://en.msidb.org/s.php?11071,https://en.msidb.org/m.php?5189
Arappavan ponnu kondu,Vaasthavam,2006,Dharmavathi,Alex Paul,Gireesh Puthenchery,"Vidhu Prathap, Rimi Tomy",11190,5311,https://en.msidb.org/s.php?11190,https://en.msidb.org/m.php?5311
Ambe Vaanee,Sooryan,2007,Dharmavathi,Ilayaraja,Gireesh Puthenchery,"KJ Yesudas, Vijay Yesudas",14121,6016,https://en.msidb.org/s.php?14121,https://en.msidb.org/m.php?6016
Amme Mookaambike,Nalla Paattukaarey,2010,Dharmavathi,Sharreth,Gireesh Puthenchery,Shwetha (MSS),190811,6690,https://en.msidb.org/s.php?190811,https://en.msidb.org/m.php?6690
Manassil Koluthiya,Sooryabhadram,2015,Dharmavathi,Satheesh Vinod,KV Sreedharan,N Lathika,1954308,8067,https://en.msidb.org/s.php?1954308,https://en.msidb.org/m.php?8067
Swanthamenna Padathinenthartham,Mohiniyaattam,1976,Dhenuka,G Devarajan,Sreekumaran Thampi,KJ Yesudas,4025,3839,https://en.msidb.org/s.php?4025,https://en.msidb.org/m.php?3839
Akkarappachayile(F),Sthaanaarthi Saramma,1966,Durga,LPR Varma,Vayalar Ramavarma,S Janaki,783,2784,https://en.msidb.org/s.php?783,https://en.msidb.org/m.php?2784
Pottu Thotta Pournami,Hridayam,2022,Durga,Hesham Abdul Wahab,Kaithapram,"Sachin Balu, Megha Josekutty",1958592,9139,https://en.msidb.org/s.php?1958592,https://en.msidb.org/m.php?9139
Ennini Darsanam,Abala,1973,Dwijavanthi,V Dakshinamoorthy,Ashwathy,Kalyani Menon,12651,5325,https://en.msidb.org/s.php?12651,https://en.msidb.org/m.php?5325
Maaril charthiya,Oru Kochu Swapnam,1984,Dwijavanthi,MB Sreenivasan,ONV Kurup,KJ Yesudas,7324,1099,https://en.msidb.org/s.php?7324,https://en.msidb.org/m.php?1099
Thaalamayanju gaanamapoornam,Pavithram,1994,Dwijavanthi,Sharreth,ONV Kurup,"KJ Yesudas, Sujatha Mohan",10123,4110,https://en.msidb.org/s.php?10123,https://en.msidb.org/m.php?4110
Sa virahe thava,Agnisaakshi,1999,Dwijavanthi,Kaithapram,Traditional (Jayadevar),Kavalam Sreekumar,9522,3800,https://en.msidb.org/s.php?9522,https://en.msidb.org/m.php?3800
Virahini raadhe,Mr Butler,2000,Dwijavanthi,Vidyasagar,Gireesh Puthenchery,"KJ Yesudas, KS Chithra",9591,5057,https://en.msidb.org/s.php?9591,https://en.msidb.org/m.php?5057
Unnamulai umayaalodum,Chidambaram,1986,Gambheera Naatta,G Devarajan,Traditional (Folk),P Madhuri,7838,2651,https://en.msidb.org/s.php?7838,https://en.msidb.org/m.php?2651
Thankathinkal Vaanil,Manassinakkare,2003,Gambheera Naatta,Ilayaraja,Gireesh Puthenchery,"Vijay Yesudas, Asha G Menon, Chorus",13002,46,https://en.msidb.org/s.php?13002,https://en.msidb.org/m.php?46
Raghupathi Raaghava Rajaraam,Yuvathurki,1996,Gara,Traditional,Traditional (Vishnu Digambar Pulaskar),Chorus,15204,5856,https://en.msidb.org/s.php?15204,https://en.msidb.org/m.php?5856
Ikkareyaanente,Kaarthika,1968,Gavathi,MS Baburaj,Yusufali Kecheri,"KJ Yesudas, P Susheela",1089,245,https://en.msidb.org/s.php?1089,https://en.msidb.org/m.php?245
Dudukugala,Sreeraagam,1995,Gowla,Kanhangad Ramachandran,Traditional (Thyagaraja),"Kanhangad Ramachandran, Supriya Chandran, Sreepriya Chandran",11652,3499,https://en.msidb.org/s.php?11652,https://en.msidb.org/m.php?3499
Tera Teeyagaraada,Sree Thyagaraja,1981,Gowli Panthu,KV Mahadevan,Traditional (Thyagaraja),SP Balasubrahmanyam,6380,3020,https://en.msidb.org/s.php?6380,https://en.msidb.org/m.php?3020
Panchavarnnathatha,Karutha Kai,1964,Gowri Manohari,MS Baburaj,Thirunayinaarkurichi Madhavan Nair,"KJ Yesudas, Kamukara Purushothaman",329,2887,https://en.msidb.org/s.php?329,https://en.msidb.org/m.php?2887
Hridayaveenathan,Ithu Manushyano?,1973,Gowri Manohari,MK Arjunan,Sreekumaran Thampi,KJ Yesudas,3153,3285,https://en.msidb.org/s.php?3153,https://en.msidb.org/m.php?3285
Aananda Sankeerthana,Swarnna Medal,1973,Gowri Manohari,M Ranga Rao,P Bhaskaran,S Janaki,12354,5782,https://en.msidb.org/s.php?12354,https://en.msidb.org/m.php?5782
Dukhadevathe Unaroo,Odakkuzhal,1975,Gowri Manohari,MK Arjunan,Vayalar Ramavarma,S Janaki,3620,2287,https://en.msidb.org/s.php?3620,https://en.msidb.org/m.php?2287
Mailaanchikkaattil,Kaayamkulam Kochunniyude Makan,1976,Gowri Manohari,MK Arjunan,Pappanamkodu Lakshmanan,"Ambili Rajasekharan, B Vasantha",3855,3041,https://en.msidb.org/s.php?3855,https://en.msidb.org/m.php?3041
Marannuvo Nee Hridayeshwari,Akshayapaathram,1977,Gowri Manohari,MS Viswanathan,Sreekumaran Thampi,KJ Yesudas,4485,1633,https://en.msidb.org/s.php?4485,https://en.msidb.org/m.php?1633
Muthum Pavizhavum,Muhoorthangal,1977,Gowri Manohari,MK Arjunan,ONV Kurup,Vani Jairam,14107,3845,https://en.msidb.org/s.php?14107,https://en.msidb.org/m.php?3845
Nakshathra Deepangal,Nirakudam,1977,Gowri Manohari,Jaya Vijaya,Bichu Thirumala,KJ Yesudas,4293,842,https://en.msidb.org/s.php?4293,https://en.msidb.org/m.php?842
Swarnameeninte chelotha,Sarppam,1979,Gowri Manohari,KJ Joy,Bichu Thirumala,"KJ Yesudas, SP Balasubrahmanyam, P Susheela, Vani Jairam",5216,4883,https://en.msidb.org/s.php?5216,https://en.msidb.org/m.php?4883
Shenthamizhnattile Mannaril,Sreedevi Darsanam,1980,Gowri Manohari,G Devarajan,P Bhaskaran,P Madhuri,8831,5362,https://en.msidb.org/s.php?8831,https://en.msidb.org/m.php?5362
Guruleka [Entharo Mahanubhavulu],Gaanam,1982,Gowri Manohari,V Dakshinamoorthy,Traditional (Thyagaraja),M Balamuralikrishna,13020,1710,https://en.msidb.org/s.php?13020,https://en.msidb.org/m.php?1710
Yamunatheeravihaari,Kinginikkombu,1983,Gowri Manohari,Raveendran,Mullanezhi,KJ Yesudas,7493,1103,https://en.msidb.org/s.php?7493,https://en.msidb.org/m.php?1103
Paadum oru kiliyaay,Onnu Randu Moonnu,1986,Gowri Manohari,Rajasenan,Poovachal Khader,"KJ Yesudas, KS Chithra",7815,2490,https://en.msidb.org/s.php?7815,https://en.msidb.org/m.php?2490
Gouri Manohari,Venal Kinaavukal,1991,Gowri Manohari,L Vaidyanathan,ONV Kurup,"KJ Yesudas, Sindoori",12332,4122,https://en.msidb.org/s.php?12332,https://en.msidb.org/m.php?4122
Raathri lillikal pootha pol,Ekalavyan,1993,Gowri Manohari,Rajamani,Gireesh Puthenchery,"KJ Yesudas, Sujatha Mohan",10302,284,https://en.msidb.org/s.php?10302,https://en.msidb.org/m.php?284
Jathi Marmarangaluthirum,Avan Ananthapadmanaabhan,1994,Gowri Manohari,Mohan Sithara,PK Gopi,KJ Yesudas,10208,3192,https://en.msidb.org/s.php?10208,https://en.msidb.org/m.php?3192
Veena Paadum eenamayi (M),Vaardhakyapuraanam,1994,Gowri Manohari,Kannur Rajan,IS Kundoor,KJ Yesudas,12639,3146,https://en.msidb.org/s.php?12639,https://en.msidb.org/m.php?3146
Veena Paadum eenamayi [F],Vaardhakyapuraanam,1994,Gowri Manohari,Kannur Rajan,IS Kundoor,KS Chithra,11625,3146,https://en.msidb.org/s.php?11625,https://en.msidb.org/m.php?3146
Veenapaadumeenamaayi,Vaardhakyapuraanam,1994,Gowri Manohari,Kannur Rajan,IS Kundoor,"KJ Yesudas, P Jayachandran, KS Chithra",19046,3146,https://en.msidb.org/s.php?19046,https://en.msidb.org/m.php?3146
Ithra madhurikkumo,Five Star Hospital,1997,Gowri Manohari,Bombay Ravi,Yusufali Kecheri,KJ Yesudas,9783,3813,https://en.msidb.org/s.php?9783,https://en.msidb.org/m.php?3813
Kokkikkurukiyum,Olympian Antony Adam,1999,Gowri Manohari,Ouseppachan,Gireesh Puthenchery,"MG Sreekumar, Chorus",9282,3323,https://en.msidb.org/s.php?9282,https://en.msidb.org/m.php?3323
Chandrahridayam,Sathyam Sivam Sundaram,2000,Gowri Manohari,Vidyasagar,Kaithapram,KJ Yesudas,9238,5058,https://en.msidb.org/s.php?9238,https://en.msidb.org/m.php?5058
Kaatte Nee Veesharuthippol,Kaattu Vannu Vilichappol,2001,Gowri Manohari,MG Radhakrishnan,Thirunalloor Karunakaran,KS Chithra,9175,2752,https://en.msidb.org/s.php?9175,https://en.msidb.org/m.php?2752
Raakkuyil,Kasthoorimaan,2003,Gowri Manohari,Ouseppachan,AK Lohithadas,KJ Yesudas,19006,2403,https://en.msidb.org/s.php?19006,https://en.msidb.org/m.php?2403
Raakkuyil [D],Kasthoorimaan,2003,Gowri Manohari,Ouseppachan,AK Lohithadas,"KJ Yesudas, KS Chithra",8780,2403,https://en.msidb.org/s.php?8780,https://en.msidb.org/m.php?2403
Kannu nattu kaathirunnittum,Kadhaavaseshan,2004,Gowri Manohari,M Jayachandran,Gireesh Puthenchery,"P Jayachandran, Vidyadharan",11839,3336,https://en.msidb.org/s.php?11839,https://en.msidb.org/m.php?3336
Kannu nattu kaathirunnittum,Kadhaavaseshan,2004,Gowri Manohari,M Jayachandran,Gireesh Puthenchery,P Jayachandran,19007,3336,https://en.msidb.org/s.php?19007,https://en.msidb.org/m.php?3336
Thanichirikkumbam,Kanninum Kannaadikkum,2004,Gowri Manohari,M Jayachandran,Gireesh Puthenchery,KS Chithra,8585,4797,https://en.msidb.org/s.php?8585,https://en.msidb.org/m.php?4797
Thanichirikkumbam (M),Kanninum Kannaadikkum,2004,Gowri Manohari,M Jayachandran,Gireesh Puthenchery,KJ Yesudas,14605,4797,https://en.msidb.org/s.php?14605,https://en.msidb.org/m.php?4797
Thanichirikkumbam [D],Kanninum Kannaadikkum,2004,Gowri Manohari,M Jayachandran,Gireesh Puthenchery,"KJ Yesudas, KS Chithra",189836,4797,https://en.msidb.org/s.php?189836,https://en.msidb.org/m.php?4797
Marannuvo Poomakale [M],Chakkaramuthu,2006,Gowri Manohari,M Jayachandran,Gireesh Puthenchery,KJ Yesudas,15739,5413,https://en.msidb.org/s.php?15739,https://en.msidb.org/m.php?5413
Marannuvo poomakale,Chakkaramuthu,2006,Gowri Manohari,M Jayachandran,Gireesh Puthenchery,Sujatha Mohan,12005,5413,https://en.msidb.org/s.php?12005,https://en.msidb.org/m.php?5413
Thirike Njaan Varumenna Vaartha [F],Arabikkadha,2007,Gowri Manohari,Bijibal Maniyil,Anil Panachooran,Gayathri Ashokan,13861,5994,https://en.msidb.org/s.php?13861,https://en.msidb.org/m.php?5994
Thirike Njaan Varumenna Vaartha [M],Arabikkadha,2007,Gowri Manohari,Bijibal Maniyil,Anil Panachooran,KJ Yesudas,13858,5994,https://en.msidb.org/s.php?13858,https://en.msidb.org/m.php?5994
Nithyanaadha,Subhadram,2007,Gowri Manohari,Raghu Kumar,Yusufali Kecheri,"Ranjini Jose, N Lathika, Soumya Ramakrishnan",14775,6059,https://en.msidb.org/s.php?14775,https://en.msidb.org/m.php?6059
Aadithya Kiranangal,White Boys,2015,Gunji Kaanada,Ramesh Narayan,S Ramesan Nair,KJ Yesudas,1953346,7720,https://en.msidb.org/s.php?1953346,https://en.msidb.org/m.php?7720
Gopee chandanakkuri,Football Champion,1973,Hamsadhwani,V Dakshinamoorthy,Sreekumaran Thampi,KJ Yesudas,2879,2635,https://en.msidb.org/s.php?2879,https://en.msidb.org/m.php?2635
Ankathattukaluyarnna Naadu,Ankathattu,1974,Hamsadhwani,G Devarajan,Vayalar Ramavarma,"Ayiroor Sadasivan, P Madhuri, P Leela",3205,4872,https://en.msidb.org/s.php?3205,https://en.msidb.org/m.php?4872
Pushpabharanam,Chandrakaantham,1974,Hamsadhwani,MS Viswanathan,Sreekumaran Thampi,KJ Yesudas,3244,1921,https://en.msidb.org/s.php?3244,https://en.msidb.org/m.php?1921
Paanchajanyam,Dharmakshethre Kurukshethre,1975,Hamsadhwani,MS Viswanathan,Vayalar Ramavarma,KJ Yesudas,3687,2685,https://en.msidb.org/s.php?3687,https://en.msidb.org/m.php?2685
Anuraagame Anuraagame,Hello Darling,1975,Hamsadhwani,MK Arjunan,Vayalar Ramavarma,KJ Yesudas,3508,3350,https://en.msidb.org/s.php?3508,https://en.msidb.org/m.php?3350
Janani Jayikkunnu,Amma,1976,Hamsadhwani,MK Arjunan,Sreekumaran Thampi,"P Jayachandran, Chorus",3797,5323,https://en.msidb.org/s.php?3797,https://en.msidb.org/m.php?5323
Ezhu Nirangal,Udyaanalakshmi,1976,Hamsadhwani,G Devarajan,Sreekumaran Thampi,P Madhuri,19070,585,https://en.msidb.org/s.php?19070,https://en.msidb.org/m.php?585
Kumudini Priyathamanudichu,Jagadguru Adisankaran,1977,Hamsadhwani,V Dakshinamoorthy,P Bhaskaran,S Janaki,4405,3882,https://en.msidb.org/s.php?4405,https://en.msidb.org/m.php?3882
Sreepadam Vidarna,Etho Oru Swapnam,1978,Hamsadhwani,Salil Chowdhary,Sreekumaran Thampi,"KJ Yesudas, Chorus",4874,1772,https://en.msidb.org/s.php?4874,https://en.msidb.org/m.php?1772
Panchavadiyile,Ajnaatha Theerangal,1979,Hamsadhwani,MK Arjunan,Sreekumaran Thampi,KJ Yesudas,5108,226,https://en.msidb.org/s.php?5108,https://en.msidb.org/m.php?226
Paarvathy Swayamvaram,Raagam Thaanam Pallavi,1980,Hamsadhwani,MK Arjunan,AP Gopalan,KJ Yesudas,5767,693,https://en.msidb.org/s.php?5767,https://en.msidb.org/m.php?693
Ragangale Mohangale,Thaaraattu,1981,Hamsadhwani,Raveendran,Bharanikkavu Sivakumar,"KJ Yesudas, S Janaki",6020,431,https://en.msidb.org/s.php?6020,https://en.msidb.org/m.php?431
Etho janma kalpanayil,Paalangal,1982,Hamsadhwani,Johnson,Poovachal Khader,"Unni Menon, Vani Jairam",6213,3381,https://en.msidb.org/s.php?6213,https://en.msidb.org/m.php?3381
Aashamsakal noorunooraashamsakal,Hello Madras Girl,1983,Hamsadhwani,Gangai Amaran,Poovachal Khader,KJ Yesudas,6480,2646,https://en.msidb.org/s.php?6480,https://en.msidb.org/m.php?2646
Aashritha valsalane,Mahaabali,1983,Hamsadhwani,MK Arjunan,Pappanamkodu Lakshmanan,Seerkazhi Govindarajan,7520,3831,https://en.msidb.org/s.php?7520,https://en.msidb.org/m.php?3831
Raavil Raaga Nilavil,Mazhanilaavu,1983,Hamsadhwani,Raveendran,Poovachal Khader,S Janaki,6470,2705,https://en.msidb.org/s.php?6470,https://en.msidb.org/m.php?2705
Manathaaril Ennum,Kaliyil Alpam Karyam,1984,Hamsadhwani,Raveendran,Sathyan Anthikkad,KJ Yesudas,7279,1811,https://en.msidb.org/s.php?7279,https://en.msidb.org/m.php?1811
Vaalittezhuthiya,Onnanu Nammal,1984,Hamsadhwani,Ilayaraja,Bichu Thirumala,"KJ Yesudas, S Janaki",7375,2445,https://en.msidb.org/s.php?7375,https://en.msidb.org/m.php?2445
Ragini Ragaroopini,Kadha Ithuvare,1985,Hamsadhwani,Johnson,Poovachal Khader,"KJ Yesudas, KS Chithra",6677,1570,https://en.msidb.org/s.php?6677,https://en.msidb.org/m.php?1570
Dhanumaasakkuliralakal,Puzhayozhukum Vazhi,1985,Hamsadhwani,Raveendran,Rappal Sukumara Menon,KJ Yesudas,6752,3111,https://en.msidb.org/s.php?6752,https://en.msidb.org/m.php?3111
Kannaadippoonchola,Suvarna Kshethram,1985,Hamsadhwani,Raveendran,Bichu Thirumala,"KJ Yesudas, S Janaki",12088,4043,https://en.msidb.org/s.php?12088,https://en.msidb.org/m.php?4043
Yugayuga thaalam,Ushasse Unaroo,1985,Hamsadhwani,Kannur Rajan,Poovachal Khader,"KJ Yesudas, P Susheela",10729,5315,https://en.msidb.org/s.php?10729,https://en.msidb.org/m.php?5315
Sourayoodha Padhathilenno,Vellam,1985,Hamsadhwani,G Devarajan,Mullanezhi,KJ Yesudas,6579,2430,https://en.msidb.org/s.php?6579,https://en.msidb.org/m.php?2430
Aananda Subhathaandavam,Ahalya,1986,Hamsadhwani,Kannur Rajan,K Jayakumar,"KS Chithra, Sunanda",13675,5865,https://en.msidb.org/s.php?13675,https://en.msidb.org/m.php?5865
Hey kurumbe,Geetham,1986,Hamsadhwani,Raveendran,Bichu Thirumala,KS Chithra,7743,177,https://en.msidb.org/s.php?7743,https://en.msidb.org/m.php?177
Naadangalaay Neevaroo,Ninnishtam Ennishtam,1986,Hamsadhwani,Kannur Rajan,Mankombu Gopalakrishnan,"P Jayachandran, KS Chithra",7909,1444,https://en.msidb.org/s.php?7909,https://en.msidb.org/m.php?1444
Thenoorum malar pootha poovadiyil,Veendum,1986,Hamsadhwani,Ouseppachan,Shibu Chakravarthy,"KJ Yesudas, S Janaki",7745,1135,https://en.msidb.org/s.php?7745,https://en.msidb.org/m.php?1135
Paaduvaanaay Vannu,Ezhuthaappurangal,1987,Hamsadhwani,Vidyadharan,ONV Kurup,"KJ Yesudas, KS Chithra, Nedumudi Venu",7151,3385,https://en.msidb.org/s.php?7151,https://en.msidb.org/m.php?3385
Paaduvaanay Vannu [Bit],Ezhuthaappurangal,1987,Hamsadhwani,Vidyadharan,ONV Kurup,KS Chithra,16285,3385,https://en.msidb.org/s.php?16285,https://en.msidb.org/m.php?3385
Sopaana Nadayile,Kayyethum Doorathu [Adhyaayam],1987,Hamsadhwani,MS Viswanathan,Kavalam Narayana Panicker,"P Jayachandran, B Vasantha",15278,2970,https://en.msidb.org/s.php?15278,https://en.msidb.org/m.php?2970
Poovine,Mukundetta Sumitra Vilikkunnu,1988,Hamsadhwani,Ouseppachan,Shibu Chakravarthy,"MG Sreekumar, Janamma David, Sujatha Mohan",8088,2023,https://en.msidb.org/s.php?8088,https://en.msidb.org/m.php?2023
Paaduvaan marannu poyi,Anakha (Ormayil Oru Nimisham),1989,Hamsadhwani,Kozhikode Yesudas,Joseph Ozhukayil,KJ Yesudas,6936,4044,https://en.msidb.org/s.php?6936,https://en.msidb.org/m.php?4044
Prakrithi Prabhavathi,Chakravaalathinumappuram,1989,Hamsadhwani,Kozhikode Yesudas,Gireesh Puthenchery,"KJ Yesudas, RK Ramadas, Meera, Bindhu",10694,5324,https://en.msidb.org/s.php?10694,https://en.msidb.org/m.php?5324
Prakrithi Prabhavathi,Chakravaalathinumappuram,1989,Hamsadhwani,Kozhikode Yesudas,Gireesh Puthenchery,"KJ Yesudas, Meera, Bindu",194396,5324,https://en.msidb.org/s.php?194396,https://en.msidb.org/m.php?5324
Aa raagam madhumayamaam,Gaandharvam,1989,Hamsadhwani,Sharreth,Kaithapram,Uncategorized,1954326,8070,https://en.msidb.org/s.php?1954326,https://en.msidb.org/m.php?8070
Aa raagam madhumayamaam,Kshanakkathu,1990,Hamsadhwani,Sharreth,Kaithapram,KJ Yesudas,5407,4915,https://en.msidb.org/s.php?5407,https://en.msidb.org/m.php?4915
Sallaapam Kavithayaay,Kshanakkathu,1990,Hamsadhwani,Sharreth,Kaithapram,KJ Yesudas,5410,4915,https://en.msidb.org/s.php?5410,https://en.msidb.org/m.php?4915
Ganapathiye,Sabarimala Sree Ayyappan,1990,Hamsadhwani,KV Mahadevan,Sreekumaran Thampi,KS Chithra,11535,5117,https://en.msidb.org/s.php?11535,https://en.msidb.org/m.php?5117
Vathapi Ganapathim [F],Super Star,1990,Hamsadhwani,Alleppey Vivekanandan,Traditional (Muthuswamy Dikshithar),KS Chithra,13670,4260,https://en.msidb.org/s.php?13670,https://en.msidb.org/m.php?4260
Vathapi Ganapathim [M],Super Star,1990,Hamsadhwani,Alleppey Vivekanandan,Traditional (Muthuswamy Dikshithar),KJ Yesudas,16311,4260,https://en.msidb.org/s.php?16311,https://en.msidb.org/m.php?4260
Sree vinayakam,Bharatham,1991,Hamsadhwani,Raveendran,Kaithapram,"KJ Yesudas, Raveendran",10611,2576,https://en.msidb.org/s.php?10611,https://en.msidb.org/m.php?2576
Yamuna nadiyaay,Gaanamela,1991,Hamsadhwani,Raveendran,Kaithapram,KJ Yesudas,10582,2309,https://en.msidb.org/s.php?10582,https://en.msidb.org/m.php?2309
Maayaamanchalil,Ottayal Pattaalam,1991,Hamsadhwani,Sharreth,PK Gopi,"G Venugopal, Radhika Thilak, Chorus",10525,1844,https://en.msidb.org/s.php?10525,https://en.msidb.org/m.php?1844
Alif Laam Meem,Aham,1992,Hamsadhwani,Raveendran,Kavalam Narayana Panicker,KJ Yesudas,10474,5170,https://en.msidb.org/s.php?10474,https://en.msidb.org/m.php?5170
Sumuhoorthamaay [Thrayambakam],Kamaladalam,1992,Hamsadhwani,Raveendran,Kaithapram,KJ Yesudas,190934,3791,https://en.msidb.org/s.php?190934,https://en.msidb.org/m.php?3791
Ekadantham Maha,Sabarimalayil Thanka Sooryodayam,1992,Hamsadhwani,MS Viswanathan,Traditional,KJ Yesudas,12575,5770,https://en.msidb.org/s.php?12575,https://en.msidb.org/m.php?5770
Suraloka Sangeethamuyarnnu,Kanyakumariyil Oru Kavitha,1993,Hamsadhwani,Kannur Rajan,Chunakkara Ramankutty,KJ Yesudas,12428,1774,https://en.msidb.org/s.php?12428,https://en.msidb.org/m.php?1774
Sree raghukula,Samooham,1993,Hamsadhwani,Johnson,Traditional (Thyagaraja),KS Chithra,10224,3420,https://en.msidb.org/s.php?10224,https://en.msidb.org/m.php?3420
Mugdhahaasam,Daada,1994,Hamsadhwani,KJ Joy,Shibu Chakravarthy,KJ Yesudas,10191,4300,https://en.msidb.org/s.php?10191,https://en.msidb.org/m.php?4300
Alakaapuriyil,Prashasthi,1994,Hamsadhwani,G Devarajan,ONV Kurup,KJ Yesudas,10105,4504,https://en.msidb.org/s.php?10105,https://en.msidb.org/m.php?4504
Swarnappakshi Swarnappakshi,Mazhayethummunpe,1995,Hamsadhwani,Raveendran,Kaithapram,"Biju Narayanan, Sujatha Mohan",15771,3886,https://en.msidb.org/s.php?15771,https://en.msidb.org/m.php?3886
Neelakkadakkannil,Sreeraagam,1995,Hamsadhwani,Kanhangad Ramachandran,Kaithapram,"Kanhangad Ramachandran, KS Chithra",11654,3499,https://en.msidb.org/s.php?11654,https://en.msidb.org/m.php?3499
Nercha Kunkuma,Mannaadiyaar Penninu Chenkotta Chekkan,1997,Hamsadhwani,Raveendran,PK Gopi,"G Venugopal, Krishnachandran, Chorus",12601,4225,https://en.msidb.org/s.php?12601,https://en.msidb.org/m.php?4225
Pon vasantham,Devadasi,1999,Hamsadhwani,Sharreth,S Ramesan Nair,Vidhu Prathap,10857,5373,https://en.msidb.org/s.php?10857,https://en.msidb.org/m.php?5373
Unaroohridaya,Ingane Oru Nilaappakshi,2000,Hamsadhwani,"Sanjay Salil Chowdhary, Antara Salil Chowdhary",Yusufali Kecheri,"KJ Yesudas, KS Chithra",11957,709,https://en.msidb.org/s.php?11957,https://en.msidb.org/m.php?709
Hamsadhwani,Varnakkaazhchakal,2000,Hamsadhwani,Mohan Sithara,Yusufali Kecheri,"KJ Yesudas, KS Chithra",9221,1573,https://en.msidb.org/s.php?9221,https://en.msidb.org/m.php?1573
Hamsadhwani,Varnakkaazhchakal,2000,Hamsadhwani,Mohan Sithara,Yusufali Kecheri,KJ Yesudas,15655,1573,https://en.msidb.org/s.php?15655,https://en.msidb.org/m.php?1573
Nataraaja Pada Dhooli,Andolanam,2001,Hamsadhwani,Natesh Shankar,Yusufali Kecheri,KJ Yesudas,9215,70,https://en.msidb.org/s.php?9215,https://en.msidb.org/m.php?70
Mazhayay Manju Mazhayay Ninte Manassil,Madhuram,2003,Hamsadhwani,Raveendran,S Ramesan Nair,KJ Yesudas,11902,5405,https://en.msidb.org/s.php?11902,https://en.msidb.org/m.php?5405
Hridayaraaga mazha,Quotation,2004,Hamsadhwani,Sabish George,Ambrose,"Hariharan, Manju Menon",8511,4706,https://en.msidb.org/s.php?8511,https://en.msidb.org/m.php?4706
Hridayaraagamazha,Quotation,2004,Hamsadhwani,Sabish George,Ambrose,Hariharan,19239,4706,https://en.msidb.org/s.php?19239,https://en.msidb.org/m.php?4706
Vathapi,Bus Conductor,2005,Hamsadhwani,M Jayachandran,Traditional (Muthuswamy Dikshithar),Binni Krishnakumar,8343,4667,https://en.msidb.org/s.php?8343,https://en.msidb.org/m.php?4667
Alakadal,December,2005,Hamsadhwani,Jassie Gift,Kaithapram,"Ishan Dev, Jyotsna Radhakrishnan",8637,3080,https://en.msidb.org/s.php?8637,https://en.msidb.org/m.php?3080
Alakadalin Alakalil [M],December,2005,Hamsadhwani,Jassie Gift,Kaithapram,Ishan Dev,15916,3080,https://en.msidb.org/s.php?15916,https://en.msidb.org/m.php?3080
Oru kodimangalam,Raashtram,2006,Hamsadhwani,Deepak Dev,Kaithapram,"KJ Yesudas, Rachana John",189866,5063,https://en.msidb.org/s.php?189866,https://en.msidb.org/m.php?5063
Oru kodimangalam [Slow],Raashtram,2006,Hamsadhwani,Deepak Dev,Kaithapram,KJ Yesudas,11179,5063,https://en.msidb.org/s.php?11179,https://en.msidb.org/m.php?5063
Paahi paramporule,Vadakkumnathan,2006,Hamsadhwani,Raveendran,Gireesh Puthenchery,"Manjari, Sindhu Premkumar, Raveendran",11198,3625,https://en.msidb.org/s.php?11198,https://en.msidb.org/m.php?3625
Mallike Mallike,Utharaaswayamvaram,2009,Hamsadhwani,M Jayachandran,Gireesh Puthenchery,"Vijay Yesudas, Chinmayi Sripada",190187,6619,https://en.msidb.org/s.php?190187,https://en.msidb.org/m.php?6619
Innoree Mazhayil,Malarvaadi Arts Club,2010,Hamsadhwani,Shaan Rahman,Vineeth Sreenivasan,"Vineeth Sreenivasan, Rahul Nambiar",190834,6696,https://en.msidb.org/s.php?190834,https://en.msidb.org/m.php?6696
Krisha Nee,Naadabrahmam,2011,Hamsadhwani,Mohan Sithara,Yusufali Kecheri,KS Chithra,193348,6967,https://en.msidb.org/s.php?193348,https://en.msidb.org/m.php?6967
Aalolaneela Vilochanangal,Veendum Prabhaatham,1973,Hamsanaadam,V Dakshinamoorthy,P Bhaskaran,"KJ Yesudas, S Janaki",2978,4741,https://en.msidb.org/s.php?2978,https://en.msidb.org/m.php?4741
Rathisukha Saare,Kanalaattam,1979,Hamsanaadam,AT Ummer,Traditional (Jayadevar),KJ Yesudas,5069,4860,https://en.msidb.org/s.php?5069,https://en.msidb.org/m.php?4860
Sougandhikangale Vidaruvin,Pathiraasooryan,1981,Hamsanaadam,V Dakshinamoorthy,Sreekumaran Thampi,KJ Yesudas,5944,2722,https://en.msidb.org/s.php?5944,https://en.msidb.org/m.php?2722
Eeran Peelikkannukalil,Changaatham,1983,Hamsanaadam,Raveendran,Puthiyankam Murali,KJ Yesudas,7403,3144,https://en.msidb.org/s.php?7403,https://en.msidb.org/m.php?3144
Aalolam chaanchaadum,Aduthaduthu,1984,Hamsanaadam,Raveendran,Sathyan Anthikkad,KS Chithra,8039,378,https://en.msidb.org/s.php?8039,https://en.msidb.org/m.php?378
Vaathilppazuthilooden,Idanaazhiyil Oru Kaalocha,1987,Hamsanaadam,V Dakshinamoorthy,ONV Kurup,KJ Yesudas,7055,3973,https://en.msidb.org/s.php?7055,https://en.msidb.org/m.php?3973
Vaathilppazuthilooden,Idanaazhiyil Oru Kaalocha,1987,Hamsanaadam,V Dakshinamoorthy,ONV Kurup,KS Chithra,7059,3973,https://en.msidb.org/s.php?7059,https://en.msidb.org/m.php?3973
Om Ithye [Ethathalambanam] (Slokam),Adharvam,1989,Hamsanaadam,Ilayaraja,Traditional (Folk),"Ilayaraja, P Jayachandran",14580,4473,https://en.msidb.org/s.php?14580,https://en.msidb.org/m.php?4473
Om Namaha,Geethaanjali,1990,Hamsanaadam,Ilayaraja,Anthikkad Mani,"SP Balasubrahmanyam, S Janaki",13017,4672,https://en.msidb.org/s.php?13017,https://en.msidb.org/m.php?4672
Saraswatheekshethra Nadayil,Dhanurvedam,1991,Hamsanaadam,Alleppey Ranganath,Sreekumar Arookutty,KJ Yesudas,13488,5696,https://en.msidb.org/s.php?13488,https://en.msidb.org/m.php?5696
Ragam Thaanam,Sooryagaayathri,1992,Hamsanaadam,Raveendran,ONV Kurup,"KJ Yesudas, Krishnachandran, KS Chithra",10374,727,https://en.msidb.org/s.php?10374,https://en.msidb.org/m.php?727
Kilukile,The Porter (Moonnam Loka Pattalam),1994,Hamsanaadam,Vidyadharan,Gireesh Puthenchery,MG Sreekumar,15958,1669,https://en.msidb.org/s.php?15958,https://en.msidb.org/m.php?1669
Raavil veena,Sindoorarekha,1995,Hamsanaadam,Sharreth,Kaithapram,"KJ Yesudas, Sujatha Mohan",9917,792,https://en.msidb.org/s.php?9917,https://en.msidb.org/m.php?792
Minnaaram maanath,Guru,1997,Hamsanaadam,Ilayaraja,S Ramesan Nair,Sujatha Mohan,9769,2404,https://en.msidb.org/s.php?9769,https://en.msidb.org/m.php?2404
Jaga Vandana,Kaliyoonjal,1997,Hamsanaadam,Ilayaraja,Kaithapram,Uncategorized,13006,2614,https://en.msidb.org/s.php?13006,https://en.msidb.org/m.php?2614
Enthamme chundathu,Kulam,1997,Hamsanaadam,MG Radhakrishnan,V Madhusoodanan Nair,KS Chithra,9723,3354,https://en.msidb.org/s.php?9723,https://en.msidb.org/m.php?3354
Enthamme chundathu,Kulam,1997,Hamsanaadam,MG Radhakrishnan,V Madhusoodanan Nair,KJ Yesudas,15465,3354,https://en.msidb.org/s.php?15465,https://en.msidb.org/m.php?3354
Aaro Viral Neetti (F),Pranayavarnangal,1998,Hamsanaadam,Vidyasagar,Gireesh Puthenchery,KS Chithra,9573,4023,https://en.msidb.org/s.php?9573,https://en.msidb.org/m.php?4023
Aaro Viral Neetti (M),Pranayavarnangal,1998,Hamsanaadam,Vidyasagar,Gireesh Puthenchery,KJ Yesudas,12996,4023,https://en.msidb.org/s.php?12996,https://en.msidb.org/m.php?4023
Chalal chanchala,Devadasi,1999,Hamsanaadam,Sharreth,S Ramesan Nair,KJ Yesudas,10856,5373,https://en.msidb.org/s.php?10856,https://en.msidb.org/m.php?5373
Paadunnu vishuppakshikal,Punaradhivaasam,2000,Hamsanaadam,G Venugopal,Gireesh Puthenchery,G Venugopal,9267,3,https://en.msidb.org/s.php?9267,https://en.msidb.org/m.php?3
Olichirunne,Janakan,2010,Hamsanaadam,M Jayachandran,Gireesh Puthenchery,Rajalakshmi Abhiram,190693,6674,https://en.msidb.org/s.php?190693,https://en.msidb.org/m.php?6674
Gopee Muralee,Female Unnikrishnan,2015,Hamsanaadam,Shaji Sukumaran,Kaithapram,KS Chithra,193297,6880,https://en.msidb.org/s.php?193297,https://en.msidb.org/m.php?6880
Nenjinullilaake,Thattumpurathu Achuthan,2018,Hamsanaadam,Deepankuran,Anil Panachooran,"Vineeth Sreenivasan, Radhika Narayanan",1956653,8854,https://en.msidb.org/s.php?1956653,https://en.msidb.org/m.php?8854
Bantureethi koluvu,Sree Thyagaraja,1981,Hamsanadam,KV Mahadevan,Traditional (Thyagaraja),SP Balasubrahmanyam,5593,3020,https://en.msidb.org/s.php?5593,https://en.msidb.org/m.php?3020
Daivamevide,Midumidukki,1968,Hamsanandi,MS Baburaj,Sreekumaran Thampi,KJ Yesudas,1156,1246,https://en.msidb.org/s.php?1156,https://en.msidb.org/m.php?1246
Bhaamini Bhaamini,Adyathe Kadha,1972,Hamsanandi,MK Arjunan,Vayalar Ramavarma,KJ Yesudas,2818,3926,https://en.msidb.org/s.php?2818,https://en.msidb.org/m.php?3926
Aadiyushassil,Manushyan,1979,Hamsanandi,V Dakshinamoorthy,Bharanikkavu Sivakumar,KJ Yesudas,5053,2678,https://en.msidb.org/s.php?5053,https://en.msidb.org/m.php?2678
Tha Thai Thakita Thaka,Ente Mohangal Poovaninju,1982,Hamsanandi,V Dakshinamoorthy,Traditional (Swathi Thirunal),KJ Yesudas,13824,890,https://en.msidb.org/s.php?13824,https://en.msidb.org/m.php?890
Vedam,Saagara Sangamam,1984,Hamsanandi,Ilayaraja,Sreekumaran Thampi,"SP Balasubrahmanyam, SP Shailaja",12988,5822,https://en.msidb.org/s.php?12988,https://en.msidb.org/m.php?5822
Shivamkari Sadaa,Sandhyaykkenthinu Sindooram,1984,Hamsanandi,Shyam,Kavalam Narayana Panicker,KJ Yesudas,8012,4747,https://en.msidb.org/s.php?8012,https://en.msidb.org/m.php?4747
Aananda narthana,Veeraalippattu,1990,Hamsanandi,MS Viswanathan,P Bhaskaran,Vani Jairam,12160,5284,https://en.msidb.org/s.php?12160,https://en.msidb.org/m.php?5284
Aananda narthana,Veeraalippattu,1990,Hamsanandi,MS Viswanathan,P Bhaskaran,KJ Yesudas,12163,5284,https://en.msidb.org/s.php?12163,https://en.msidb.org/m.php?5284
Sumuhoorthamaay [Thrayambakam],Kamaladalam,1992,Hamsanandi,Raveendran,Kaithapram,KJ Yesudas,190934,3791,https://en.msidb.org/s.php?190934,https://en.msidb.org/m.php?3791
Jwaalamukhikal,Paadheyam,1993,Hamsanandi,Bombay Ravi,Kaithapram,KJ Yesudas,11587,3068,https://en.msidb.org/s.php?11587,https://en.msidb.org/m.php?3068
Paavanaguru,Sopaanam,1994,Hamsanandi,SP Venkitesh,Traditional (Lalitha Dasar),"KJ Yesudas, TN Seshagopalan",12218,4602,https://en.msidb.org/s.php?12218,https://en.msidb.org/m.php?4602
Evide En Dukham,Panchapaandavar (Unarum Vare),1999,Hamsanandi,Kaithapram,Kaithapram,Naveen Namboodiri,11326,1690,https://en.msidb.org/s.php?11326,https://en.msidb.org/m.php?1690
Evide En Dukham (F),Panchapaandavar (Unarum Vare),1999,Hamsanandi,Kaithapram,Kaithapram,KS Chithra,11325,1690,https://en.msidb.org/s.php?11325,https://en.msidb.org/m.php?1690
Poovukal Peyyum,Pattaabhishekam (New),1999,Hamsanandi,Berny Ignatius,Bichu Thirumala,"KJ Yesudas, Sujatha Mohan, Kester",11332,1773,https://en.msidb.org/s.php?11332,https://en.msidb.org/m.php?1773
Poovukal Peyyum [M],Pattaabhishekam (New),1999,Hamsanandi,Berny Ignatius,Bichu Thirumala,KJ Yesudas,15663,1773,https://en.msidb.org/s.php?15663,https://en.msidb.org/m.php?1773
Vennakkal,Ammakkilikoodu,2003,Hamsanandi,Raveendran,Kaithapram,KJ Yesudas,13080,1782,https://en.msidb.org/s.php?13080,https://en.msidb.org/m.php?1782
Kaathirunna,Classmates,2006,Hamsanandi,Alex Paul,Sarath Vayalar,"V Devanand, Jyotsna Radhakrishnan, Soniya Samjad",11072,5189,https://en.msidb.org/s.php?11072,https://en.msidb.org/m.php?5189
Hey Krishna,Nivedyam,2007,Hamsanandi,M Jayachandran,Kaithapram,M Jayachandran,14188,6025,https://en.msidb.org/s.php?14188,https://en.msidb.org/m.php?6025
Pakalonnu,Neelathaamara,2009,Hamsanandi,Vidyasagar,Sarath Vayalar,"Balram, Vijay Prakash",190227,6625,https://en.msidb.org/s.php?190227,https://en.msidb.org/m.php?6625
Pandathe Kalithozhan [Orkkuka Vallappozhum],Orkuka Vallappozhum,2009,Hamsanandi,M Jayachandran,P Bhaskaran,M Jayachandran,17801,6251,https://en.msidb.org/s.php?17801,https://en.msidb.org/m.php?6251
Raappadippakshi Ithile,Raakkilippaattu,2009,Hamsanandi,Vidyasagar,Gireesh Puthenchery,"MG Sreekumar, Sujatha Mohan",9264,3612,https://en.msidb.org/s.php?9264,https://en.msidb.org/m.php?3612
Kadalinakkare Ponore,Chemmeen,1966,Harikamboji,Salil Chowdhary,Vayalar Ramavarma,KJ Yesudas,723,3838,https://en.msidb.org/s.php?723,https://en.msidb.org/m.php?3838
Maane Pedamaane,Palunku Paathram,1970,Harikamboji,V Dakshinamoorthy,Thikkurissi Sukumaran Nair,KJ Yesudas,2238,84,https://en.msidb.org/s.php?2238,https://en.msidb.org/m.php?84
Ushasse,Gangaasangamam,1971,Harikamboji,G Devarajan,Vayalar Ramavarma,P Madhuri,2607,4781,https://en.msidb.org/s.php?2607,https://en.msidb.org/m.php?4781
Sandhyamayangum Neram,Mayilaadumkunnu,1972,Harikamboji,G Devarajan,Vayalar Ramavarma,KJ Yesudas,2715,1113,https://en.msidb.org/s.php?2715,https://en.msidb.org/m.php?1113
Oonjaala Oonjaalaa,Veendum Prabhaatham,1973,Harikamboji,V Dakshinamoorthy,P Bhaskaran,Ambili Rajasekharan,2974,4741,https://en.msidb.org/s.php?2974,https://en.msidb.org/m.php?4741
Oonjaala Oonjaalaa,Veendum Prabhaatham,1973,Harikamboji,V Dakshinamoorthy,P Bhaskaran,"KJ Yesudas, P Susheela",2976,4741,https://en.msidb.org/s.php?2976,https://en.msidb.org/m.php?4741
Oonjaala Oonjaalaa,Veendum Prabhaatham,1973,Harikamboji,V Dakshinamoorthy,P Bhaskaran,P Susheela,2977,4741,https://en.msidb.org/s.php?2977,https://en.msidb.org/m.php?4741
Kannanaamunni,Kuttavum Sikshayum,1976,Harikamboji,MS Viswanathan,Mankombu Gopalakrishnan,"P Leela, P Susheela",3923,4902,https://en.msidb.org/s.php?3923,https://en.msidb.org/m.php?4902
Saaraswatha Madhuventhum,Sarapanjaram,1979,Harikamboji,G Devarajan,Yusufali Kecheri,Vani Jairam,5049,4250,https://en.msidb.org/s.php?5049,https://en.msidb.org/m.php?4250
Kanna kanna,Veerabhadran,1979,Harikamboji,G Devarajan,LN Potti,Rajalakshmi (Old),5013,545,https://en.msidb.org/s.php?5013,https://en.msidb.org/m.php?545
Ettumaanoorambalathil ezhunnallathu,Oppol,1981,Harikamboji,MB Sreenivasan,P Bhaskaran,S Janaki,5890,4726,https://en.msidb.org/s.php?5890,https://en.msidb.org/m.php?4726
Ennum Manassinte Thamburu,Parannuyaraan,1985,Harikamboji,Jerry Amaldev,Bichu Thirumala,KJ Yesudas,12199,5368,https://en.msidb.org/s.php?12199,https://en.msidb.org/m.php?5368
Swaathi Hridaya,Rangam,1985,Harikamboji,KV Mahadevan,S Ramesan Nair,KJ Yesudas,6847,4008,https://en.msidb.org/s.php?6847,https://en.msidb.org/m.php?4008
Arikil Nee Undaayirunnenkil,Neeyethra Dhanya,1987,Harikamboji,G Devarajan,ONV Kurup,KJ Yesudas,7040,760,https://en.msidb.org/s.php?7040,https://en.msidb.org/m.php?760
Kalippattamaay,Kalippaattam,1993,Harikamboji,Raveendran,Bichu Thirumala,KJ Yesudas,13009,146,https://en.msidb.org/s.php?13009,https://en.msidb.org/m.php?146
Varuvaanillaaruminnoru nalum,Manichithrathaazhu,1993,Harikamboji,MG Radhakrishnan,Madhu Muttam,KS Chithra,12346,1243,https://en.msidb.org/s.php?12346,https://en.msidb.org/m.php?1243
Ponnaavani poomuthe,Man of the Match,1996,Harikamboji,Ilayaraja,Gireesh Puthenchery,"MG Sreekumar, KS Chithra",11684,34,https://en.msidb.org/s.php?11684,https://en.msidb.org/m.php?34
Gurucharanam,Guru,1997,Harikamboji,Ilayaraja,S Ramesan Nair,"G Venugopal, Lali Anilkumar, Chorus",9772,2404,https://en.msidb.org/s.php?9772,https://en.msidb.org/m.php?2404
Manavaatti,Kaliyoonjal,1997,Harikamboji,Ilayaraja,Kaithapram,MG Sreekumar,9751,2614,https://en.msidb.org/s.php?9751,https://en.msidb.org/m.php?2614
Ennum varum,Kannaki,2002,Harikamboji,Kaithapram Viswanath,Kaithapram,KS Chithra,8963,4997,https://en.msidb.org/s.php?8963,https://en.msidb.org/m.php?4997
Iniyoru Janmamundengil,Kannaki,2002,Harikamboji,Kaithapram Viswanath,Kaithapram,KJ Yesudas,8961,4997,https://en.msidb.org/s.php?8961,https://en.msidb.org/m.php?4997
Kaarmukil Varnnante,Nandanam,2002,Harikamboji,Raveendran,Gireesh Puthenchery,KS Chithra,9103,4990,https://en.msidb.org/s.php?9103,https://en.msidb.org/m.php?4990
Kannil Kannil,Goureeshankaram,2003,Harikamboji,M Jayachandran,Gireesh Puthenchery,"P Jayachandran, KS Chithra",14589,4100,https://en.msidb.org/s.php?14589,https://en.msidb.org/m.php?4100
Thaaraka Malarukal,Arabikkadha,2007,Harikamboji,Bijibal Maniyil,Anil Panachooran,"Vineeth Sreenivasan, Sujatha Mohan",13857,5994,https://en.msidb.org/s.php?13857,https://en.msidb.org/m.php?5994
Iniyum Kothiyode [F],Bhaarya Onnu Makkal Moonnu,2009,Harikamboji,M Jayachandran,Rajeev Alunkal,Sujatha Mohan,189930,6590,https://en.msidb.org/s.php?189930,https://en.msidb.org/m.php?6590
Amma Ninne Thaamarakkumpilil,Sneham+Ishtam=Amma,2011,Harikamboji,"MG Sreekumar, N Sajeev",Rajeev Alunkal,KS Chithra,193038,6874,https://en.msidb.org/s.php?193038,https://en.msidb.org/m.php?6874
Madhuchashakam,Devi Kanyaakumaari,1974,Hemavathi,G Devarajan,Vayalar Ramavarma,LR Eeswari,3388,1291,https://en.msidb.org/s.php?3388,https://en.msidb.org/m.php?1291
Pomukiloru Puzhayaakaan,Theekkanal,1976,Hemavathi,KJ Yesudas,Vayalar Ramavarma,P Susheela,3868,472,https://en.msidb.org/s.php?3868,https://en.msidb.org/m.php?472
Paal Pozhiyum Mozhi,Asthamayam,1978,Hemavathi,Shyam,Sreekumaran Thampi,"P Jayachandran, Vani Jairam",4851,429,https://en.msidb.org/s.php?4851,https://en.msidb.org/m.php?429
Raathri sisira raathri,Lovely,1979,Hemavathi,MK Arjunan,TV Gopalakrishnan,S Janaki,5079,3974,https://en.msidb.org/s.php?5079,https://en.msidb.org/m.php?3974
Sulalitha Padavinyaasam,Chora Chuvanna Chora,1980,Hemavathi,G Devarajan,Mullanezhi,KJ Yesudas,5564,1831,https://en.msidb.org/s.php?5564,https://en.msidb.org/m.php?1831
Omanathinkal Kidaavo,Sthree,1950,Hindolam,BA Chidambaranath,Traditional (Irayimman Thampi),P Leela,192325,817,https://en.msidb.org/s.php?192325,https://en.msidb.org/m.php?817
Maanasaveena muzhangi,Sreekovil,1962,Hindolam,V Dakshinamoorthy,Abhayadev,P Leela,2171,1872,https://en.msidb.org/s.php?2171,https://en.msidb.org/m.php?1872
Kanikaanum Neram,Omanakuttan,1964,Hindolam,G Devarajan,Traditional (Poonthanam),"P Leela, Renuka",373,3706,https://en.msidb.org/s.php?373,https://en.msidb.org/m.php?3706
Sapthaswarasudhaa,Anaarkali,1966,Hindolam,MS Baburaj,Vayalar Ramavarma,"M Balamuralikrishna, PB Sreenivas",731,4692,https://en.msidb.org/s.php?731,https://en.msidb.org/m.php?4692
Munnil Mookamam,Jail,1966,Hindolam,G Devarajan,Vayalar Ramavarma,KJ Yesudas,682,1068,https://en.msidb.org/s.php?682,https://en.msidb.org/m.php?1068
Sharavanappoykayil Avathaaram,Kumaarasambhavam,1969,Hindolam,G Devarajan,Vayalar Ramavarma,"Kamukara Purushothaman, P Leela",1404,557,https://en.msidb.org/s.php?1404,https://en.msidb.org/m.php?557
Entharinju Maniveena,Kuruthikkalam,1969,Hindolam,Jaya Vijaya,P Bhaskaran,P Susheela,1306,743,https://en.msidb.org/s.php?1306,https://en.msidb.org/m.php?743
Venchandralekhayorapsara Sthree,Chukku,1973,Hindolam,G Devarajan,Vayalar Ramavarma,KJ Yesudas,3084,1660,https://en.msidb.org/s.php?3084,https://en.msidb.org/m.php?1660
Thankathalikayil Pongalumaay Vanna,Gaayathri,1973,Hindolam,G Devarajan,Vayalar Ramavarma,KJ Yesudas,2963,945,https://en.msidb.org/s.php?2963,https://en.msidb.org/m.php?945
Maanasaveenayil,Ladies Hostel,1973,Hindolam,MS Baburaj,Dr Balakrishnan,KJ Yesudas,3007,750,https://en.msidb.org/s.php?3007,https://en.msidb.org/m.php?750
Kaavyapusthakamallo,Ashwathi,1974,Hindolam,V Dakshinamoorthy,P Bhaskaran,P Jayachandran,3335,229,https://en.msidb.org/s.php?3335,https://en.msidb.org/m.php?229
Vrindaavanathile Raadhe,Love Marriage,1975,Hindolam,Ahuan Sebastian,Mankombu Gopalakrishnan,"KJ Yesudas, Zero Babu",3548,1014,https://en.msidb.org/s.php?3548,https://en.msidb.org/m.php?1014
Andramatha,Maanishaada,1975,Hindolam,G Devarajan,Anusettisubba Rao,P Susheela,3506,4715,https://en.msidb.org/s.php?3506,https://en.msidb.org/m.php?4715
Chembarathikkaadu,Amrithavaahini,1976,Hindolam,AT Ummer,Sreekumaran Thampi,KJ Yesudas,4078,375,https://en.msidb.org/s.php?4078,https://en.msidb.org/m.php?375
Swapnangal Thaazhikakkudam,Kaayamkulam Kochunniyude Makan,1976,Hindolam,MK Arjunan,Pappanamkodu Lakshmanan,"KJ Yesudas, S Janaki",3857,3041,https://en.msidb.org/s.php?3857,https://en.msidb.org/m.php?3041
Ragasagarame,Sathyavaan Saavithri,1977,Hindolam,G Devarajan,Sreekumaran Thampi,KJ Yesudas,4389,710,https://en.msidb.org/s.php?4389,https://en.msidb.org/m.php?710
Prabhaatha Sheeveli,Sathrathil Oru Raathri,1978,Hindolam,G Devarajan,Yusufali Kecheri,KJ Yesudas,4705,2234,https://en.msidb.org/s.php?4705,https://en.msidb.org/m.php?2234
Oru Yamunaanadi,Thambu,1978,Hindolam,MG Radhakrishnan,Kavalam Narayana Panicker,Usha Ravi,4788,197,https://en.msidb.org/s.php?4788,https://en.msidb.org/m.php?197
Cherthala bhagavathi,Kallu Kaarthyaayani,1979,Hindolam,AT Ummer,Mankombu Gopalakrishnan,KJ Yesudas,5353,2604,https://en.msidb.org/s.php?5353,https://en.msidb.org/m.php?2604
Saamaja Varagamanaa,Sankaraabharanam,1980,Hindolam,KV Mahadevan,Vetturi Sundararamamoorthy,"SP Balasubrahmanyam, S Janaki",13534,843,https://en.msidb.org/s.php?13534,https://en.msidb.org/m.php?843
Yaamangal Ariyaathe,Randu Mukhangal,1981,Hindolam,MK Arjunan,Appan Thachethu,KJ Yesudas,6056,4502,https://en.msidb.org/s.php?6056,https://en.msidb.org/m.php?4502
Manasuloni,Ente Mohangal Poovaninju,1982,Hindolam,V Dakshinamoorthy,Traditional (Thyagaraja),"KJ Yesudas, S Janaki",13825,890,https://en.msidb.org/s.php?13825,https://en.msidb.org/m.php?890
Karnaamritham kannanu Karnaamritham,Marmaram,1982,Hindolam,MS Viswanathan,Kavalam Narayana Panicker,S Janaki,6405,2839,https://en.msidb.org/s.php?6405,https://en.msidb.org/m.php?2839
Ezhazhake noorazhake,Sree Ayyappanum Vaavarum,1982,Hindolam,AT Ummer,Poovachal Khader,"Ambili Rajasekharan, Chorus",6385,1558,https://en.msidb.org/s.php?6385,https://en.msidb.org/m.php?1558
Etho janma bandham,America America,1983,Hindolam,Shyam,Bichu Thirumala,KJ Yesudas,7616,3150,https://en.msidb.org/s.php?7616,https://en.msidb.org/m.php?3150
Indukkalaadharan,Ente Kadha,1983,Hindolam,AT Ummer,Poovachal Khader,KJ Yesudas,7592,118,https://en.msidb.org/s.php?7592,https://en.msidb.org/m.php?118
Sougandhikangal vidarnnu,Mahaabali,1983,Hindolam,MK Arjunan,Pappanamkodu Lakshmanan,"Krishnachandran, Vani Jairam",7519,3831,https://en.msidb.org/s.php?7519,https://en.msidb.org/m.php?3831
Vadasi Yadi,Manj,1983,Hindolam,MB Sreenivasan,Traditional (Jayadevar),Usha Ravi,7419,2078,https://en.msidb.org/s.php?7419,https://en.msidb.org/m.php?2078
Amme Naarayana,Amme Naaraayana,1984,Hindolam,AT Ummer,Koorkenchery Sugathan,KJ Yesudas,13894,1053,https://en.msidb.org/s.php?13894,https://en.msidb.org/m.php?1053
Manassoru maaya prapancham,Ethirppukal,1984,Hindolam,TS Radhakrishnan,Unni Aranmula,KJ Yesudas,7339,4290,https://en.msidb.org/s.php?7339,https://en.msidb.org/m.php?4290
Krishna (Bhooloka Vaikuntavaasa),Krishna Guruvaayoorappa,1984,Hindolam,V Dakshinamoorthy,Koorkenchery Sugathan,KJ Yesudas,7389,2808,https://en.msidb.org/s.php?7389,https://en.msidb.org/m.php?2808
Shobhanam Mohanam,Manasse Ninakku Mangalam,1984,Hindolam,Raveendran,Poovachal Khader,KJ Yesudas,7338,167,https://en.msidb.org/s.php?7338,https://en.msidb.org/m.php?167
Om Namashivaaya,Saagara Sangamam,1984,Hindolam,Ilayaraja,Sreekumaran Thampi,S Janaki,12982,5822,https://en.msidb.org/s.php?12982,https://en.msidb.org/m.php?5822
Chanchalapaadam [Kanavilo Ninavilo],Akalathe Ambili,1985,Hindolam,Shyam,MD Rajendran,"Unni Menon, Vani Jairam, Chorus",6844,4350,https://en.msidb.org/s.php?6844,https://en.msidb.org/m.php?4350
Ee Paadam,Mayoori,1985,Hindolam,SP Balasubrahmanyam,Mankombu Gopalakrishnan,P Susheela,10762,3501,https://en.msidb.org/s.php?10762,https://en.msidb.org/m.php?3501
Chandanakkuriyumaayi,Oru Nokku Kaanan,1985,Hindolam,Shyam,Chunakkara Ramankutty,"Unni Menon, KS Chithra",6710,1307,https://en.msidb.org/s.php?6710,https://en.msidb.org/m.php?1307
Thaalam maranna,Pranaamam,1986,Hindolam,Ouseppachan,Bharathan,KS Chithra,7728,849,https://en.msidb.org/s.php?7728,https://en.msidb.org/m.php?849
Thaalam maranna,Pranaamam,1986,Hindolam,Ouseppachan,Bharathan,"MG Sreekumar, KS Chithra",7730,849,https://en.msidb.org/s.php?7730,https://en.msidb.org/m.php?849
Kulirmathi vadane,Swami Sree Narayana Guru,1986,Hindolam,Mohammed Subair,Vayalar Madhavankutty,KJ Yesudas,7906,4677,https://en.msidb.org/s.php?7906,https://en.msidb.org/m.php?4677
Pralayapayodhi,Yuvajanolsavam,1986,Hindolam,Raveendran,Traditional (Jayadevar),Krishnachandran,7793,1979,https://en.msidb.org/s.php?7793,https://en.msidb.org/m.php?1979
Chanchalapaadam,Ellaavarkkum Nanmakal (Puthan Thalamura),1987,Hindolam,AT Ummer,Mankombu Gopalakrishnan,KJ Yesudas,12131,5082,https://en.msidb.org/s.php?12131,https://en.msidb.org/m.php?5082
Rithusankramappakshi,Rithubedam,1987,Hindolam,Shyam,Thakazhi Sankaranarayanan,KJ Yesudas,7053,2564,https://en.msidb.org/s.php?7053,https://en.msidb.org/m.php?2564
Chandana Manivaathil,Marikkunnilla Njaan,1988,Hindolam,Raveendran,Ezhacheri Ramachandran,G Venugopal,8118,149,https://en.msidb.org/s.php?8118,https://en.msidb.org/m.php?149
Chandana Manivaathil [F],Marikkunnilla Njaan,1988,Hindolam,Raveendran,Ezhacheri Ramachandran,R Usha,8116,149,https://en.msidb.org/s.php?8116,https://en.msidb.org/m.php?149
Indraneelimayolum,Vaishali,1988,Hindolam,Bombay Ravi,ONV Kurup,KS Chithra,8187,3340,https://en.msidb.org/s.php?8187,https://en.msidb.org/m.php?3340
Theduvathethoru,Vaishali,1988,Hindolam,Bombay Ravi,ONV Kurup,KS Chithra,8186,3340,https://en.msidb.org/s.php?8186,https://en.msidb.org/m.php?3340
Neerajadalanayane,Jaathakam,1989,Hindolam,R Somasekharan,ONV Kurup,"BA Chidambaranath, KS Chithra",6961,1472,https://en.msidb.org/s.php?6961,https://en.msidb.org/m.php?1472
Vaarthinkal paalkkudamenthum,Njangalude Kochu Doctor,1989,Hindolam,Darsan Raman,S Ramesan Nair,KS Chithra,6900,1966,https://en.msidb.org/s.php?6900,https://en.msidb.org/m.php?1966
Devasabhaathalam,His Highness Abdulla,1990,Hindolam,Raveendran,Kaithapram,"KJ Yesudas, MG Sreekumar, Sharreth",15450,4780,https://en.msidb.org/s.php?15450,https://en.msidb.org/m.php?4780
Devasabhaathalam,His Highness Abdulla,1990,Hindolam,Raveendran,Kaithapram,"KJ Yesudas, Raveendran, Sharreth",5492,4780,https://en.msidb.org/s.php?5492,https://en.msidb.org/m.php?4780
Indraneela Nabhassil,Panchavaadyam,1990,Hindolam,Kodakara Madhavan,V Vishnudas,KJ Yesudas,13107,5131,https://en.msidb.org/s.php?13107,https://en.msidb.org/m.php?5131
Pulare Poonkodiyil,Amaram,1991,Hindolam,Raveendran,Kaithapram,"KJ Yesudas, N Lathika",10620,2070,https://en.msidb.org/s.php?10620,https://en.msidb.org/m.php?2070
Thaaram Vaalkannaadi Nokki,Keli,1991,Hindolam,Bharathan,Kaithapram,KS Chithra,10558,2638,https://en.msidb.org/s.php?10558,https://en.msidb.org/m.php?2638
Aananda Nadanam,Kamaladalam,1992,Hindolam,Raveendran,Kaithapram,"KJ Yesudas, Raveendran, Chorus",13757,3791,https://en.msidb.org/s.php?13757,https://en.msidb.org/m.php?3791
Raajahamsame,Chamayam,1993,Hindolam,Johnson,Kaithapram,KS Chithra,10328,4478,https://en.msidb.org/s.php?10328,https://en.msidb.org/m.php?4478
Raasanilavinu,Paadheyam,1993,Hindolam,Bombay Ravi,Kaithapram,"KJ Yesudas, KS Chithra",11585,3068,https://en.msidb.org/s.php?11585,https://en.msidb.org/m.php?3068
Ragalapam,Geetham Sangeetham (Ananthapuri),1994,Hindolam,Raveendran,Kaithapram,KS Chithra,12846,5731,https://en.msidb.org/s.php?12846,https://en.msidb.org/m.php?5731
Ragalapam [FD] - 2nd Version,Geetham Sangeetham (Ananthapuri),1994,Hindolam,Raveendran,Kaithapram,"P Madhuri, Vani Jairam",19107,5731,https://en.msidb.org/s.php?19107,https://en.msidb.org/m.php?5731
Poru Nee Vaarilam,Kaashmeeram,1994,Hindolam,MG Radhakrishnan,Gireesh Puthenchery,MG Sreekumar,10166,4917,https://en.msidb.org/s.php?10166,https://en.msidb.org/m.php?4917
Poru Nee Vaarilam,Kaashmeeram,1994,Hindolam,MG Radhakrishnan,Gireesh Puthenchery,"MG Sreekumar, KS Chithra",11520,4917,https://en.msidb.org/s.php?11520,https://en.msidb.org/m.php?4917
Paarvanendu Choodi Ninnu,Maanikyachempazhukka,1995,Hindolam,Rajamani,Shibu Chakravarthy,"MG Sreekumar, KS Chithra",9970,3786,https://en.msidb.org/s.php?9970,https://en.msidb.org/m.php?3786
Ente sindoora rekhayilengo,Sindoorarekha,1995,Hindolam,Sharreth,Kaithapram,"KJ Yesudas, KS Chithra",9918,792,https://en.msidb.org/s.php?9918,https://en.msidb.org/m.php?792
Shishirakaala Meghamidhuna,Devaraagam,1996,Hindolam,MM Keeravani,MD Rajendran,"P Jayachandran, KS Chithra",11830,1363,https://en.msidb.org/s.php?11830,https://en.msidb.org/m.php?1363
Govardhana Gireesham,Aaraam Thamburaan,1997,Hindolam,Raveendran,Traditional (Muthuswamy Dikshithar),"KP Beena Rajan, Chorus",9803,4607,https://en.msidb.org/s.php?9803,https://en.msidb.org/m.php?4607
Naanam choodum,Poomarathanalil,1997,Hindolam,Raveendran,S Ramesan Nair,KJ Yesudas,9705,5176,https://en.msidb.org/s.php?9705,https://en.msidb.org/m.php?5176
Kamaladalam Moodum [KJY],The Car,1997,Hindolam,Sanjeev,S Ramesan Nair,"KJ Yesudas, KS Chithra",9680,3802,https://en.msidb.org/s.php?9680,https://en.msidb.org/m.php?3802
Kamaladalam Moodum[Biju],The Car,1997,Hindolam,Sanjeev,S Ramesan Nair,"Biju Narayanan, KS Chithra",16137,3802,https://en.msidb.org/s.php?16137,https://en.msidb.org/m.php?3802
Vaarthinkalaal,Pallaavoor Devanaaraayanan,1999,Hindolam,Raveendran,Gireesh Puthenchery,"KJ Yesudas, KS Chithra",9446,749,https://en.msidb.org/s.php?9446,https://en.msidb.org/m.php?749
Vaarthinkalaay [M],Pallaavoor Devanaaraayanan,1999,Hindolam,Raveendran,Gireesh Puthenchery,KJ Yesudas,19109,749,https://en.msidb.org/s.php?19109,https://en.msidb.org/m.php?749
Neela Kamaladalam Azhagin Alakalil (M),Panchapaandavar (Unarum Vare),1999,Hindolam,Kaithapram,Kaithapram,KJ Yesudas,14930,1690,https://en.msidb.org/s.php?14930,https://en.msidb.org/m.php?1690
Neela kamaladalam  Azhagin Alakalil,Panchapaandavar (Unarum Vare),1999,Hindolam,Kaithapram,Kaithapram,"KJ Yesudas, KS Chithra",9443,1690,https://en.msidb.org/s.php?9443,https://en.msidb.org/m.php?1690
Gaayathi gaayathi,Udayapuram Sulthan,1999,Hindolam,Kaithapram,Kaithapram,"KJ Yesudas, KS Chithra",9409,2429,https://en.msidb.org/s.php?9409,https://en.msidb.org/m.php?2429
Dwaadashiyil manideepika,Madhuranombarakkaattu,2000,Hindolam,Vidyasagar,Yusufali Kecheri,"KJ Yesudas, Sujatha Mohan",9310,3415,https://en.msidb.org/s.php?9310,https://en.msidb.org/m.php?3415
Kannaa Odivaa,Shaantham,2000,Hindolam,Kaithapram,Kaithapram,KJ Yesudas,9245,2304,https://en.msidb.org/s.php?9245,https://en.msidb.org/m.php?2304
Oh anupama nee,Aayilyam Naalil,2001,Hindolam,Raveendran,Kaithapram,KS Chithra,12054,1404,https://en.msidb.org/s.php?12054,https://en.msidb.org/m.php?1404
Oh anupama nee,Aayilyam Naalil,2001,Hindolam,Raveendran,Kaithapram,KJ Yesudas,12055,1404,https://en.msidb.org/s.php?12055,https://en.msidb.org/m.php?1404
Paadaam vanamaali,Kaakkakkuyil,2001,Hindolam,Deepan Chatterji,Gireesh Puthenchery,"MG Sreekumar, KS Chithra, Kalyani Menon",9168,4470,https://en.msidb.org/s.php?9168,https://en.msidb.org/m.php?4470
Allikalil,Praja,2001,Hindolam,MG Radhakrishnan,MD Rajendran,MG Sreekumar,9085,3544,https://en.msidb.org/s.php?9085,https://en.msidb.org/m.php?3544
Allikalil,Praja,2001,Hindolam,MG Radhakrishnan,MD Rajendran,"MG Sreekumar, Sujatha Mohan",14845,3544,https://en.msidb.org/s.php?14845,https://en.msidb.org/m.php?3544
Maayam chollum,Pakalppooram,2002,Hindolam,Raveendran,S Ramesan Nair,KS Chithra,8898,4432,https://en.msidb.org/s.php?8898,https://en.msidb.org/m.php?4432
Urangaathe,Goureeshankaram,2003,Hindolam,M Jayachandran,Gireesh Puthenchery,KS Chithra,8805,4100,https://en.msidb.org/s.php?8805,https://en.msidb.org/m.php?4100
Urangaathe,Goureeshankaram,2003,Hindolam,M Jayachandran,Gireesh Puthenchery,"P Jayachandran, KS Chithra",14588,4100,https://en.msidb.org/s.php?14588,https://en.msidb.org/m.php?4100
Kaattinu sugandham,Mayookham,2005,Hindolam,Bombay Ravi,T Hariharan,KJ Yesudas,10928,344,https://en.msidb.org/s.php?10928,https://en.msidb.org/m.php?344
Saandra Sandhye (F),Vacation,2005,Hindolam,Kaithapram Viswanath,Sohan Roy,KS Chithra,14656,2859,https://en.msidb.org/s.php?14656,https://en.msidb.org/m.php?2859
Saandra Sandhye (M),Vacation,2005,Hindolam,Kaithapram Viswanath,Sohan Roy,KJ Yesudas,14655,2859,https://en.msidb.org/s.php?14655,https://en.msidb.org/m.php?2859
Saandra Sandhye [D],Vacation,2005,Hindolam,Kaithapram Viswanath,Sohan Roy,"KJ Yesudas, KS Chithra",11024,2859,https://en.msidb.org/s.php?11024,https://en.msidb.org/m.php?2859
Saamajavara,Aananda Bhairavi,2007,Hindolam,Veena Parthasarathy,Traditional (Thyagaraja),Arjun Krishna,13117,5505,https://en.msidb.org/s.php?13117,https://en.msidb.org/m.php?5505
Saamajavara,Aananda Bhairavi,2007,Hindolam,Veena Parthasarathy,Traditional (Thyagaraja),Kottakkal Madhu,13118,5505,https://en.msidb.org/s.php?13118,https://en.msidb.org/m.php?5505
Ilakozhiyum,Panthayakkozhi,2007,Hindolam,Alex Paul,Sarath Vayalar,"Biju Narayanan, Sujatha Mohan",13374,5849,https://en.msidb.org/s.php?13374,https://en.msidb.org/m.php?5849
Ilakozhiyum [F],Panthayakkozhi,2007,Hindolam,Alex Paul,Sarath Vayalar,Sujatha Mohan,13378,5849,https://en.msidb.org/s.php?13378,https://en.msidb.org/m.php?5849
Shaarada,Meghatheertham,2009,Hindolam,Sharreth,Gireesh Puthenchery,"P Unnikrishnan, Priya Himesh, BV Raghavendra Rao",19025,6535,https://en.msidb.org/s.php?19025,https://en.msidb.org/m.php?6535
Hemaambari,Aattakkadha,2013,Hindolam,Raveendran,Gireesh Puthenchery,KJ Yesudas,8312,2026,https://en.msidb.org/s.php?8312,https://en.msidb.org/m.php?2026
Arunima Thooki,Yathrakkoduvil,2013,Hindolam,Sathish Ramachandran,Poovachal Khader,Sagar,193662,7069,https://en.msidb.org/s.php?193662,https://en.msidb.org/m.php?7069
Padmanabha Paahi,Balaraamapuram,2019,Hindolam,GK Harish Mani,Traditional (Swathi Thirunal),Mohan Raj,1957154,9004,https://en.msidb.org/s.php?1957154,https://en.msidb.org/m.php?9004
Shobhillu Sapthaswara,Chandrolsavam,2005,Jaganmohini,Vidyasagar,Traditional (Thyagaraja),KJ Yesudas,8333,603,https://en.msidb.org/s.php?8333,https://en.msidb.org/m.php?603
Chaanthu Thottille,Banaras,2009,Jaijaiwanti,M Jayachandran,Gireesh Puthenchery,"Shreya Ghoshal, Chorus",18993,6532,https://en.msidb.org/s.php?18993,https://en.msidb.org/m.php?6532
Paahimaam,Kudumbasametham,1992,Jana Ranjini,Johnson,Traditional (Mahavaidyanatha Iyer),"KJ Yesudas, Bombay Jayashri",10425,4053,https://en.msidb.org/s.php?10425,https://en.msidb.org/m.php?4053
Naattuvazhiyorathe,Gaddaama,2011,Janasammodini,Bennett-Veetrag,Rafeeq Ahamed,"Vijay Yesudas, KS Chithra",192606,6807,https://en.msidb.org/s.php?192606,https://en.msidb.org/m.php?6807
Paalaazhippoomanke,Prasnam Gurutharam,1983,Japaniya,Raveendran,Bichu Thirumala,"P Jayachandran, Vani Jairam",7417,4749,https://en.msidb.org/s.php?7417,https://en.msidb.org/m.php?4749
Marugelara,Sapthapadi,1981,Jayanthasri,KV Mahadevan,Traditional (Thyagaraja),S Janaki,190742,2912,https://en.msidb.org/s.php?190742,https://en.msidb.org/m.php?2912
Aamukham kandanaal,Yuvajanolsavam,1986,Jayanthasri,Raveendran,Sreekumaran Thampi,"S Janaki, Sathish Babu",7794,1979,https://en.msidb.org/s.php?7794,https://en.msidb.org/m.php?1979
Saayam Sandhyathan,Eagle,1991,Jayanthasri,Raveendran,RK Damodaran,N Lathika,10594,4814,https://en.msidb.org/s.php?10594,https://en.msidb.org/m.php?4814
Saayam Sandhyathan (M),Eagle,1991,Jayanthasri,Raveendran,RK Damodaran,KJ Yesudas,12242,4814,https://en.msidb.org/s.php?12242,https://en.msidb.org/m.php?4814
Marugelara,Bandhukkal Shathrukkal,1993,Jayanthasri,Sreekumaran Thampi,Traditional (Thyagaraja),P Unnikrishnan,11359,2751,https://en.msidb.org/s.php?11359,https://en.msidb.org/m.php?2751
Kanikkonnakal,Oru Abhibhaashakante Case Diary,1995,Jayanthasri,Raveendran,Shibu Chakravarthy,Sujatha Mohan,9947,2974,https://en.msidb.org/s.php?9947,https://en.msidb.org/m.php?2974
Harinaamakeerthanam [D],Nurse,1969,Jog,MB Sreenivasan,Sreekumaran Thampi,"KJ Yesudas, S Janaki",1277,3687,https://en.msidb.org/s.php?1277,https://en.msidb.org/m.php?3687
Sreenagarathile,Nilakkaatha Chalanangal,1970,Jog,G Devarajan,Vayalar Ramavarma,P Jayachandran,2342,912,https://en.msidb.org/s.php?2342,https://en.msidb.org/m.php?912
Kaamini Kaavyamohini,Punarjanmam,1972,Jog,G Devarajan,Vayalar Ramavarma,KJ Yesudas,2773,4869,https://en.msidb.org/s.php?2773,https://en.msidb.org/m.php?4869
Mounangal Paadukayaayirunnu,Prayaanam,1975,Jog,MB Sreenivasan,Vayalar Ramavarma,"KJ Yesudas, S Janaki, Chorus",3611,867,https://en.msidb.org/s.php?3611,https://en.msidb.org/m.php?867
Kanmunayil,Pick Pocket,1976,Jog,MK Arjunan,Pappanamkodu Lakshmanan,KJ Yesudas,4030,1648,https://en.msidb.org/s.php?4030,https://en.msidb.org/m.php?1648
Aalolam Poomuthe,Thaaraattu,1981,Jog,Raveendran,Sasikala Menon,P Susheela,6023,431,https://en.msidb.org/s.php?6023,https://en.msidb.org/m.php?431
Kaantha mridula smera,Venal,1981,Jog,MB Sreenivasan,Kavalam Narayana Panicker,S Janaki,5950,353,https://en.msidb.org/s.php?5950,https://en.msidb.org/m.php?353
Nirangal than nritham,Parasparam,1983,Jog,MB Sreenivasan,ONV Kurup,S Janaki,7454,2462,https://en.msidb.org/s.php?7454,https://en.msidb.org/m.php?2462
Illikkaadum,Aduthaduthu,1984,Jog,Raveendran,Sathyan Anthikkad,"KJ Yesudas, KS Chithra",8037,378,https://en.msidb.org/s.php?8037,https://en.msidb.org/m.php?378
Pedamaan mizhi,Suvarna Kshethram,1985,Jog,Raveendran,Bichu Thirumala,KJ Yesudas,12089,4043,https://en.msidb.org/s.php?12089,https://en.msidb.org/m.php?4043
Mandaara Pushpangal,Raareeram,1986,Jog,Kodakara Madhavan,ONV Kurup,KS Chithra,7702,1527,https://en.msidb.org/s.php?7702,https://en.msidb.org/m.php?1527
Iru Hridayangalil,Oru Meymaasappulariyil,1987,Jog,Raveendran,P Bhaskaran,"KJ Yesudas, KS Chithra",7179,12,https://en.msidb.org/s.php?7179,https://en.msidb.org/m.php?12
Oruvakkil Oru Nokkil,Ayitham,1988,Jog,MG Radhakrishnan,ONV Kurup,KJ Yesudas,13076,1815,https://en.msidb.org/s.php?13076,https://en.msidb.org/m.php?1815
Pulakangal viriyunna,Miss Pameela,1989,Jog,Vidyadharan,Poovachal Khader,KS Chithra,6929,2299,https://en.msidb.org/s.php?6929,https://en.msidb.org/m.php?2299
Pramadavanam,His Highness Abdulla,1990,Jog,Raveendran,Kaithapram,KJ Yesudas,5494,4780,https://en.msidb.org/s.php?5494,https://en.msidb.org/m.php?4780
Shubhayaathraa Geethangal,Aakaasha Doothu,1993,Jog,Ouseppachan,ONV Kurup,KJ Yesudas,10359,2250,https://en.msidb.org/s.php?10359,https://en.msidb.org/m.php?2250
Ponmeghame,Sopaanam,1994,Jog,SP Venkitesh,Kaithapram,"KS Chithra, Chorus",11598,4602,https://en.msidb.org/s.php?11598,https://en.msidb.org/m.php?4602
Aanandhanamthanam,Anna,1995,Jog,Ouseppachan,Shibu Chakravarthy,"KJ Yesudas, KS Chithra",15430,5220,https://en.msidb.org/s.php?15430,https://en.msidb.org/m.php?5220
Japamaay veda saadhakamaay,Punnaaram,1995,Jog,Rajamani,Gireesh Puthenchery,KJ Yesudas,9937,3443,https://en.msidb.org/s.php?9937,https://en.msidb.org/m.php?3443
Japamaay veda saadhakamaay [F],Punnaaram,1995,Jog,Rajamani,Gireesh Puthenchery,KS Chithra,16469,3443,https://en.msidb.org/s.php?16469,https://en.msidb.org/m.php?3443
Devike nin meyyil,April 19,1996,Jog,Raveendran,S Ramesan Nair,"KJ Yesudas, S Janaki",9894,2114,https://en.msidb.org/s.php?9894,https://en.msidb.org/m.php?2114
Kalahamsam Neenthum,Swapnalokathe Baalabhaaskaran,1996,Jog,SP Venkitesh,IS Kundoor,"P Jayachandran, B Arundhathi",13655,1952,https://en.msidb.org/s.php?13655,https://en.msidb.org/m.php?1952
Kadalariyilla,Kannur,1997,Jog,Raveendran,Kaithapram,KS Chithra,9732,1129,https://en.msidb.org/s.php?9732,https://en.msidb.org/m.php?1129
Kadalariyilla,Kannur,1997,Jog,Raveendran,Kaithapram,"KJ Yesudas, KS Chithra",9733,1129,https://en.msidb.org/s.php?9733,https://en.msidb.org/m.php?1129
Kadalariyilla [M],Kannur,1997,Jog,Raveendran,Kaithapram,KJ Yesudas,9738,1129,https://en.msidb.org/s.php?9738,https://en.msidb.org/m.php?1129
Vinnile Poykayil,Krishnagudiyil Oru Pranayakaalathu,1997,Jog,Vidyasagar,Gireesh Puthenchery,"MG Sreekumar, Sujatha Mohan",11416,413,https://en.msidb.org/s.php?11416,https://en.msidb.org/m.php?413
Swarna Dala Kodikal,Manjukaalavum Kazhinju,1998,Jog,Johnson,Gireesh Puthenchery,KJ Yesudas,13649,1085,https://en.msidb.org/s.php?13649,https://en.msidb.org/m.php?1085
Swarna Dala Kodikal,Manjukaalavum Kazhinju,1998,Jog,Johnson,Gireesh Puthenchery,KS Chithra,13650,1085,https://en.msidb.org/s.php?13650,https://en.msidb.org/m.php?1085
Orangalil,Thaalolam,1998,Jog,PG Sasi,KS Pankajakshan,Sudeep Kumar,9547,718,https://en.msidb.org/s.php?9547,https://en.msidb.org/m.php?718
Parayaan maranna,Garshom,1999,Jog,Ramesh Narayan,Rafeeq Ahamed,Hariharan,9478,924,https://en.msidb.org/s.php?9478,https://en.msidb.org/m.php?924
Parayaan maranna [F],Garshom,1999,Jog,Ramesh Narayan,Rafeeq Ahamed,KS Chithra,189998,924,https://en.msidb.org/s.php?189998,https://en.msidb.org/m.php?924
Vaarmukile,Mazha,2000,Jog,Raveendran,Yusufali Kecheri,KS Chithra,9301,4296,https://en.msidb.org/s.php?9301,https://en.msidb.org/m.php?4296
Thaniye Parakkunna Pakshi,Punarjani,2003,Jog,Dr Suresh Manimala,V Madhusoodanan Nair,G Venugopal,15127,1,https://en.msidb.org/s.php?15127,https://en.msidb.org/m.php?1
Kaliyaadi thalir,Njaan Salpperu Raamankutty,2004,Jog,Raveendran,Beeyar Prasad,"Biju Narayanan, Jyotsna Radhakrishnan",8746,4194,https://en.msidb.org/s.php?8746,https://en.msidb.org/m.php?4194
Enthithra Vaiki Nee Sandhye,Pakal,2006,Jog,MG Radhakrishnan,Gireesh Puthenchery,G Venugopal,11858,5392,https://en.msidb.org/s.php?11858,https://en.msidb.org/m.php?5392
Oru Kili Paattu Moolave [F],Vadakkumnathan,2006,Jog,Raveendran,Gireesh Puthenchery,KS Chithra,15860,3625,https://en.msidb.org/s.php?15860,https://en.msidb.org/m.php?3625
Oru kili Paattu Moolave,Vadakkumnathan,2006,Jog,Raveendran,Gireesh Puthenchery,"KJ Yesudas, KS Chithra",11194,3625,https://en.msidb.org/s.php?11194,https://en.msidb.org/m.php?3625
Nanmayaakunna,Calcutta News,2008,Jog,Debjyothi Mishra,Sarath Vayalar,KS Chithra,15441,6105,https://en.msidb.org/s.php?15441,https://en.msidb.org/m.php?6105
Mana Mohana[F],Kousthubham,2008,Jog,Anil Pongummoodu,Sanjeev Kilikulam,Vijitha,18938,6255,https://en.msidb.org/s.php?18938,https://en.msidb.org/m.php?6255
Mana Mohanavarnna,Kousthubham,2008,Jog,Anil Pongummoodu,Sanjeev Kilikulam,Madhu Balakrishnan,18934,6255,https://en.msidb.org/s.php?18934,https://en.msidb.org/m.php?6255
Eesa Suthan Ayya,Thathwamasi,2010,Jog,Ramesh Narayan,Kaithapram,KJ Yesudas,190335,6629,https://en.msidb.org/s.php?190335,https://en.msidb.org/m.php?6629
Aadyaraaga,Naayika,2011,Jog,MK Arjunan,Sreekumaran Thampi,KS Chithra,193199,6940,https://en.msidb.org/s.php?193199,https://en.msidb.org/m.php?6940
Ambalamillaathe,Paadamudra,1988,Jonpuri,Vidyadharan,Hari Kudappanakkunnu,"KJ Yesudas, Chorus",8156,1383,https://en.msidb.org/s.php?8156,https://en.msidb.org/m.php?1383
Paada pooja,Mayooranrutham,1996,Jonpuri,G Devarajan,P Bhaskaran,"KJ Yesudas, KS Chithra",11687,1793,https://en.msidb.org/s.php?11687,https://en.msidb.org/m.php?1793
Karunaamayee,Ithaa Oru Snehagaadha,1997,Jonpuri,Johnson,Kaithapram,KJ Yesudas,13013,4070,https://en.msidb.org/s.php?13013,https://en.msidb.org/m.php?4070
Karunaamayee [F],Ithaa Oru Snehagaadha,1997,Jonpuri,Johnson,Kaithapram,Sangeetha Sajith,15660,4070,https://en.msidb.org/s.php?15660,https://en.msidb.org/m.php?4070
Paarukkulle,Mazha,2000,Jonpuri,Raveendran,Traditional (Bharathiyar),Neyyatinkara Vasudevan,9303,4296,https://en.msidb.org/s.php?9303,https://en.msidb.org/m.php?4296
Aadayaabharanaadikondu,Balan,1938,Kaapi,"KK Aroor, Ibrahim",Muthukulam Raghavan Pillai,Palluruthi Lakshmi,2106,1204,https://en.msidb.org/s.php?2106,https://en.msidb.org/m.php?1204
Bhaarathathin Ponvilakkaam,Balan,1938,Kaapi,"KK Aroor, Ibrahim",Muthukulam Raghavan Pillai,KK Aroor,1457,1204,https://en.msidb.org/s.php?1457,https://en.msidb.org/m.php?1204
Maanini Maniyothum,Balan,1938,Kaapi,"KK Aroor, Ibrahim",Muthukulam Raghavan Pillai,Uncategorized,14238,1204,https://en.msidb.org/s.php?14238,https://en.msidb.org/m.php?1204
Shock Shock,Balan,1938,Kaapi,"KK Aroor, Ibrahim",Muthukulam Raghavan Pillai,Uncategorized,14241,1204,https://en.msidb.org/s.php?14241,https://en.msidb.org/m.php?1204
Devaki Sutha,Jnaanaambika,1940,Kaapi,TK Jayarama Iyer,Puthankavu Mathan Tharakan,"CK Rajam, PK Kamalakshi",2109,3911,https://en.msidb.org/s.php?2109,https://en.msidb.org/m.php?3911
Maayaa Rachitham,Jnaanaambika,1940,Kaapi,TK Jayarama Iyer,Puthankavu Mathan Tharakan,PK Kamalakshi,2115,3911,https://en.msidb.org/s.php?2115,https://en.msidb.org/m.php?3911
Mohaname,Jnaanaambika,1940,Kaapi,TK Jayarama Iyer,Puthankavu Mathan Tharakan,Sebastian Kunju Kunju Bhagavathar,2114,3911,https://en.msidb.org/s.php?2114,https://en.msidb.org/m.php?3911
Enthu Saaramulakil,Prahlaada,1941,Kaapi,Vidwan VS Parthasarathy Ayyankar,K Madhava Warrier,-,2127,181,https://en.msidb.org/s.php?2127,https://en.msidb.org/m.php?181
Puthusoorya Shobhayil,Navalokam,1951,Kaapi,V Dakshinamoorthy,P Bhaskaran,V Dakshinamoorthy,1589,4821,https://en.msidb.org/s.php?1589,https://en.msidb.org/m.php?4821
Kaayalarikathu,Neelakkuyil,1954,Kaapi,K Raghavan,P Bhaskaran,K Raghavan,1752,4647,https://en.msidb.org/s.php?1752,https://en.msidb.org/m.php?4647
Kannane Kanden Sakhi,Chilamboli,1963,Kaapi,V Dakshinamoorthy,Abhayadev,P Leela,253,4299,https://en.msidb.org/s.php?253,https://en.msidb.org/m.php?4299
Krishna Guruvaayoorappa,Nithyakanyaka,1963,Kaapi,G Devarajan,Vayalar Ramavarma,KJ Yesudas,186,4930,https://en.msidb.org/s.php?186,https://en.msidb.org/m.php?4930
Anthithiriyum,Kaattupookkal,1965,Kaapi,G Devarajan,ONV Kurup,P Susheela,544,2818,https://en.msidb.org/s.php?544,https://en.msidb.org/m.php?2818
Premakavithakale,Aval,1967,Kaapi,G Devarajan,Vayalar Ramavarma,P Susheela,924,4436,https://en.msidb.org/s.php?924,https://en.msidb.org/m.php?4436
Hridayamuruki Nee,Karutha Pournami,1968,Kaapi,MK Arjunan,P Bhaskaran,KJ Yesudas,1058,5009,https://en.msidb.org/s.php?1058,https://en.msidb.org/m.php?5009
Kaaverippoompattanathil,Kodungallooramma,1968,Kaapi,K Raghavan,Vayalar Ramavarma,"M Balamuralikrishna, P Susheela",1185,3121,https://en.msidb.org/s.php?1185,https://en.msidb.org/m.php?3121
Paathiraavaayilla,Manaswini,1968,Kaapi,MS Baburaj,P Bhaskaran,"KJ Yesudas, S Janaki",1218,4288,https://en.msidb.org/s.php?1218,https://en.msidb.org/m.php?4288
Maayaanadanavihaarini,Kumaarasambhavam,1969,Kaapi,G Devarajan,ONV Kurup,"P Leela, Radha Jayalakshmi",1401,557,https://en.msidb.org/s.php?1401,https://en.msidb.org/m.php?557
Yamune Yadukula Rathidevanevide,Rest House,1969,Kaapi,MK Arjunan,Sreekumaran Thampi,"P Jayachandran, S Janaki",1391,1953,https://en.msidb.org/s.php?1391,https://en.msidb.org/m.php?1953
Sumangali Nee Ormikkumo,Vivaahitha,1970,Kaapi,G Devarajan,Vayalar Ramavarma,KJ Yesudas,2334,11,https://en.msidb.org/s.php?2334,https://en.msidb.org/m.php?11
Aadiparaashakthi,Ponnaapuram Kotta,1973,Kaapi,G Devarajan,Vayalar Ramavarma,"KJ Yesudas, PB Sreenivas, P Leela, P Susheela, P Madhuri",2948,3752,https://en.msidb.org/s.php?2948,https://en.msidb.org/m.php?3752
Panchabaananen Cheviyil,Arakkallan Mukkaalkkallan,1974,Kaapi,V Dakshinamoorthy,P Bhaskaran,P Susheela,3427,3046,https://en.msidb.org/s.php?3427,https://en.msidb.org/m.php?3046
Raajeevanayane,Chandrakaantham,1974,Kaapi,MS Viswanathan,Sreekumaran Thampi,P Jayachandran,3241,1921,https://en.msidb.org/s.php?3241,https://en.msidb.org/m.php?1921
Sanyaasini,Raajahamsam,1974,Kaapi,G Devarajan,Vayalar Ramavarma,KJ Yesudas,3389,834,https://en.msidb.org/s.php?3389,https://en.msidb.org/m.php?834
Dwaarake,Hello Darling,1975,Kaapi,MK Arjunan,Vayalar Ramavarma,P Susheela,3510,3350,https://en.msidb.org/s.php?3510,https://en.msidb.org/m.php?3350
Shaarada Chandraanane,Chottaanikkara Amma,1976,Kaapi,RK Sekhar,Bharanikkavu Sivakumar,KP Brahmanandan,3955,279,https://en.msidb.org/s.php?3955,https://en.msidb.org/m.php?279
Pookkaleppole,Seemanthaputhran,1976,Kaapi,MK Arjunan,Sreekumaran Thampi,P Susheela,3830,638,https://en.msidb.org/s.php?3830,https://en.msidb.org/m.php?638
Dukhathin Mezhuthiri,Aval Oru Devaalayam,1977,Kaapi,MK Arjunan,Bharanikkavu Sivakumar,"Jency, LR Anjali",4227,21,https://en.msidb.org/s.php?4227,https://en.msidb.org/m.php?21
Sundara Swapname,Guruvayoor Kesavan,1977,Kaapi,G Devarajan,P Bhaskaran,"KJ Yesudas, P Leela",4448,4509,https://en.msidb.org/s.php?4448,https://en.msidb.org/m.php?4509
Madana Sopaanathil,Aanakkalari,1978,Kaapi,MK Arjunan,Sreekumaran Thampi,"Ambili Rajasekharan, Jency",4901,1882,https://en.msidb.org/s.php?4901,https://en.msidb.org/m.php?1882
Ezhu Swarangalil,Sathrathil Oru Raathri,1978,Kaapi,G Devarajan,Yusufali Kecheri,P Susheela,4708,2234,https://en.msidb.org/s.php?4708,https://en.msidb.org/m.php?2234
Manchaadi Manimaala,Vayanaadan Thampan,1978,Kaapi,G Devarajan,Sasikala Menon,"Karthikeyan, P Madhuri, Chorus",4809,305,https://en.msidb.org/s.php?4809,https://en.msidb.org/m.php?305
Varumo nee,Ajnaatha Theerangal,1979,Kaapi,MK Arjunan,Sreekumaran Thampi,P Susheela,5110,226,https://en.msidb.org/s.php?5110,https://en.msidb.org/m.php?226
Viswa mahaa kshethra sannidhi,Idavazhiyile Poocha Mindappoocha,1979,Kaapi,MB Sreenivasan,Yusufali Kecheri,S Janaki,5198,4895,https://en.msidb.org/s.php?5198,https://en.msidb.org/m.php?4895
Samkrama Snaanam Kazhinju,Iniyethra Sandhyakal,1979,Kaapi,G Devarajan,Mankombu Gopalakrishnan,KJ Yesudas,5007,870,https://en.msidb.org/s.php?5007,https://en.msidb.org/m.php?870
Aadiyushassil,Manushyan,1979,Kaapi,V Dakshinamoorthy,Bharanikkavu Sivakumar,KJ Yesudas,5053,2678,https://en.msidb.org/s.php?5053,https://en.msidb.org/m.php?2678
Ente Swapnaveenayil,Randu Mukhangal,1981,Kaapi,MK Arjunan,Appan Thachethu,P Jayachandran,6055,4502,https://en.msidb.org/s.php?6055,https://en.msidb.org/m.php?4502
Swarna mukile,Ithu Njangalude Kadha,1982,Kaapi,Johnson,P Bhaskaran,S Janaki,6285,4615,https://en.msidb.org/s.php?6285,https://en.msidb.org/m.php?4615
Thumbi vaa thumbakudathin,Olangal,1982,Kaapi,Ilayaraja,ONV Kurup,S Janaki,6318,80,https://en.msidb.org/s.php?6318,https://en.msidb.org/m.php?80
Veedu chumarukal naalathiru,Veedu,1982,Kaapi,G Devarajan,Yusufali Kecheri,KJ Yesudas,6419,3018,https://en.msidb.org/s.php?6419,https://en.msidb.org/m.php?3018
Vinninte virimaaril,Ashtapadi,1983,Kaapi,Vidyadharan,P Bhaskaran,KJ Yesudas,7463,2394,https://en.msidb.org/s.php?7463,https://en.msidb.org/m.php?2394
Penninte chenchundil,Guruji Oru Vaakku,1985,Kaapi,Jerry Amaldev,Bichu Thirumala,"KJ Yesudas, KS Chithra",1440,2300,https://en.msidb.org/s.php?1440,https://en.msidb.org/m.php?2300
Iniyen Priya Narthana,Mayoori,1985,Kaapi,SP Balasubrahmanyam,Mankombu Gopalakrishnan,P Susheela,14716,3501,https://en.msidb.org/s.php?14716,https://en.msidb.org/m.php?3501
Jagadodhaarana,Ayitham,1988,Kaapi,MG Radhakrishnan,Traditional (Purandaradasa),KS Chithra,8131,1815,https://en.msidb.org/s.php?8131,https://en.msidb.org/m.php?1815
Parama Purusha,Ayitham,1988,Kaapi,MG Radhakrishnan,Traditional (Purandaradasa),"K Omanakkutty, KS Chithra",14427,1815,https://en.msidb.org/s.php?14427,https://en.msidb.org/m.php?1815
Oru Poo Viriyunna,Vichaarana,1988,Kaapi,Ouseppachan,S Ramesan Nair,KS Chithra,8084,1448,https://en.msidb.org/s.php?8084,https://en.msidb.org/m.php?1448
Oru Poo Viriyunna,Vichaarana,1988,Kaapi,Ouseppachan,S Ramesan Nair,MG Sreekumar,8085,1448,https://en.msidb.org/s.php?8085,https://en.msidb.org/m.php?1448
Shaarada Chandrikayode,Ananthanum Appukkuttanum Aanayundu,1990,Kaapi,Johnson,Kaithapram,KJ Yesudas,11815,5128,https://en.msidb.org/s.php?11815,https://en.msidb.org/m.php?5128
Thaamarakkannane,Ananthanum Appukkuttanum Aanayundu,1990,Kaapi,Johnson,Kaithapram,KS Chithra,14751,5128,https://en.msidb.org/s.php?14751,https://en.msidb.org/m.php?5128
Paalappoove,Njaan Gandharvan,1991,Kaapi,Johnson,Kaithapram,KS Chithra,11220,4411,https://en.msidb.org/s.php?11220,https://en.msidb.org/m.php?4411
Swarakanyakamaar,Saanthwanam,1991,Kaapi,Mohan Sithara,Kaithapram,KS Chithra,10517,336,https://en.msidb.org/s.php?10517,https://en.msidb.org/m.php?336
Ambalappuzhayile Ambaadippaithale,Thookkuvilakku,1991,Kaapi,PR Murali,Prof Sivaprasad,KJ Yesudas,192560,6665,https://en.msidb.org/s.php?192560,https://en.msidb.org/m.php?6665
Athippazhathin,Nakshathrakkoodaaram,1992,Kaapi,Mohan Sithara,Bichu Thirumala,"MG Sreekumar, KS Chithra",10405,3382,https://en.msidb.org/s.php?10405,https://en.msidb.org/m.php?3382
Manikanda mahimakal,Sabarimalayil Thanka Sooryodayam,1992,Kaapi,MS Viswanathan,Sreekumaran Thampi,KJ Yesudas,12574,5770,https://en.msidb.org/s.php?12574,https://en.msidb.org/m.php?5770
Mounasarovara,Savidham,1992,Kaapi,Johnson,Kaithapram,KS Chithra,10379,3935,https://en.msidb.org/s.php?10379,https://en.msidb.org/m.php?3935
Chandrakaantham Kondu (F),Paadheyam,1993,Kaapi,Bombay Ravi,Kaithapram,KS Chithra,12438,3068,https://en.msidb.org/s.php?12438,https://en.msidb.org/m.php?3068
Chandrakaantham Kondu (M),Paadheyam,1993,Kaapi,Bombay Ravi,Kaithapram,KJ Yesudas,11584,3068,https://en.msidb.org/s.php?11584,https://en.msidb.org/m.php?3068
Mangala Sreeranga,Geetham Sangeetham (Ananthapuri),1994,Kaapi,Raveendran,Kaithapram,KJ Yesudas,12842,5731,https://en.msidb.org/s.php?12842,https://en.msidb.org/m.php?5731
O priye,Aniyathipraavu,1997,Kaapi,Ouseppachan,S Ramesan Nair,KJ Yesudas,12435,3658,https://en.msidb.org/s.php?12435,https://en.msidb.org/m.php?3658
O priye [D],Aniyathipraavu,1997,Kaapi,Ouseppachan,S Ramesan Nair,"MG Sreekumar, B Arundhathi",12436,3658,https://en.msidb.org/s.php?12436,https://en.msidb.org/m.php?3658
Saandramaam Sandhyathan,Krishnagudiyil Oru Pranayakaalathu,1997,Kaapi,Vidyasagar,Gireesh Puthenchery,KJ Yesudas,11411,413,https://en.msidb.org/s.php?11411,https://en.msidb.org/m.php?413
Chandana Shilayil,Kulam,1997,Kaapi,MG Radhakrishnan,V Madhusoodanan Nair,"MG Radhakrishnan, KS Chithra",9722,3354,https://en.msidb.org/s.php?9722,https://en.msidb.org/m.php?3354
Swarga saagarathil,Uthara Desam,1997,Kaapi,Raveendran,PK Ravindran,KS Chithra,9678,3530,https://en.msidb.org/s.php?9678,https://en.msidb.org/m.php?3530
Chellakkaattu,Nakshathrathaaraattu,1998,Kaapi,Mohan Sithara,Gireesh Puthenchery,"MG Sreekumar, CO Anto, KS Chithra, Sreevidya",11744,2372,https://en.msidb.org/s.php?11744,https://en.msidb.org/m.php?2372
Chellakkaattu chaanchakkamaadum,Nakshathrathaaraattu,1998,Kaapi,Mohan Sithara,Gireesh Puthenchery,"MG Sreekumar, Sreevidya, CO Anto",15775,2372,https://en.msidb.org/s.php?15775,https://en.msidb.org/m.php?2372
Varamanjalaadiya [F],Pranayavarnangal,1998,Kaapi,Vidyasagar,Sachithanandan Puzhangara,Sujatha Mohan,9574,4023,https://en.msidb.org/s.php?9574,https://en.msidb.org/m.php?4023
Varamanjalaadiya [M],Pranayavarnangal,1998,Kaapi,Vidyasagar,Sachithanandan Puzhangara,KJ Yesudas,19061,4023,https://en.msidb.org/s.php?19061,https://en.msidb.org/m.php?4023
Ethrayo Janmamaay,Summer in Bethlehem,1998,Kaapi,Vidyasagar,Gireesh Puthenchery,"Sreenivas, Sujatha Mohan",12963,1928,https://en.msidb.org/s.php?12963,https://en.msidb.org/m.php?1928
Maatham pularumpam (Bhoomi Prapanchangal),Sundarakilladi,1998,Kaapi,Ouseppachan,Bichu Thirumala,"KS Chithra, Gopi Sundar",9553,4579,https://en.msidb.org/s.php?9553,https://en.msidb.org/m.php?4579
Vaarthinkaludikkaatha  (F),Agnisaakshi,1999,Kaapi,Kaithapram,Kaithapram,KS Chithra,9523,3800,https://en.msidb.org/s.php?9523,https://en.msidb.org/m.php?3800
Vaarthinkaludikkaatha  (M),Agnisaakshi,1999,Kaapi,Kaithapram,Kaithapram,KJ Yesudas,14778,3800,https://en.msidb.org/s.php?14778,https://en.msidb.org/m.php?3800
Pular veyilum,Angane Oru Avadikkaalathu,1999,Kaapi,Johnson,Gireesh Puthenchery,"MG Sreekumar, KS Chithra",11755,2720,https://en.msidb.org/s.php?11755,https://en.msidb.org/m.php?2720
Ghanashyaama,Kochu Kochu Santhoshangal,2000,Kaapi,Ilayaraja,Kaithapram,Gayathri Ashokan,9326,1768,https://en.msidb.org/s.php?9326,https://en.msidb.org/m.php?1768
Angu vadakku,Aayilyam Naalil,2001,Kaapi,Raveendran,Poovachal Khader,KS Chithra,12059,1404,https://en.msidb.org/s.php?12059,https://en.msidb.org/m.php?1404
Kilippenne,Dosth,2001,Kaapi,Vidyasagar,S Ramesan Nair,KJ Yesudas,9205,1338,https://en.msidb.org/s.php?9205,https://en.msidb.org/m.php?1338
Kilippenne Nilaavin,Dosth,2001,Kaapi,Vidyasagar,S Ramesan Nair,"KJ Yesudas, KS Chithra",12384,1338,https://en.msidb.org/s.php?12384,https://en.msidb.org/m.php?1338
Kandu Kandu Kandilla,Ishtam,2001,Kaapi,Mohan Sithara,Kaithapram,KJ Yesudas,9186,1154,https://en.msidb.org/s.php?9186,https://en.msidb.org/m.php?1154
Kandu Kandu Kandilla [F],Ishtam,2001,Kaapi,Mohan Sithara,Kaithapram,Dhanya,15940,1154,https://en.msidb.org/s.php?15940,https://en.msidb.org/m.php?1154
Karukaruthulloru,Kabani,2001,Kaapi,Vidyadharan,Mullanezhi,P Jayachandran,9173,1651,https://en.msidb.org/s.php?9173,https://en.msidb.org/m.php?1651
Oduvilee Sandhyayum Njaanum [F],Kadha,2002,Kaapi,Ouseppachan,Gireesh Puthenchery,KS Chithra,15464,2698,https://en.msidb.org/s.php?15464,https://en.msidb.org/m.php?2698
Pooparikkaan,Kannaki,2002,Kaapi,Kaithapram Viswanath,Kaithapram,KJ Yesudas,8966,4997,https://en.msidb.org/s.php?8966,https://en.msidb.org/m.php?4997
Oru Mazhappakshi Paadunnu,Kuberan,2002,Kaapi,Mohan Sithara,Gireesh Puthenchery,"MG Sreekumar, Sujatha Mohan, Mohan Sithara",8952,4785,https://en.msidb.org/s.php?8952,https://en.msidb.org/m.php?4785
Karimizhi,Meesa Madhavan,2002,Kaapi,Vidyasagar,Gireesh Puthenchery,Sujatha Mohan,8925,5004,https://en.msidb.org/s.php?8925,https://en.msidb.org/m.php?5004
Karimizhikkuruviye,Meesa Madhavan,2002,Kaapi,Vidyasagar,Gireesh Puthenchery,"V Devanand, Sujatha Mohan",8923,5004,https://en.msidb.org/s.php?8923,https://en.msidb.org/m.php?5004
Innale Ente Nenchile,Balettan,2003,Kaapi,M Jayachandran,Gireesh Puthenchery,KJ Yesudas,8842,4649,https://en.msidb.org/s.php?8842,https://en.msidb.org/m.php?4649
Innale Ente Nenchile[F],Balettan,2003,Kaapi,M Jayachandran,Gireesh Puthenchery,KS Chithra,8843,4649,https://en.msidb.org/s.php?8843,https://en.msidb.org/m.php?4649
Vaavavo Vaave,Ente Veedu Appoonteyum,2003,Kaapi,Ouseppachan,Gireesh Puthenchery,"P Jayachandran, Sujatha Mohan, Ouseppachan",12433,3097,https://en.msidb.org/s.php?12433,https://en.msidb.org/m.php?3097
Azhake,Kasthoorimaan,2003,Kaapi,Ouseppachan,Kaithapram,"P Jayachandran, Sujatha Mohan",8776,2403,https://en.msidb.org/s.php?8776,https://en.msidb.org/m.php?2403
Ninave En Ninave Pozhiyum,Mullavalliyum Thenmaavum,2003,Kaapi,Ouseppachan,Gireesh Puthenchery,P Jayachandran,15328,2994,https://en.msidb.org/s.php?15328,https://en.msidb.org/m.php?2994
Enna Thavam seythaney yashoda,Thilakkam,2003,Kaapi,Kaithapram Viswanath,Traditional (Paapanaasam Sivan),"Chinmayi Sripada, Baby Nimisha",8713,4267,https://en.msidb.org/s.php?8713,https://en.msidb.org/m.php?4267
Hridayasakhee,Vellithira,2003,Kaapi,Alphonse Joseph,Kaithapram,Hariharan,8694,1406,https://en.msidb.org/s.php?8694,https://en.msidb.org/m.php?1406
Hridayasakhee (D),Vellithira,2003,Kaapi,Alphonse Joseph,Kaithapram,"Hariharan, KS Chithra",8698,1406,https://en.msidb.org/s.php?8698,https://en.msidb.org/m.php?1406
Meharuba,Perumazhakkaalam,2004,Kaapi,M Jayachandran,Kaithapram,"Afsal, Jyotsna Radhakrishnan, K Krishnakumar, Alex Kayyalakkal, KK Nishad, Ganga Sitharasu",8523,2434,https://en.msidb.org/s.php?8523,https://en.msidb.org/m.php?2434
Meharuba Meharuba (M),Perumazhakkaalam,2004,Kaapi,M Jayachandran,Kaithapram,Afsal,14617,2434,https://en.msidb.org/s.php?14617,https://en.msidb.org/m.php?2434
Manjaadikkuru,Thekkekkara Super Fast (Kili),2004,Kaapi,Ouseppachan,Gireesh Puthenchery,Madhu Balakrishnan,11242,5384,https://en.msidb.org/s.php?11242,https://en.msidb.org/m.php?5384
Konchi Konchi,Vismayathumbathu,2004,Kaapi,Ouseppachan,Kaithapram,KJ Yesudas,8419,778,https://en.msidb.org/s.php?8419,https://en.msidb.org/m.php?778
Priyane,Vismayathumbathu,2004,Kaapi,Ouseppachan,Kaithapram,"KJ Yesudas, Sujatha Mohan",8416,778,https://en.msidb.org/s.php?8416,https://en.msidb.org/m.php?778
Ente khalbile (f),Classmates,2006,Kaapi,Alex Paul,Sarath Vayalar,Sujatha Mohan,11069,5189,https://en.msidb.org/s.php?11069,https://en.msidb.org/m.php?5189
Ente khalbile [M],Classmates,2006,Kaapi,Alex Paul,Sarath Vayalar,Vineeth Sreenivasan,11070,5189,https://en.msidb.org/s.php?11070,https://en.msidb.org/m.php?5189
Thathaka thathaka,Vadakkumnathan,2006,Kaapi,Raveendran,Gireesh Puthenchery,"MG Sreekumar, Machad Vasanthi",11200,3625,https://en.msidb.org/s.php?11200,https://en.msidb.org/m.php?3625
Ishtamalle Ishtamalle,Chocolate,2007,Kaapi,Alex Paul,Sarath Vayalar,Shahabaz Aman,14693,6046,https://en.msidb.org/s.php?14693,https://en.msidb.org/m.php?6046
Muttathe [D],Maayaavi,2007,Kaapi,Alex Paul,Sarath Vayalar,"KJ Yesudas, Manjari",15859,5805,https://en.msidb.org/s.php?15859,https://en.msidb.org/m.php?5805
Muttathe [F],Maayaavi,2007,Kaapi,Alex Paul,Sarath Vayalar,Manjari,12809,5805,https://en.msidb.org/s.php?12809,https://en.msidb.org/m.php?5805
Muttathe-M,Maayaavi,2007,Kaapi,Alex Paul,Sarath Vayalar,KJ Yesudas,12808,5805,https://en.msidb.org/s.php?12808,https://en.msidb.org/m.php?5805
Kaanaakkuyilin [M],College Kumaaran,2008,Kaapi,Ouseppachan,Shibu Chakravarthy,G Venugopal,15551,6031,https://en.msidb.org/s.php?15551,https://en.msidb.org/m.php?6031
Kaanakkuyilin [F],College Kumaaran,2008,Kaapi,Ouseppachan,Shibu Chakravarthy,Shweta Mohan,15549,6031,https://en.msidb.org/s.php?15549,https://en.msidb.org/m.php?6031
Kuzhaloothum Poonthennale,Bhramaram,2009,Kaapi,Mohan Sithara,Anil Panachooran,"G Venugopal, Sujatha Mohan",189825,6581,https://en.msidb.org/s.php?189825,https://en.msidb.org/m.php?6581
Kuzhaloothum Poonthennale,Bhramaram,2009,Kaapi,Mohan Sithara,Anil Panachooran,G Venugopal,189827,6581,https://en.msidb.org/s.php?189827,https://en.msidb.org/m.php?6581
Anuraaga Vilochananaayi,Neelathaamara,2009,Kaapi,Vidyasagar,Sarath Vayalar,"Shreekumar Vakkiyil, Shreya Ghoshal",190228,6625,https://en.msidb.org/s.php?190228,https://en.msidb.org/m.php?6625
Intha Soukhya,Neelathaamara,2009,Kaapi,Vidyasagar,Traditional (Thyagaraja),Cherthala Ranganatha Sarma,190473,6625,https://en.msidb.org/s.php?190473,https://en.msidb.org/m.php?6625
Aathira Kudilil,Apoorvaraagam,2010,Kaapi,Vidyasagar,Santhosh Varma,Soumya Ramakrishnan,190929,6712,https://en.msidb.org/s.php?190929,https://en.msidb.org/m.php?6712
Paattil Ee Paattil,Pranayam,2011,Kaapi,M Jayachandran,ONV Kurup,P Jayachandran,193094,6928,https://en.msidb.org/s.php?193094,https://en.msidb.org/m.php?6928
Paattil Ee Paattil,Pranayam,2011,Kaapi,M Jayachandran,ONV Kurup,Shreya Ghoshal,193096,6928,https://en.msidb.org/s.php?193096,https://en.msidb.org/m.php?6928
Pashyathi Dishi,Idavappaathi - No Mans Land,2016,Kaapi,Ramesh Narayan,Jayadevar,Madhushree Narayan,1954602,7018,https://en.msidb.org/s.php?1954602,https://en.msidb.org/m.php?7018
Medapponnaniyum,Devaasuram,1993,Kadana Kudoohalam,MG Radhakrishnan,Gireesh Puthenchery,"MG Sreekumar, B Arundhathi",10318,5052,https://en.msidb.org/s.php?10318,https://en.msidb.org/m.php?5052
Raghuvamsa Sudhaambudi,Anna,1995,Kadana Kudoohalam,Ouseppachan,Traditional (Pattanam Subrahmanya Iyer),KJ Yesudas,13078,5220,https://en.msidb.org/s.php?13078,https://en.msidb.org/m.php?5220
Raghuvamsha,Symphony,2004,Kadana Kudoohalam,Deepak Dev,Kaithapram,Nikhil,8458,3006,https://en.msidb.org/s.php?8458,https://en.msidb.org/m.php?3006
Shaarada Rajanee,Panchathanthram,1974,Kalavathi,G Devarajan,Sreekumaran Thampi,KJ Yesudas,3258,4763,https://en.msidb.org/s.php?3258,https://en.msidb.org/m.php?4763
Ennadu Soothuno,Sree Thyagaraja,1981,Kalavathi,KV Mahadevan,Traditional (Thyagaraja),SP Balasubrahmanyam,6074,3020,https://en.msidb.org/s.php?6074,https://en.msidb.org/m.php?3020
Mainaakam Kadalil ninnuyarunnuvo,Thrishna,1981,Kalavathi,Shyam,Bichu Thirumala,KJ Yesudas,6045,1084,https://en.msidb.org/s.php?6045,https://en.msidb.org/m.php?1084
Kalaavathi,Aananda Bhairavi,2007,Kalavathi,Veena Parthasarathy,Traditional (Muthuswamy Dikshithar),Arjun Krishna,13115,5505,https://en.msidb.org/s.php?13115,https://en.msidb.org/m.php?5505
Aakaasham Bhoomiye,Bhaaryamaar Sookshikkuka,1968,Kalyana Vasantham,V Dakshinamoorthy,Sreekumaran Thampi,KJ Yesudas,1204,1612,https://en.msidb.org/s.php?1204,https://en.msidb.org/m.php?1612
Nalanda Thakshashila [M],Vidyarthikale Ithile Ithile,1972,Kalyana Vasantham,MB Sreenivasan,Vayalar Ramavarma,KJ Yesudas,2682,965,https://en.msidb.org/s.php?2682,https://en.msidb.org/m.php?965
Vilaasalolupayaayi,Sreemad Bhagavadgeetha,1977,Kalyana Vasantham,V Dakshinamoorthy,P Bhaskaran,"P Jayachandran, P Susheela",4105,1568,https://en.msidb.org/s.php?4105,https://en.msidb.org/m.php?1568
Enthinu Swarnamayoora,Kanyaka,1978,Kalyana Vasantham,MK Arjunan,Pappanamkodu Lakshmanan,"KJ Yesudas, Vani Jairam",4571,4079,https://en.msidb.org/s.php?4571,https://en.msidb.org/m.php?4079
Shilpakalaa Devathaykku,Moham enna pakshi,1979,Kalyana Vasantham,MK Arjunan,ONV Kurup,KJ Yesudas,13180,5640,https://en.msidb.org/s.php?13180,https://en.msidb.org/m.php?5640
Nin neela nayanangal,Thennal Thedunna Poovu,1984,Kalyana Vasantham,MS Viswanathan,Mankombu Gopalakrishnan,"KJ Yesudas, S Janaki",8001,3115,https://en.msidb.org/s.php?8001,https://en.msidb.org/m.php?3115
Ambalappoove Nin,Kayyum Thalayum Purathidaruthu,1985,Kalyana Vasantham,Raveendran,Poovachal Khader,S Janaki,6608,5013,https://en.msidb.org/s.php?6608,https://en.msidb.org/m.php?5013
Ninne rathiyennu,Ariyaatha Bandham,1986,Kalyana Vasantham,MS Viswanathan,Poovachal Khader,"KJ Yesudas, KS Chithra",7681,4373,https://en.msidb.org/s.php?7681,https://en.msidb.org/m.php?4373
Karukayum thumbayum,Brahmarakshassu,1990,Kalyana Vasantham,Raveendran,Gireesh Puthenchery,KS Chithra,5468,3597,https://en.msidb.org/s.php?5468,https://en.msidb.org/m.php?3597
Devi paadam,Kuttettan,1990,Kalyana Vasantham,Raveendran,Kaithapram,KS Chithra,5422,2025,https://en.msidb.org/s.php?5422,https://en.msidb.org/m.php?2025
Panineerin Manamulla,Grihapravesham,1992,Kalyana Vasantham,S Balakrishnan,ONV Kurup,"KJ Yesudas, Chorus",12456,2382,https://en.msidb.org/s.php?12456,https://en.msidb.org/m.php?2382
Shyaamasandhye Sooryanevide,Saagaram saakshi,1994,Kalyana Vasantham,Sharreth,Kaithapram,"KJ Yesudas, Chorus",10094,3205,https://en.msidb.org/s.php?10094,https://en.msidb.org/m.php?3205
Keli Vipinam [F],Maanthrikam,1995,Kalyana Vasantham,SP Venkitesh,ONV Kurup,KS Chithra,9962,4852,https://en.msidb.org/s.php?9962,https://en.msidb.org/m.php?4852
Keli Vipinam [M],Maanthrikam,1995,Kalyana Vasantham,SP Venkitesh,ONV Kurup,Biju Narayanan,14910,4852,https://en.msidb.org/s.php?14910,https://en.msidb.org/m.php?4852
Then nilaavil,Thaalolam,1998,Kalyana Vasantham,Kaithapram,Kaithapram,Sudeep Kumar,9550,718,https://en.msidb.org/s.php?9550,https://en.msidb.org/m.php?718
Then nilaavil (F),Thaalolam,1998,Kalyana Vasantham,Kaithapram,Kaithapram,Sujatha Mohan,14909,718,https://en.msidb.org/s.php?14909,https://en.msidb.org/m.php?718
Raasakeliyaamam,Thankathoni,2000,Kalyana Vasantham,Pappan,Joffy Tharakan,PV Musthafa,14912,2422,https://en.msidb.org/s.php?14912,https://en.msidb.org/m.php?2422
Enthennariyaatha,Theerthaadanam,2001,Kalyana Vasantham,Kaithapram,Kaithapram,KS Chithra,9021,4911,https://en.msidb.org/s.php?9021,https://en.msidb.org/m.php?4911
Yamuna Sangeetham,Sound of Boot,2008,Kalyana Vasantham,Ishaan Dev,Sarath Vayalar,KS Chithra,15746,6092,https://en.msidb.org/s.php?15746,https://en.msidb.org/m.php?6092
Yaathra Pokunnu,Swapna Sanchaari,2011,Kalyana Vasantham,M Jayachandran,Rafeeq Ahamed,Madhu Balakrishnan,193337,6962,https://en.msidb.org/s.php?193337,https://en.msidb.org/m.php?6962
Parama Guruve,Balan,1938,Kalyani,"KK Aroor, Ibrahim",Muthukulam Raghavan Pillai,Uncategorized,14240,1204,https://en.msidb.org/s.php?14240,https://en.msidb.org/m.php?1204
Ksheeraambudhi,Prahlaada,1941,Kalyani,Vidwan VS Parthasarathy Ayyankar,K Madhava Warrier,Chorus,2144,181,https://en.msidb.org/s.php?2144,https://en.msidb.org/m.php?181
Paramapurusha Nin,Prahlaada,1941,Kalyani,Vidwan VS Parthasarathy Ayyankar,K Madhava Warrier,-,2128,181,https://en.msidb.org/s.php?2128,https://en.msidb.org/m.php?181
Arabikkadalile,Nirmala,1948,Kalyani,PS Divakar,G Sankara Kurup,TK Govindarao,16563,3395,https://en.msidb.org/s.php?16563,https://en.msidb.org/m.php?3395
Jeevithaanandam Tharum,Chandrika,1950,Kalyani,Govindarajulu Naidu,Thumbaman Padmanabhan Kutty,P Leela,1564,3270,https://en.msidb.org/s.php?1564,https://en.msidb.org/m.php?3270
Aananda Gaanam Paadi,Navalokam,1951,Kalyani,V Dakshinamoorthy,P Bhaskaran,Kaviyoor Revamma,14922,4821,https://en.msidb.org/s.php?14922,https://en.msidb.org/m.php?4821
Malayala malarvaadiye,Navalokam,1951,Kalyani,V Dakshinamoorthy,P Bhaskaran,Kaviyoor Revamma,1584,4821,https://en.msidb.org/s.php?1584,https://en.msidb.org/m.php?4821
Shivakaameshwaree Chinthaye,Kaanchana,1952,Kalyani,SM Subbaiah Naidu,Traditional (Muthuswamy Dikshithar),ML Vasanthakumari,13011,3648,https://en.msidb.org/s.php?13011,https://en.msidb.org/m.php?3648
Vaasudevakeerthanam [Vaasavathi],Bhaagyajaathakam,1962,Kalyani,MS Baburaj,Traditional (Thyagaraja),"KJ Yesudas, Paramasivam",158,4137,https://en.msidb.org/s.php?158,https://en.msidb.org/m.php?4137
Murali Mohana Krishna,Puthiya Aakaasham Puthiya Bhoomi,1962,Kalyani,MB Sreenivasan,P Bhaskaran,"P Leela, Kaviyoor Revamma",2097,1838,https://en.msidb.org/s.php?2097,https://en.msidb.org/m.php?1838
Thaliritta Kinaakkal,Moodupadam,1963,Kalyani,MS Baburaj,P Bhaskaran,S Janaki,209,2158,https://en.msidb.org/s.php?209,https://en.msidb.org/m.php?2158
Chithrakaarante hridayam,Jail,1966,Kalyani,G Devarajan,Vayalar Ramavarma,P Susheela,686,1068,https://en.msidb.org/s.php?686,https://en.msidb.org/m.php?1068
Ambiliye Arikilonnu,Indulekha,1967,Kalyani,V Dakshinamoorthy,Pappanamkodu Lakshmanan,"Kamukara Purushothaman, P Leela",835,2131,https://en.msidb.org/s.php?835,https://en.msidb.org/m.php?2131
Baalyakaalasakhi,Kudumbam,1967,Kalyani,R Sudarsanam,Vayalar Ramavarma,"KJ Yesudas, S Janaki",901,643,https://en.msidb.org/s.php?901,https://en.msidb.org/m.php?643
Nagaram Nagaram,Nagarame Nandi,1967,Kalyani,K Raghavan,P Bhaskaran,KJ Yesudas,971,2988,https://en.msidb.org/s.php?971,https://en.msidb.org/m.php?2988
Chirichukondodi,Sheelaavathi,1967,Kalyani,G Devarajan,P Bhaskaran,KJ Yesudas,855,3136,https://en.msidb.org/s.php?855,https://en.msidb.org/m.php?3136
Amrithum Thenum,Anchusundarikal,1968,Kalyani,MS Baburaj,Yusufali Kecheri,KJ Yesudas,1166,2978,https://en.msidb.org/s.php?1166,https://en.msidb.org/m.php?2978
Swarnachaamaram Veeshiyethunna,Yakshi,1968,Kalyani,G Devarajan,Vayalar Ramavarma,"KJ Yesudas, P Leela",1136,3130,https://en.msidb.org/s.php?1136,https://en.msidb.org/m.php?3130
Swarnachaamaram Veeshiyethunna (F),Yakshi,1968,Kalyani,G Devarajan,Vayalar Ramavarma,P Leela,1139,3130,https://en.msidb.org/s.php?1139,https://en.msidb.org/m.php?3130
Ethra Chirichaalum,Kannoor Deluxe,1969,Kalyani,V Dakshinamoorthy,Sreekumaran Thampi,KJ Yesudas,1314,1096,https://en.msidb.org/s.php?1314,https://en.msidb.org/m.php?1096
Polthinkalkkala,Kumaarasambhavam,1969,Kalyani,G Devarajan,ONV Kurup,KJ Yesudas,1396,557,https://en.msidb.org/s.php?1396,https://en.msidb.org/m.php?557
Puzhakal Malakal,Nadi,1969,Kalyani,G Devarajan,Vayalar Ramavarma,KJ Yesudas,1360,4480,https://en.msidb.org/s.php?1360,https://en.msidb.org/m.php?4480
Neelakkadambin Poovo,Ningalenne Communistaakki,1970,Kalyani,G Devarajan,Vayalar Ramavarma,KJ Yesudas,2329,1990,https://en.msidb.org/s.php?2329,https://en.msidb.org/m.php?1990
Swarganandini,Lankaadahanam,1971,Kalyani,MS Viswanathan,Sreekumaran Thampi,KJ Yesudas,2461,4387,https://en.msidb.org/s.php?2461,https://en.msidb.org/m.php?4387
Manmadha Pournami,Panchavankaadu,1971,Kalyani,G Devarajan,Vayalar Ramavarma,P Susheela,2546,3133,https://en.msidb.org/s.php?2546,https://en.msidb.org/m.php?3133
Omalaale Kandu Njan,Sindooracheppu,1971,Kalyani,G Devarajan,Yusufali Kecheri,KJ Yesudas,2594,3500,https://en.msidb.org/s.php?2594,https://en.msidb.org/m.php?3500
Kanna Aaromalunnikkanna,Aromalunni,1972,Kalyani,G Devarajan,Vayalar Ramavarma,"KJ Yesudas, P Susheela",2705,1066,https://en.msidb.org/s.php?2705,https://en.msidb.org/m.php?1066
Braahma Muhoorthathil Praanasakhi Nee,Bhaja Govindam,1972,Kalyani,Jaya Vijaya,Bichu Thirumala,KJ Yesudas,12908,5256,https://en.msidb.org/s.php?12908,https://en.msidb.org/m.php?5256
Paavanamadhuraanilaye,Oru Sundariyude Kadha,1972,Kalyani,G Devarajan,Vayalar Ramavarma,"P Jayachandran, Chorus",2754,3386,https://en.msidb.org/s.php?2754,https://en.msidb.org/m.php?3386
Ente Swapnathin,Achaani,1973,Kalyani,G Devarajan,P Bhaskaran,KJ Yesudas,3012,3484,https://en.msidb.org/s.php?3012,https://en.msidb.org/m.php?3484
Nrithyathi Nrithyathi,Chenda,1973,Kalyani,G Devarajan,Vayalar Ramavarma,KJ Yesudas,2970,2099,https://en.msidb.org/s.php?2970,https://en.msidb.org/m.php?2099
Sankalpa Mandapathil,Dharmayudham,1973,Kalyani,G Devarajan,P Bhaskaran,P Jayachandran,3078,3642,https://en.msidb.org/s.php?3078,https://en.msidb.org/m.php?3642
Karppoora Deepathin,Divyadarshanam,1973,Kalyani,MS Viswanathan,Sreekumaran Thampi,"P Jayachandran, B Vasantha",3141,3458,https://en.msidb.org/s.php?3141,https://en.msidb.org/m.php?3458
Sarasa Suvadana,Enippadikal,1973,Kalyani,G Devarajan,Traditional (Swathi Thirunal),"Neyyatinkara Vasudevan, MG Radhakrishnan",2900,4034,https://en.msidb.org/s.php?2900,https://en.msidb.org/m.php?4034
Pralayapayodhiyil,Mazhakkaaru,1973,Kalyani,G Devarajan,Vayalar Ramavarma,KJ Yesudas,3030,930,https://en.msidb.org/s.php?3030,https://en.msidb.org/m.php?930
Pachanottukal,Pachanottukal,1973,Kalyani,MK Arjunan,Sreekumaran Thampi,KP Brahmanandan,3069,2363,https://en.msidb.org/s.php?3069,https://en.msidb.org/m.php?2363
Thrayambakam,Ayalathe Sundari,1974,Kalyani,Shankar Ganesh,Mankombu Gopalakrishnan,KJ Yesudas,3355,3166,https://en.msidb.org/s.php?3355,https://en.msidb.org/m.php?3166
Aa Nimishathinte,Chandrakaantham,1974,Kalyani,MS Viswanathan,Sreekumaran Thampi,S Janaki,3243,1921,https://en.msidb.org/s.php?3243,https://en.msidb.org/m.php?1921
Aa Nimishathinte,Chandrakaantham,1974,Kalyani,MS Viswanathan,Sreekumaran Thampi,KJ Yesudas,3245,1921,https://en.msidb.org/s.php?3245,https://en.msidb.org/m.php?1921
Chanchalamizhi,Nagaram Saagaram,1974,Kalyani,G Devarajan,Sreekumaran Thampi,P Jayachandran,3331,3227,https://en.msidb.org/s.php?3331,https://en.msidb.org/m.php?3227
Yesumaathave,Nathoon,1974,Kalyani,MS Baburaj,Sreekumaran Thampi,S Janaki,3287,3781,https://en.msidb.org/s.php?3287,https://en.msidb.org/m.php?3781
Sapthaswarangal Vidarum,Sapthaswarangal,1974,Kalyani,V Dakshinamoorthy,Sreekumaran Thampi,KP Brahmanandan,3407,798,https://en.msidb.org/s.php?3407,https://en.msidb.org/m.php?798
Swargamandaarappookkal,Vrindaavanam,1974,Kalyani,MK Arjunan,Dr Balakrishnan,KJ Yesudas,3422,5868,https://en.msidb.org/s.php?3422,https://en.msidb.org/m.php?5868
Raksha Daiva [Ividamaaneeshwara],Babumon,1975,Kalyani,MS Viswanathan,Mankombu Gopalakrishnan,"KJ Yesudas, P Jayachandran, Chorus",3737,216,https://en.msidb.org/s.php?3737,https://en.msidb.org/m.php?216
Mannilum Vinnilum,Swaami Ayyappan,1975,Kalyani,G Devarajan,Sreekumaran Thampi,"KJ Yesudas, Chorus",3678,213,https://en.msidb.org/s.php?3678,https://en.msidb.org/m.php?213
Sapthaswarangal Paadum,Amba Ambika Ambaalika,1976,Kalyani,G Devarajan,Sreekumaran Thampi,"P Susheela, P Madhuri, Ambili Rajasekharan",3989,4384,https://en.msidb.org/s.php?3989,https://en.msidb.org/m.php?4384
Neelanabhassil,Nee Ente Lahari,1976,Kalyani,G Devarajan,Sreekumaran Thampi,KJ Yesudas,3997,4537,https://en.msidb.org/s.php?3997,https://en.msidb.org/m.php?4537
Oru Premakavithathan,Ozhukkinethire,1976,Kalyani,MK Arjunan,Sreekumaran Thampi,P Jayachandran,3894,1939,https://en.msidb.org/s.php?3894,https://en.msidb.org/m.php?1939
Srishtithan Soundarya,Srishti,1976,Kalyani,MS Baburaj,ONV Kurup,KJ Yesudas,3819,4347,https://en.msidb.org/s.php?3819,https://en.msidb.org/m.php?4347
Keli Nalinam,Thulavarsham,1976,Kalyani,Salil Chowdhary,Vayalar Ramavarma,KJ Yesudas,3836,2942,https://en.msidb.org/s.php?3836,https://en.msidb.org/m.php?2942
Sundara Swapname,Guruvayoor Kesavan,1977,Kalyani,G Devarajan,P Bhaskaran,"KJ Yesudas, P Leela",4448,4509,https://en.msidb.org/s.php?4448,https://en.msidb.org/m.php?4509
Sankara Digvijayam,Jagadguru Adisankaran,1977,Kalyani,V Dakshinamoorthy,P Bhaskaran,KJ Yesudas,4404,3882,https://en.msidb.org/s.php?4404,https://en.msidb.org/m.php?3882
Aayiram Phanamezhum,Kannappanunni,1977,Kalyani,K Raghavan,P Bhaskaran,KJ Yesudas,4199,5046,https://en.msidb.org/s.php?4199,https://en.msidb.org/m.php?5046
Jnaanappazham,Sreemurukan,1977,Kalyani,G Devarajan,Sreekumaran Thampi,"P Madhuri, P Susheela",4328,75,https://en.msidb.org/s.php?4328,https://en.msidb.org/m.php?75
Ulsavakkodiyetta Keli,Varadakshina,1977,Kalyani,G Devarajan,Sreekumaran Thampi,P Jayachandran,4244,4912,https://en.msidb.org/s.php?4244,https://en.msidb.org/m.php?4912
Marakkaan Kazhiyaatha,Avar Jeevikkunnu,1978,Kalyani,G Devarajan,Yusufali Kecheri,KJ Yesudas,4778,3176,https://en.msidb.org/s.php?4778,https://en.msidb.org/m.php?3176
Raavoru,Kadalkkaakkakal,1978,Kalyani,AT Ummer,Poovachal Khader,S Janaki,12165,5316,https://en.msidb.org/s.php?12165,https://en.msidb.org/m.php?5316
Maanasa Souvarna,Manoradham,1978,Kalyani,V Dakshinamoorthy,P Bhaskaran,KJ Yesudas,4664,3431,https://en.msidb.org/s.php?4664,https://en.msidb.org/m.php?3431
Mangalaathirappookkal,Priyadarshini,1978,Kalyani,MK Arjunan,Vayalar Ramavarma,KJ Yesudas,4599,25,https://en.msidb.org/s.php?4599,https://en.msidb.org/m.php?25
Adimudi Aninjorungi,Randu Janmam,1978,Kalyani,MG Radhakrishnan,Kavalam Narayana Panicker,"KJ Yesudas, S Janaki",4798,4375,https://en.msidb.org/s.php?4798,https://en.msidb.org/m.php?4375
Njaayarum Thinkalum,Randu Penkuttikal,1978,Kalyani,MS Viswanathan,Bichu Thirumala,P Jayachandran,4646,1124,https://en.msidb.org/s.php?4646,https://en.msidb.org/m.php?1124
Poovaadikalil,Vyaamoham,1978,Kalyani,Ilayaraja,Dr Pavithran,"KJ Yesudas, S Janaki",4658,2134,https://en.msidb.org/s.php?4658,https://en.msidb.org/m.php?2134
Poovaadikalil [F],Vyaamoham,1978,Kalyani,Ilayaraja,Dr Pavithran,S Janaki,4661,2134,https://en.msidb.org/s.php?4661,https://en.msidb.org/m.php?2134
Kalyaani amrithatharangini,Idavazhiyile Poocha Mindappoocha,1979,Kalyani,MB Sreenivasan,Yusufali Kecheri,P Jayachandran,5200,4895,https://en.msidb.org/s.php?5200,https://en.msidb.org/m.php?4895
Eeshwara jagadeeshwara,Kannukal,1979,Kalyani,V Dakshinamoorthy,Ravi Vilangan,KJ Yesudas,5139,4772,https://en.msidb.org/s.php?5139,https://en.msidb.org/m.php?4772
Thamburaatti,Krishna Thulasi,1979,Kalyani,MS Baburaj,Kanmani,"Jolly Abraham, Chandni Beebi",14929,5607,https://en.msidb.org/s.php?14929,https://en.msidb.org/m.php?5607
Aadiyushassil,Manushyan,1979,Kalyani,V Dakshinamoorthy,Bharanikkavu Sivakumar,KJ Yesudas,5053,2678,https://en.msidb.org/s.php?5053,https://en.msidb.org/m.php?2678
Kaattukurinjipoovu,Radha Enna Penkutti,1979,Kalyani,Shyam,Devadas,P Jayachandran,5112,1885,https://en.msidb.org/s.php?5112,https://en.msidb.org/m.php?1885
Oru mayilpeeliyaay njan,Aniyaatha Valakal,1980,Kalyani,AT Ummer,Bichu Thirumala,"S Janaki, Bichu Thirumala",5678,4522,https://en.msidb.org/s.php?5678,https://en.msidb.org/m.php?4522
Sapthaswarangalunarnnu,Paalaattu Kunjikkannan,1980,Kalyani,G Devarajan,Yusufali Kecheri,KJ Yesudas,5691,772,https://en.msidb.org/s.php?5691,https://en.msidb.org/m.php?772
Paarvathy Swayamvaram,Raagam Thaanam Pallavi,1980,Kalyani,MK Arjunan,AP Gopalan,KJ Yesudas,5767,693,https://en.msidb.org/s.php?5767,https://en.msidb.org/m.php?693
Dorakuna,Sankaraabharanam,1980,Kalyani,KV Mahadevan,Vetturi Sundararamamoorthy,"SP Balasubrahmanyam, Vani Jairam",13533,843,https://en.msidb.org/s.php?13533,https://en.msidb.org/m.php?843
Prabhaathamenikku nee,Seetha,1980,Kalyani,MK Arjunan,Sreekumaran Thampi,P Jayachandran,5815,5576,https://en.msidb.org/s.php?5815,https://en.msidb.org/m.php?5576
Ambalathulasiyude parishudhi,Swargadevatha,1980,Kalyani,MS Viswanathan,Mankombu Gopalakrishnan,KJ Yesudas,5709,2943,https://en.msidb.org/s.php?5709,https://en.msidb.org/m.php?2943
Hridaya vaathaayanangal,Aarathi,1981,Kalyani,MB Sreenivasan,Sathyan Anthikkad,KJ Yesudas,6053,2279,https://en.msidb.org/s.php?6053,https://en.msidb.org/m.php?2279
Ilam Manjil,Adharangal vithumpunnu,1981,Kalyani,PS Divakar,T Thankappan,"JM Raju, Ambili Rajasekharan",13551,5602,https://en.msidb.org/s.php?13551,https://en.msidb.org/m.php?5602
Noopurametho kadha paranju,Dhanya,1981,Kalyani,Jerry Amaldev,Yusufali Kecheri,Vani Jairam,1414,4882,https://en.msidb.org/s.php?1414,https://en.msidb.org/m.php?4882
Nanu Brovamani,Sree Thyagaraja,1981,Kalyani,KV Mahadevan,Traditional (Bhadrachala Ramadasa),P Susheela,6399,3020,https://en.msidb.org/s.php?6399,https://en.msidb.org/m.php?3020
Devaangane Neeyee,Swarnnappakshikal,1981,Kalyani,Raveendran,Mullanezhi,KJ Yesudas,6039,3963,https://en.msidb.org/s.php?6039,https://en.msidb.org/m.php?3963
Adri Suthaavara,Gaanam,1982,Kalyani,V Dakshinamoorthy,Traditional (Swathi Thirunal),"M Balamuralikrishna, KJ Yesudas, P Susheela",13021,1710,https://en.msidb.org/s.php?13021,https://en.msidb.org/m.php?1710
Prakrithee Prabhaamayi,Ithum Oru Jeevitham,1982,Kalyani,R Somasekharan,Konniyoor Bhas,KJ Yesudas,6258,4033,https://en.msidb.org/s.php?6258,https://en.msidb.org/m.php?4033
Ente Sankalpa mandaakini,Odukkam Thudakkam,1982,Kalyani,G Devarajan,P Bhaskaran,KJ Yesudas,6165,2020,https://en.msidb.org/s.php?6165,https://en.msidb.org/m.php?2020
Enthu Mama Sadanathil,Snehapoorvam Meera,1982,Kalyani,MG Radhakrishnan,Traditional (Swathi Thirunal),"KS Chithra, KS Beena",6361,4068,https://en.msidb.org/s.php?6361,https://en.msidb.org/m.php?4068
Dharma saasthaave,Sree Ayyappanum Vaavarum,1982,Kalyani,AT Ummer,Poovachal Khader,KJ Yesudas,6382,1558,https://en.msidb.org/s.php?6382,https://en.msidb.org/m.php?1558
Choodulla kulirinu,Veedu,1982,Kalyani,G Devarajan,Yusufali Kecheri,"KJ Yesudas, P Madhuri",6417,3018,https://en.msidb.org/s.php?6417,https://en.msidb.org/m.php?3018
Kannan Thante Swanthamalle [D],Raagasangamam,1983,Kalyani,Kishore,Mankombu Gopalakrishnan,"P Jayachandran, P Madhuri",12702,6195,https://en.msidb.org/s.php?12702,https://en.msidb.org/m.php?6195
Kannan Thante Swanthamalle [F],Raagasangamam,1983,Kalyani,Kishore,Mankombu Gopalakrishnan,P Madhuri,12970,6195,https://en.msidb.org/s.php?12970,https://en.msidb.org/m.php?6195
Sogasu Nee [Bit],Sandhyaykkenthinu Sindooram,1984,Kalyani,Shyam,Traditional,M Balamuralikrishna,193568,4747,https://en.msidb.org/s.php?193568,https://en.msidb.org/m.php?4747
Thattathinullil,Thacholi Thankappan,1984,Kalyani,Raveendran,P Bhaskaran,"S Janaki, Chorus",7233,1829,https://en.msidb.org/s.php?7233,https://en.msidb.org/m.php?1829
Kalyaanimulle,Aazhi,1985,Kalyani,Raj Kamal,Bichu Thirumala,P Susheela,6617,1459,https://en.msidb.org/s.php?6617,https://en.msidb.org/m.php?1459
Anuraagini,Oru Kudakkeezhil,1985,Kalyani,Johnson,Poovachal Khader,KJ Yesudas,6682,1126,https://en.msidb.org/s.php?6682,https://en.msidb.org/m.php?1126
Poonkaattinodum,Poomukhappadiyil Ninneyum Kathu,1986,Kalyani,Ilayaraja,Bichu Thirumala,"KJ Yesudas, S Janaki",7840,2055,https://en.msidb.org/s.php?7840,https://en.msidb.org/m.php?2055
Dhoomam vallaatha dhoomam,Naaradan Keralathil,1987,Kalyani,MK Arjunan,P Bhaskaran,KJ Yesudas,7112,339,https://en.msidb.org/s.php?7112,https://en.msidb.org/m.php?339
Maanathe Thattaante,Ponnu,1987,Kalyani,Ouseppachan,P Bhaskaran,KS Chithra,7149,3418,https://en.msidb.org/s.php?7149,https://en.msidb.org/m.php?3418
Devagaanam (F),Ezhuthaan Maranna Kadha,1988,Kalyani,Darsan Raman,S Ramesan Nair,KS Chithra,12129,5133,https://en.msidb.org/s.php?12129,https://en.msidb.org/m.php?5133
Devagaanam Paaduvaanee,Ezhuthaan Maranna Kadha,1988,Kalyani,Darsan Raman,S Ramesan Nair,KJ Yesudas,12128,5133,https://en.msidb.org/s.php?12128,https://en.msidb.org/m.php?5133
Adimalarina Thanne,Indulekha,1988,Kalyani,MB Sreenivasan,Irayimman Thampi,KJ Yesudas,13450,5773,https://en.msidb.org/s.php?13450,https://en.msidb.org/m.php?5773
Thaamarakkili Paadunnu,Moonnaampakkam,1988,Kalyani,Ilayaraja,Sreekumaran Thampi,"MG Sreekumar, KS Chithra, Ilayaraja",8201,4297,https://en.msidb.org/s.php?8201,https://en.msidb.org/m.php?4297
Unarumee Gaanam,Moonnaampakkam,1988,Kalyani,Ilayaraja,Sreekumaran Thampi,"G Venugopal, Chorus",8200,4297,https://en.msidb.org/s.php?8200,https://en.msidb.org/m.php?4297
Swapnamaalinee theerathu,Devadas,1989,Kalyani,K Raghavan,P Bhaskaran,"KJ Yesudas, B Arundhathi",6920,2395,https://en.msidb.org/s.php?6920,https://en.msidb.org/m.php?2395
Araliyum kadaliyum,Jaathakam,1989,Kalyani,R Somasekharan,ONV Kurup,KS Chithra,6960,1472,https://en.msidb.org/s.php?6960,https://en.msidb.org/m.php?1472
Brahma Sangeethame,Kannezhuthi Pottu Thottu,1989,Kalyani,Alleppey Ranganath,Mariamma Philip,Balagopalan Thampi,15235,6084,https://en.msidb.org/s.php?15235,https://en.msidb.org/m.php?6084
Devasabhaathalam,His Highness Abdulla,1990,Kalyani,Raveendran,Kaithapram,"KJ Yesudas, Raveendran, Sharreth",5492,4780,https://en.msidb.org/s.php?5492,https://en.msidb.org/m.php?4780
Poothaalam,Kalikkalam,1990,Kalyani,Johnson,Kaithapram,G Venugopal,5440,1828,https://en.msidb.org/s.php?5440,https://en.msidb.org/m.php?1828
Poothaalam,Kalikkalam,1990,Kalyani,Johnson,Kaithapram,KS Chithra,5441,1828,https://en.msidb.org/s.php?5441,https://en.msidb.org/m.php?1828
Paathimey maranjathenthe,Paavam Paavam Raajakumaaran,1990,Kalyani,Johnson,Kaithapram,KJ Yesudas,5486,3992,https://en.msidb.org/s.php?5486,https://en.msidb.org/m.php?3992
Dhithathatharikidathom (Kaithapoonkatte),Vacation,1990,Kalyani,Raveendran,Yusufali Kecheri,MG Sreekumar,11031,5358,https://en.msidb.org/s.php?11031,https://en.msidb.org/m.php?5358
Poovarambin,Vidyaarambham,1990,Kalyani,Bombay Ravi,Kaithapram,KS Chithra,6564,4447,https://en.msidb.org/s.php?6564,https://en.msidb.org/m.php?4447
Sundari Nee,Bharatham,1991,Kalyani,Raveendran,Traditional (Thyagaraja),"M Balamuralikrishna, KJ Yesudas, Raveendran",192874,2576,https://en.msidb.org/s.php?192874,https://en.msidb.org/m.php?2576
Vaasudeva,Bharatham,1991,Kalyani,Raveendran,Traditional (Thyagaraja),MG Sreekumar,10604,2576,https://en.msidb.org/s.php?10604,https://en.msidb.org/m.php?2576
Hariyum sreeyum,Nettippattam,1991,Kalyani,Johnson,Bichu Thirumala,Balagopalan Thampi,10530,327,https://en.msidb.org/s.php?10530,https://en.msidb.org/m.php?327
Devaanganangal kayyozhinja,Njaan Gandharvan,1991,Kalyani,Johnson,Kaithapram,KJ Yesudas,11221,4411,https://en.msidb.org/s.php?11221,https://en.msidb.org/m.php?4411
Mounam Swaramaay,Aayushkkaalam,1992,Kalyani,Ouseppachan,Kaithapram,KJ Yesudas,11563,7,https://en.msidb.org/s.php?11563,https://en.msidb.org/m.php?7
Mounam Swaramaay,Aayushkkaalam,1992,Kalyani,Ouseppachan,Kaithapram,"KJ Yesudas, KS Chithra",15137,7,https://en.msidb.org/s.php?15137,https://en.msidb.org/m.php?7
Mazhavilkkothumpileri,Adwaitham,1992,Kalyani,MG Radhakrishnan,Kaithapram,"MG Sreekumar, KS Chithra",10481,4111,https://en.msidb.org/s.php?10481,https://en.msidb.org/m.php?4111
Maagha Maasam,Ente Ponnuthamburan,1992,Kalyani,G Devarajan,Sarath Vayalar,"KJ Yesudas, Lekha R Nair",9864,3207,https://en.msidb.org/s.php?9864,https://en.msidb.org/m.php?3207
Kannaadi Aadyamaayen,Sargam,1992,Kalyani,Bombay Ravi,Yusufali Kecheri,KS Chithra,10381,3494,https://en.msidb.org/s.php?10381,https://en.msidb.org/m.php?3494
Kannaadi Aadyamaayen,Sargam,1992,Kalyani,Bombay Ravi,Yusufali Kecheri,KJ Yesudas,12270,3494,https://en.msidb.org/s.php?12270,https://en.msidb.org/m.php?3494
Aalappuzha Pattanathil,Bandhukkal Shathrukkal,1993,Kalyani,Sreekumaran Thampi,Sreekumaran Thampi,KJ Yesudas,10342,2751,https://en.msidb.org/s.php?10342,https://en.msidb.org/m.php?2751
Paathirappaalkadavil,Chenkol,1993,Kalyani,Johnson,Kaithapram,"KJ Yesudas, Sujatha Mohan",10327,4179,https://en.msidb.org/s.php?10327,https://en.msidb.org/m.php?4179
Keli nandana,Ezhuthachan,1993,Kalyani,Raveendran,Kaithapram,"KJ Yesudas, KS Chithra",10189,506,https://en.msidb.org/s.php?10189,https://en.msidb.org/m.php?506
Mere labom pe,Gazal,1993,Kalyani,Bombay Ravi,Yusufali Kecheri,KJ Yesudas,10298,4211,https://en.msidb.org/s.php?10298,https://en.msidb.org/m.php?4211
Sangeethame,Gazal,1993,Kalyani,Bombay Ravi,Yusufali Kecheri,KS Chithra,10297,4211,https://en.msidb.org/s.php?10297,https://en.msidb.org/m.php?4211
Iniyonnupaadu,Golaantharavaartha,1993,Kalyani,Johnson,ONV Kurup,KJ Yesudas,10288,2857,https://en.msidb.org/s.php?10288,https://en.msidb.org/m.php?2857
Shivam Shivadagananaayaka,Paithrukam,1993,Kalyani,SP Venkitesh,Kaithapram,KJ Yesudas,10237,1132,https://en.msidb.org/s.php?10237,https://en.msidb.org/m.php?1132
Shyaamameghavarnnan,Bheeshmaachaarya,1994,Kalyani,SP Venkitesh,Yusufali Kecheri,"KJ Yesudas, KS Chithra",11602,475,https://en.msidb.org/s.php?11602,https://en.msidb.org/m.php?475
Vaishaakhapournamiyo,Parinayam,1994,Kalyani,Bombay Ravi,Yusufali Kecheri,KS Chithra,10125,3618,https://en.msidb.org/s.php?10125,https://en.msidb.org/m.php?3618
Vaishaakhapournamiyo [M],Parinayam,1994,Kalyani,Bombay Ravi,Yusufali Kecheri,KJ Yesudas,15553,3618,https://en.msidb.org/s.php?15553,https://en.msidb.org/m.php?3618
Vaalinmel Poovum,Pavithram,1994,Kalyani,Sharreth,ONV Kurup,"MG Sreekumar, Sujatha Mohan",10118,4110,https://en.msidb.org/s.php?10118,https://en.msidb.org/m.php?4110
Somasama vadane,Vishnu,1994,Kalyani,Raveendran,Bichu Thirumala,"KJ Yesudas, KS Chithra",10041,741,https://en.msidb.org/s.php?10041,https://en.msidb.org/m.php?741
Chinthamane,Aalancheri Thambraakkal,1995,Kalyani,Perumbavoor G Ravindranath,Gireesh Puthenchery,MG Sreekumar,11632,1596,https://en.msidb.org/s.php?11632,https://en.msidb.org/m.php?1596
Kalike,Agrajan,1995,Kalyani,G Devarajan,ONV Kurup,KJ Yesudas,10029,315,https://en.msidb.org/s.php?10029,https://en.msidb.org/m.php?315
Aardramaam Oru,Anna,1995,Kalyani,Ouseppachan,Shibu Chakravarthy,KS Chithra,15930,5220,https://en.msidb.org/s.php?15930,https://en.msidb.org/m.php?5220
Kathivanoor Veerane,Kaliyaattam,1997,Kalyani,Kaithapram,Kaithapram,Kallara Gopan,13903,721,https://en.msidb.org/s.php?13903,https://en.msidb.org/m.php?721
Akkuthikkuthaadaan,Kaliyoonjal,1997,Kalyani,Ilayaraja,Kaithapram,KS Chithra,9755,2614,https://en.msidb.org/s.php?9755,https://en.msidb.org/m.php?2614
Chaithranilaavinte,Oraal Maathram,1997,Kalyani,Johnson,Kaithapram,KJ Yesudas,9710,3933,https://en.msidb.org/s.php?9710,https://en.msidb.org/m.php?3933
Marumozhi Thedum Kilimakale,Super Man,1997,Kalyani,SP Venkitesh,S Ramesan Nair,MG Sreekumar,15708,4443,https://en.msidb.org/s.php?15708,https://en.msidb.org/m.php?4443
Velli nilaa,Varnapakittu,1997,Kalyani,Vidyasagar,Gireesh Puthenchery,"MG Sreekumar, KS Chithra",9672,2196,https://en.msidb.org/s.php?9672,https://en.msidb.org/m.php?2196
Nanda Kumaaranu,Chithrashalabham,1998,Kalyani,Perumbavoor G Ravindranath,Yusufali Kecheri,Bhavana Radhakrishnan,12415,3944,https://en.msidb.org/s.php?12415,https://en.msidb.org/m.php?3944
Nanda Kumaaranu,Chithrashalabham,1998,Kalyani,Perumbavoor G Ravindranath,Yusufali Kecheri,Sudeep Kumar,15621,3944,https://en.msidb.org/s.php?15621,https://en.msidb.org/m.php?3944
Varavaay,Mangalyappallak,1998,Kalyani,Balabhaskar,Gireesh Puthenchery,KJ Yesudas,14146,816,https://en.msidb.org/s.php?14146,https://en.msidb.org/m.php?816
Megha Hamsangal Doothu Poyvarum [Filler],Sooryaputhran,1998,Kalyani,PK Sunil Kumar,Rajeev Alunkal,Sudeep Kumar,12969,4553,https://en.msidb.org/s.php?12969,https://en.msidb.org/m.php?4553
Pakalkkinaavil,Thattakam,1998,Kalyani,Kaithapram,Kaithapram,"KJ Yesudas, Sujatha Mohan",12949,3172,https://en.msidb.org/s.php?12949,https://en.msidb.org/m.php?3172
Kottaarakkettile,Friends,1999,Kalyani,Ilayaraja,RK Damodaran,MG Sreekumar,9482,1155,https://en.msidb.org/s.php?9482,https://en.msidb.org/m.php?1155
Kannil kaashithumba,Dreamz,2000,Kalyani,Vidyasagar,Gireesh Puthenchery,"P Jayachandran, Gayathri Ashokan",9361,2052,https://en.msidb.org/s.php?9361,https://en.msidb.org/m.php?2052
Kukkoo Kukkoo Theevandi,Millenium Stars,2000,Kalyani,Vidyasagar,"Gireesh Puthenchery, Tahir Faraz, Recardo Barrantes","Anand Kumar, Harikrishna",9463,914,https://en.msidb.org/s.php?9463,https://en.msidb.org/m.php?914
Aayilyamnaalil,Aayilyam Naalil,2001,Kalyani,Raveendran,Poovachal Khader,KJ Yesudas,12056,1404,https://en.msidb.org/s.php?12056,https://en.msidb.org/m.php?1404
Kaanumpol,Ishtam,2001,Kalyani,Mohan Sithara,Sachithanandan Puzhangara,KJ Yesudas,9187,1154,https://en.msidb.org/s.php?9187,https://en.msidb.org/m.php?1154
Kaanumpol [D],Ishtam,2001,Kalyani,Mohan Sithara,Sachithanandan Puzhangara,"KJ Yesudas, KS Chithra",15941,1154,https://en.msidb.org/s.php?15941,https://en.msidb.org/m.php?1154
Om Jaya Showre,Bamboo Boys,2002,Kalyani,Thej Manoj,Gireesh Puthenchery,KS Chithra,11247,5377,https://en.msidb.org/s.php?11247,https://en.msidb.org/m.php?5377
Kaadirangi odivarum,CID Moosa,2003,Kalyani,Vidyasagar,Gireesh Puthenchery,"V Devanand, Timmi, Tippu, Premji Amaran",8808,1563,https://en.msidb.org/s.php?8808,https://en.msidb.org/m.php?1563
Praseetha [F],Illathe Kilikkoodu,2003,Kalyani,Raveendran,Yusufali Kecheri,KS Chithra,19091,3820,https://en.msidb.org/s.php?19091,https://en.msidb.org/m.php?3820
Omane,Mizhirandilum,2003,Kalyani,Raveendran,Sarath Vayalar,"KJ Yesudas, Sujatha Mohan",14781,2162,https://en.msidb.org/s.php?14781,https://en.msidb.org/m.php?2162
Omane (M),Mizhirandilum,2003,Kalyani,Raveendran,Sarath Vayalar,KJ Yesudas,8764,2162,https://en.msidb.org/s.php?8764,https://en.msidb.org/m.php?2162
Chittikuruvi,Mullavalliyum Thenmaavum,2003,Kalyani,Ouseppachan,Gireesh Puthenchery,"Unni Menon, Sujatha Mohan",8751,2994,https://en.msidb.org/s.php?8751,https://en.msidb.org/m.php?2994
Thotturummi,Rasikan,2004,Kalyani,Vidyasagar,Gireesh Puthenchery,"V Devanand, Sujatha Mohan",8495,4193,https://en.msidb.org/s.php?8495,https://en.msidb.org/m.php?4193
Thotturummi,Rasikan,2004,Kalyani,Vidyasagar,Gireesh Puthenchery,Sujatha Mohan,19241,4193,https://en.msidb.org/s.php?19241,https://en.msidb.org/m.php?4193
Pulariyil,Runway,2004,Kalyani,Suresh Peters,Gireesh Puthenchery,KS Chithra,8489,4236,https://en.msidb.org/s.php?8489,https://en.msidb.org/m.php?4236
Nijadaasavarada,Chandrolsavam,2005,Kalyani,Traditional (Pattanam Subrahmanya Iyer),Traditional (Pattanam Subrahmanya Iyer),KS Chithra,8330,603,https://en.msidb.org/s.php?8330,https://en.msidb.org/m.php?603
Ponmulam,Chandrolsavam,2005,Kalyani,Vidyasagar,Gireesh Puthenchery,KS Chithra,8331,603,https://en.msidb.org/s.php?8331,https://en.msidb.org/m.php?603
Aayiram poo virinjaal [M],Deepangal Saakshi,2005,Kalyani,Ouseppachan,Yusufali Kecheri,KJ Yesudas,17811,1253,https://en.msidb.org/s.php?17811,https://en.msidb.org/m.php?1253
Aayiram poo virinjal,Deepangal Saakshi,2005,Kalyani,Ouseppachan,Yusufali Kecheri,"KJ Yesudas, KS Chithra",8298,1253,https://en.msidb.org/s.php?8298,https://en.msidb.org/m.php?1253
Ithaloornu Veena,Thanmaathra,2005,Kalyani,Mohan Sithara,Kaithapram,Mohanlal,10994,2501,https://en.msidb.org/s.php?10994,https://en.msidb.org/m.php?2501
Ithaloornu veena,Thanmaathra,2005,Kalyani,Mohan Sithara,Kaithapram,P Jayachandran,10992,2501,https://en.msidb.org/s.php?10992,https://en.msidb.org/m.php?2501
Poonila,Chotta Mumbai,2007,Kalyani,Rahul Raj,Santhosh Varma,"Sangeeth, Sangeetha Srikanth",13310,5845,https://en.msidb.org/s.php?13310,https://en.msidb.org/m.php?5845
Mandaarappoo,Vinodayathra,2007,Kalyani,Ilayaraja,Sarath Vayalar,"Madhu Balakrishnan, Shweta Mohan",13316,5846,https://en.msidb.org/s.php?13316,https://en.msidb.org/m.php?5846
Mandaarappoo,Vinodayathra,2007,Kalyani,Ilayaraja,Sarath Vayalar,Madhu Balakrishnan,13319,5846,https://en.msidb.org/s.php?13319,https://en.msidb.org/m.php?5846
Engu Ninno Vanna,Calcutta News,2008,Kalyani,Debjyothi Mishra,Sarath Vayalar,"Madhu Balakrishnan, KS Chithra, Deb Jyothi Mishra",15437,6105,https://en.msidb.org/s.php?15437,https://en.msidb.org/m.php?6105
Engu Ninno Vannu [F],Calcutta News,2008,Kalyani,Debjyothi Mishra,Sarath Vayalar,"KS Chithra, Deb Jyothi Mishra",15443,6105,https://en.msidb.org/s.php?15443,https://en.msidb.org/m.php?6105
Engu Ninno Vannu [M],Calcutta News,2008,Kalyani,Debjyothi Mishra,Sarath Vayalar,Madhu Balakrishnan,15440,6105,https://en.msidb.org/s.php?15440,https://en.msidb.org/m.php?6105
Mizhithammil [D],Minnaminnikkoottam,2008,Kalyani,Bijibal Maniyil,Anil Panachooran,"Ranjith Govind, Shweta Mohan",16185,6173,https://en.msidb.org/s.php?16185,https://en.msidb.org/m.php?6173
Mizhithammil[F],Minnaminnikkoottam,2008,Kalyani,Bijibal Maniyil,Anil Panachooran,Shweta Mohan,16186,6173,https://en.msidb.org/s.php?16186,https://en.msidb.org/m.php?6173
Kanda Naal Muthal,Positive,2008,Kalyani,Alex Paul,Sarath Vayalar,P Jayachandran,16142,6124,https://en.msidb.org/s.php?16142,https://en.msidb.org/m.php?6124
Neelakkoovala,Kadha Samvidhaanam Kunjacko,2009,Kalyani,M Jayachandran,Gireesh Puthenchery,"Vineeth Sreenivasan, Rajalakshmi Abhiram",19120,6542,https://en.msidb.org/s.php?19120,https://en.msidb.org/m.php?6542
Mazhayaal,Meghatheertham,2009,Kalyani,Sharreth,Gireesh Puthenchery,"Sharreth, KS Chithra",19027,6535,https://en.msidb.org/s.php?19027,https://en.msidb.org/m.php?6535
Maaran Khorasarangal,Balan,1938,Kamboji,"KK Aroor, Ibrahim",Muthukulam Raghavan Pillai,Uncategorized,14243,1204,https://en.msidb.org/s.php?14243,https://en.msidb.org/m.php?1204
Sreeraama Varma Maharaja,Prahlaada,1941,Kamboji,Vidwan VS Parthasarathy Ayyankar,K Madhava Warrier,Uncategorized,2121,181,https://en.msidb.org/s.php?2121,https://en.msidb.org/m.php?181
Maayaamoham Maaraathe,Thaskaraveeran,1957,Kamboji,SM Subbaiah Naidu,Abhayadev,Soolamangalam Rajalakshmi,1911,639,https://en.msidb.org/s.php?1911,https://en.msidb.org/m.php?639
Saandraananthaavabodham [Naaraayaneeyam],Sree Guruvayoorappan,1964,Kamboji,V Dakshinamoorthy,Traditional (Melpathur),V Dakshinamoorthy,14490,4937,https://en.msidb.org/s.php?14490,https://en.msidb.org/m.php?4937
Maavupoothu,Adhyaapika,1968,Kamboji,V Dakshinamoorthy,ONV Kurup,"P Leela, Kalyani Menon, Padma, Renuka",1164,4392,https://en.msidb.org/s.php?1164,https://en.msidb.org/m.php?4392
Sharavanappoykayil Avathaaram,Kumaarasambhavam,1969,Kamboji,G Devarajan,Vayalar Ramavarma,"Kamukara Purushothaman, P Leela",1404,557,https://en.msidb.org/s.php?1404,https://en.msidb.org/m.php?557
Vallabhan Praana vallabhan,Karinizhal,1971,Kamboji,G Devarajan,Vayalar Ramavarma,P Madhuri,2482,2187,https://en.msidb.org/s.php?2482,https://en.msidb.org/m.php?2187
Kaattile Paazhmulam,Vilaykku Vaangiya Veena,1971,Kamboji,V Dakshinamoorthy,P Bhaskaran,KJ Yesudas,2611,1654,https://en.msidb.org/s.php?2611,https://en.msidb.org/m.php?1654
Hare Krishna Hare Krishna,Adyathe Kadha,1972,Kamboji,MK Arjunan,Vayalar Ramavarma,P Susheela,2815,3926,https://en.msidb.org/s.php?2815,https://en.msidb.org/m.php?3926
Udayasoubhagyathaarakayo,Ajnaathavasam,1973,Kamboji,MK Arjunan,Sreekumaran Thampi,"KJ Yesudas, S Janaki, Ayiroor Sadasivan",2890,447,https://en.msidb.org/s.php?2890,https://en.msidb.org/m.php?447
Praananaadhanenikku Nalkiya,Enippadikal,1973,Kamboji,G Devarajan,Traditional (Irayimman Thampi),P Madhuri,2899,4034,https://en.msidb.org/s.php?2899,https://en.msidb.org/m.php?4034
Ashtamipoothinkale,Alakal,1974,Kamboji,V Dakshinamoorthy,Mankombu Gopalakrishnan,KJ Yesudas,3322,267,https://en.msidb.org/s.php?3322,https://en.msidb.org/m.php?267
Kanakasimhaasanathil,Arakkallan Mukkaalkkallan,1974,Kamboji,V Dakshinamoorthy,P Bhaskaran,"KJ Yesudas, P Jayachandran",3426,3046,https://en.msidb.org/s.php?3426,https://en.msidb.org/m.php?3046
Shakthimayam Shiva Shakthimayam,Devi Kanyaakumaari,1974,Kamboji,G Devarajan,Vayalar Ramavarma,KJ Yesudas,3384,1291,https://en.msidb.org/s.php?3384,https://en.msidb.org/m.php?1291
Swarangal Nin Priya,Kanyaadaanam,1976,Kamboji,MK Arjunan,Sreekumaran Thampi,P Jayachandran,3961,1908,https://en.msidb.org/s.php?3961,https://en.msidb.org/m.php?1908
Kaayaampoo Varnnante,Kenalum Collectorum,1976,Kamboji,G Devarajan,Mankombu Gopalakrishnan,P Madhuri,3994,2273,https://en.msidb.org/s.php?3994,https://en.msidb.org/m.php?2273
Vaarmudi Pinnitharaam,Bhaaryaavijayam,1977,Kamboji,MK Arjunan,Sreekumaran Thampi,KP Brahmanandan,4395,3096,https://en.msidb.org/s.php?4395,https://en.msidb.org/m.php?3096
Thiruvaakacharthinu,Vezhambal (Ahalyamoksham),1977,Kamboji,MK Arjunan,Vayalar Ramavarma,Jency,4375,4599,https://en.msidb.org/s.php?4375,https://en.msidb.org/m.php?4599
Surapadhamo,Karnan,1978,Kamboji,V Dakshinamoorthy,Panicker Varappuzha,"Vani Jairam, Ambili Rajasekharan",13128,5608,https://en.msidb.org/s.php?13128,https://en.msidb.org/m.php?5608
Naagendra haaraaya [Slokam],Bhaktha Hanumaan,1980,Kamboji,V Dakshinamoorthy,Traditional (Sri Shankaracharyar),KJ Yesudas,189900,2890,https://en.msidb.org/s.php?189900,https://en.msidb.org/m.php?2890
Sringaara Devatha,Sreemaan Sreemathi,1981,Kamboji,G Devarajan,Mankombu Gopalakrishnan,P Madhuri,5974,4458,https://en.msidb.org/s.php?5974,https://en.msidb.org/m.php?4458
Aalolam Peeli,Aalolam,1982,Kamboji,Ilayaraja,Kavalam Narayana Panicker,"KJ Yesudas, Kavalam Sreekumar",6289,3865,https://en.msidb.org/s.php?6289,https://en.msidb.org/m.php?3865
Naagendra haaraaya,Sree Ayyappanum Vaavarum,1982,Kamboji,AT Ummer,Traditional (Sri Shankaracharyar),KJ Yesudas,6388,1558,https://en.msidb.org/s.php?6388,https://en.msidb.org/m.php?1558
Praananaadhanenikku Nalkiya,Swaathy Thirunaal,1987,Kamboji,MB Sreenivasan,Traditional (Irayimman Thampi),B Arundhathi,12442,252,https://en.msidb.org/s.php?12442,https://en.msidb.org/m.php?252
Kathirolappanthalorukki,Peruvannaapurathe Visheshangal,1989,Kamboji,Johnson,PK Gopi,"MG Sreekumar, KS Chithra",6925,93,https://en.msidb.org/s.php?6925,https://en.msidb.org/m.php?93
Gaandharvathinu,Ente Ponnuthamburan,1992,Kamboji,G Devarajan,Sarath Vayalar,KJ Yesudas,9863,3207,https://en.msidb.org/s.php?9863,https://en.msidb.org/m.php?3207
Premodaaranaay,Kamaladalam,1992,Kamboji,Raveendran,Kaithapram,"KJ Yesudas, KS Chithra",10434,3791,https://en.msidb.org/s.php?10434,https://en.msidb.org/m.php?3791
Thankanilaa,Snehasaagaram,1992,Kamboji,Johnson,Kaithapram,KS Chithra,12496,2156,https://en.msidb.org/s.php?12496,https://en.msidb.org/m.php?2156
Samayam Manoharam,Ezhuthachan,1993,Kamboji,Raveendran,Kaithapram,"Pradip Somasundaran, Ranjini",10187,506,https://en.msidb.org/s.php?10187,https://en.msidb.org/m.php?506
Saamaja Sanchaarini [F],Parinayam,1994,Kamboji,Bombay Ravi,Yusufali Kecheri,KS Chithra,10126,3618,https://en.msidb.org/s.php?10126,https://en.msidb.org/m.php?3618
Saamaja Sanchaarini [M],Parinayam,1994,Kamboji,Bombay Ravi,Yusufali Kecheri,KJ Yesudas,15552,3618,https://en.msidb.org/s.php?15552,https://en.msidb.org/m.php?3618
Paarvathi Manohari,Thoovalkkottaaram,1996,Kamboji,Johnson,Kaithapram,KJ Yesudas,9814,1145,https://en.msidb.org/s.php?9814,https://en.msidb.org/m.php?1145
Nercha Kunkuma,Mannaadiyaar Penninu Chenkotta Chekkan,1997,Kamboji,Raveendran,PK Gopi,"G Venugopal, Krishnachandran, Chorus",12601,4225,https://en.msidb.org/s.php?12601,https://en.msidb.org/m.php?4225
Shubharaagam Shruthilolam,Snehasindooram,1997,Kamboji,Johnson,Gireesh Puthenchery,KJ Yesudas,9684,4386,https://en.msidb.org/s.php?9684,https://en.msidb.org/m.php?4386
Thei Oru Thenavayal (Bambaattu Hudugi),Chandranudikkunna Dikkil,1999,Kamboji,Vidyasagar,S Ramesan Nair,"SP Balasubrahmanyam, MG Sreekumar, Sujatha Mohan",9513,485,https://en.msidb.org/s.php?9513,https://en.msidb.org/m.php?485
Thei Oru Thenavayal (Bambaattu hudugi),Chandranudikkunna Dikkil,1999,Kamboji,Vidyasagar,S Ramesan Nair,"MG Sreekumar, Sujatha Mohan",9517,485,https://en.msidb.org/s.php?9517,https://en.msidb.org/m.php?485
Vaarmazhaville,Mizhirandilum,2003,Kamboji,Raveendran,Sarath Vayalar,KS Chithra,8763,2162,https://en.msidb.org/s.php?8763,https://en.msidb.org/m.php?2162
Vaarmazhaville,Mizhirandilum,2003,Kamboji,Raveendran,Sarath Vayalar,Sreenivas,14780,2162,https://en.msidb.org/s.php?14780,https://en.msidb.org/m.php?2162
Ilamaan Azhake,Made In USA,2005,Kamboji,Biju Kurian,Rajeev Alunkal,Aparna Rajeev,10905,1687,https://en.msidb.org/s.php?10905,https://en.msidb.org/m.php?1687
Sree Parvathi Bhamini,Thamburaankunnu,2005,Kamboji,Thej Mervin,Gireesh Puthenchery,KJ Yesudas,12959,5290,https://en.msidb.org/s.php?12959,https://en.msidb.org/m.php?5290
Omkaara Thidambulla,Pothen Vava,2006,Kamboji,Alex Paul,Sarath Vayalar,MG Sreekumar,12029,5415,https://en.msidb.org/s.php?12029,https://en.msidb.org/m.php?5415
Malarmanjariyil,Karmayogi,2011,Kamboji,Ouseppachan,Shibu Chakravarthy,"Ranjith Govind, Chinmayi Sripada",193366,6968,https://en.msidb.org/s.php?193366,https://en.msidb.org/m.php?6968
Sruthi Cherumo,Kamboji,2017,Kamboji,M Jayachandran,ONV Kurup,KJ Yesudas,1954595,8173,https://en.msidb.org/s.php?1954595,https://en.msidb.org/m.php?8173
Pannagendra,Gaanamela,1991,Kanakaangi,Raveendran,Sasi Chittanjoor,KJ Yesudas,10585,2309,https://en.msidb.org/s.php?10585,https://en.msidb.org/m.php?2309
Kanakaangi swaravaahini,Sreeraagam,1995,Kanakaangi,Kanhangad Ramachandran,Kaithapram,"KJ Yesudas, Kanhangad Ramachandran",11658,3499,https://en.msidb.org/s.php?11658,https://en.msidb.org/m.php?3499
Hey shingari,Pakalppooram,2002,Kanakaangi,Raveendran,S Ramesan Nair,"P Jayachandran, KS Chithra",8905,4432,https://en.msidb.org/s.php?8905,https://en.msidb.org/m.php?4432
Manmadha,Inspector Garud,2007,Kanakaangi,Alex Paul,Sarath Vayalar,"Vineeth Sreenivasan, Rimi Tomy",12831,5811,https://en.msidb.org/s.php?12831,https://en.msidb.org/m.php?5811
Paathiraakkuyil,De Ingottu Nokkiye,2008,Kanakaangi,M Jayachandran,Vyasan,"Vijay Yesudas, Shweta Mohan",16002,6081,https://en.msidb.org/s.php?16002,https://en.msidb.org/m.php?6081
Oraju Puju,Take It Easy,2018,Kannada Gowla,Rajesh Babu K Sooranad,Traditional (Thyagaraja),Mridula Warrier,1955235,8405,https://en.msidb.org/s.php?1955235,https://en.msidb.org/m.php?8405
Kadalaasu Vanchiyeri,Neelakkuyil,1954,Kapi Narayani,K Raghavan,P Bhaskaran,Kozhikode Pushpa,1753,4647,https://en.msidb.org/s.php?1753,https://en.msidb.org/m.php?4647
Kannillaathathu Bhaagyamaayee,Rajani,1981,Karnaranjani,G Devarajan,Vayalar Ramavarma,P Madhuri,15058,5621,https://en.msidb.org/s.php?15058,https://en.msidb.org/m.php?5621
Jalashayyayil [F],My Mothers Laptop,2008,Karnaranjani,Sreevalsan J Menon,Rafeeq Ahamed,Kalyani Menon,16113,6123,https://en.msidb.org/s.php?16113,https://en.msidb.org/m.php?6123
Harinaakshi,Kaliyachan,2015,Karnaranjani,Bijibal Maniyil,Rafeeq Ahamed,Bijibal Maniyil,1954171,7336,https://en.msidb.org/s.php?1954171,https://en.msidb.org/m.php?7336
Raaro Raaro (Thaaraattu),Maamaankam,2019,Karnaranjani,M Jayachandran,Ajay Gopal,Bombay Jayashri,1957367,8635,https://en.msidb.org/s.php?1957367,https://en.msidb.org/m.php?8635
Ne Nenthu,Kudumbasametham,1992,Karnataka Bihag,Johnson,Traditional (Thyagaraja),Madhurai GS Mani,10424,4053,https://en.msidb.org/s.php?10424,https://en.msidb.org/m.php?4053
Ammathaan Paarilaalambame,Amma,1952,Karnataka Devagandhari,V Dakshinamoorthy,P Bhaskaran,Kaviyoor Revamma,2017,4654,https://en.msidb.org/s.php?2017,https://en.msidb.org/m.php?4654
Suma Sayaka,Swaathy Thirunaal,1987,Karnataka Kaapi,MB Sreenivasan,Traditional (Swathi Thirunal),B Arundhathi,7119,252,https://en.msidb.org/s.php?7119,https://en.msidb.org/m.php?252
Sumasaayaka,Kochu Kochu Santhoshangal,2000,Karnataka Kaapi,Ilayaraja,Traditional (Swathi Thirunal),"Kallara Gopan, Geetha Devi",9320,1768,https://en.msidb.org/s.php?9320,https://en.msidb.org/m.php?1768
Chandrabimbathin,Snehaveedu,2011,Karnataka Khamas,Ilayaraja,Rafeeq Ahamed,"Rahul Nambiar, Shweta Mohan",193230,6942,https://en.msidb.org/s.php?193230,https://en.msidb.org/m.php?6942
Ashtamudikkaayalile,Manavaatti,1964,Kedar,G Devarajan,Vayalar Ramavarma,"KJ Yesudas, P Leela",315,3363,https://en.msidb.org/s.php?315,https://en.msidb.org/m.php?3363
Enthinee Chilankakal,Karuna,1966,Kedar,G Devarajan,ONV Kurup,P Susheela,777,2903,https://en.msidb.org/s.php?777,https://en.msidb.org/m.php?2903
Kavilathe Kanneer Kandu,Anweshichu Kandethiyilla,1967,Kedar,MS Baburaj,P Bhaskaran,S Janaki,948,3101,https://en.msidb.org/s.php?948,https://en.msidb.org/m.php?3101
Chakravarthini Ninakku,Chembarathi,1972,Kedar,G Devarajan,Vayalar Ramavarma,KJ Yesudas,2738,3591,https://en.msidb.org/s.php?2738,https://en.msidb.org/m.php?3591
Chakravarthini Ninakku,Chembarathi,1972,Kedar,G Devarajan,Vayalar Ramavarma,P Madhuri,2739,3591,https://en.msidb.org/s.php?2739,https://en.msidb.org/m.php?3591
Hridayageethamaay,Ammakkilikoodu,2003,Kedar,Raveendran,Kaithapram,P Susheela,11793,1782,https://en.msidb.org/s.php?11793,https://en.msidb.org/m.php?1782
Hridayageethamaay,Ammakkilikoodu,2003,Kedar,Raveendran,Kaithapram,MG Sreekumar,11797,1782,https://en.msidb.org/s.php?11797,https://en.msidb.org/m.php?1782
Paramapurusha Nin,Prahlaada,1941,Kedara Gowla,Vidwan VS Parthasarathy Ayyankar,K Madhava Warrier,-,2128,181,https://en.msidb.org/s.php?2128,https://en.msidb.org/m.php?181
Arabikkadalile,Nirmala,1948,Kedara Gowla,PS Divakar,G Sankara Kurup,TK Govindarao,16563,3395,https://en.msidb.org/s.php?16563,https://en.msidb.org/m.php?3395
Mallaakshee ManiMoule,Pinchuhridayam,1966,Kedara Gowla,V Dakshinamoorthy,P Bhaskaran,"P Leela, AP Komala",672,2773,https://en.msidb.org/s.php?672,https://en.msidb.org/m.php?2773
Aadiyil Malsyamaay,Sree Guruvayoorappan,1972,Kedara Gowla,V Dakshinamoorthy,ONV Kurup,KJ Yesudas,2785,790,https://en.msidb.org/s.php?2785,https://en.msidb.org/m.php?790
Thapaswini Unaroo,Neelasaari,1976,Kedara Gowla,V Dakshinamoorthy,Pappanamkodu Lakshmanan,KJ Yesudas,4038,2102,https://en.msidb.org/s.php?4038,https://en.msidb.org/m.php?2102
Aastham Thavadiyam (Maathruvandanam),Jagadguru Adisankaran,1977,Kedara Gowla,V Dakshinamoorthy,Sankaracharyar,KJ Yesudas,13748,3882,https://en.msidb.org/s.php?13748,https://en.msidb.org/m.php?3882
Jagalpraana nandana,Bhaktha Hanumaan,1980,Kedara Gowla,V Dakshinamoorthy,Sreekumaran Thampi,KJ Yesudas,5732,2890,https://en.msidb.org/s.php?5732,https://en.msidb.org/m.php?2890
Bharatha muniyoru kalam varachu,Yavanika,1982,Kedara Gowla,MB Sreenivasan,ONV Kurup,"KJ Yesudas, Selma George, Chorus",6209,2258,https://en.msidb.org/s.php?6209,https://en.msidb.org/m.php?2258
Aandolanam,Sargam,1992,Kedara Gowla,Bombay Ravi,Yusufali Kecheri,"KJ Yesudas, KS Chithra",10384,3494,https://en.msidb.org/s.php?10384,https://en.msidb.org/m.php?3494
Kaakkakkarumban,Ee Puzhayum Kadannu,1996,Kedara Gowla,Johnson,Gireesh Puthenchery,Sujatha Mohan,9662,158,https://en.msidb.org/s.php?9662,https://en.msidb.org/m.php?158
Kaliyaay Nee,Swapaanam,2014,Kedara Gowla,Sreevalsan J Menon,Manoj Kuroor,"Deepu Nair, Meera Ram Mohan",195127,7384,https://en.msidb.org/s.php?195127,https://en.msidb.org/m.php?7384
Madhuramadhuramee,Achan,1952,Kedaram,PS Divakar,Abhayadev,P Leela,1653,115,https://en.msidb.org/s.php?1653,https://en.msidb.org/m.php?115
Mainaakapponmudiyil,Mazhavilkkaavadi,1989,Kedaram,Johnson,Kaithapram,"G Venugopal, Chorus",7000,4284,https://en.msidb.org/s.php?7000,https://en.msidb.org/m.php?4284
Poovidarum,Thilakkam,2003,Kedaram,Kaithapram Viswanath,Kaithapram,KJ Yesudas,8711,4267,https://en.msidb.org/s.php?8711,https://en.msidb.org/m.php?4267
Omane,Boy Friend,2005,Kedaram,M Jayachandran,RK Damodaran,"KK Nishad, Sujatha Mohan, Sivaangi Krishnakumar",11210,5067,https://en.msidb.org/s.php?11210,https://en.msidb.org/m.php?5067
Eno Idayam,Thalsamayam Oru Penkutty,2012,Kedaram,Sharreth,Murukan Kattakkada,"Madhu Balakrishnan, Jinsha K Nanu",193480,6952,https://en.msidb.org/s.php?193480,https://en.msidb.org/m.php?6952
Kshanabhangura,Sthree,1950,Keeravani,BA Chidambaranath,Thikkurissi Sukumaran Nair,Medayil Sukumari,1520,817,https://en.msidb.org/s.php?1520,https://en.msidb.org/m.php?817
Kanne Nukaru Swargasukham,Seetha,1960,Keeravani,V Dakshinamoorthy,Abhayadev,ML Vasanthakumari,20,2530,https://en.msidb.org/s.php?20,https://en.msidb.org/m.php?2530
Njettattu Mannil Veezhuvaan,Lakshyam,1972,Keeravani,MK Arjunan,Sherly,KJ Yesudas,2848,1059,https://en.msidb.org/s.php?2848,https://en.msidb.org/m.php?1059
Ninte Mizhiyil,Arakkallan Mukkaalkkallan,1974,Keeravani,V Dakshinamoorthy,P Bhaskaran,KJ Yesudas,3430,3046,https://en.msidb.org/s.php?3430,https://en.msidb.org/m.php?3046
Thrippankottappa,Thumbolaarcha,1974,Keeravani,G Devarajan,Vayalar Ramavarma,P Susheela,15246,3199,https://en.msidb.org/s.php?15246,https://en.msidb.org/m.php?3199
Nidhiyum Kondu Kadakkunnu,Amma,1976,Keeravani,MK Arjunan,Sreekumaran Thampi,P Jayachandran,3801,5323,https://en.msidb.org/s.php?3801,https://en.msidb.org/m.php?5323
Sathyamaanu daivamennu Paadi,Ozhukkinethire,1976,Keeravani,MK Arjunan,Sreekumaran Thampi,KJ Yesudas,3895,1939,https://en.msidb.org/s.php?3895,https://en.msidb.org/m.php?1939
Sangeethame Nin Poonchirakil,Meen,1980,Keeravani,G Devarajan,Yusufali Kecheri,"KJ Yesudas, Chorus",5696,4754,https://en.msidb.org/s.php?5696,https://en.msidb.org/m.php?4754
Poovaay virinju,Adharvam,1989,Keeravani,Ilayaraja,ONV Kurup,MG Sreekumar,6916,4473,https://en.msidb.org/s.php?6916,https://en.msidb.org/m.php?4473
Oh priye,Geethaanjali,1990,Keeravani,Ilayaraja,Anthikkad Mani,"SP Balasubrahmanyam, KS Chithra",10641,4672,https://en.msidb.org/s.php?10641,https://en.msidb.org/m.php?4672
Raappadippakshikkoottam,Ente Sooryaputhrikku,1991,Keeravani,Ilayaraja,Bichu Thirumala,"KS Chithra, Chorus",10589,1273,https://en.msidb.org/s.php?10589,https://en.msidb.org/m.php?1273
Kamalaambike,Kudumbasametham,1992,Keeravani,Johnson,Kaithapram,"KJ Yesudas, Bombay Jayashri",10420,4053,https://en.msidb.org/s.php?10420,https://en.msidb.org/m.php?4053
En poove,Pappayude Swandam Appus,1992,Keeravani,Ilayaraja,Bichu Thirumala,S Janaki,10394,1929,https://en.msidb.org/s.php?10394,https://en.msidb.org/m.php?1929
Edakkochikkaarathi,Pradakshinam,1994,Keeravani,Raveendran,P Bhaskaran,"KJ Yesudas, Sindhudevi",10108,3539,https://en.msidb.org/s.php?10108,https://en.msidb.org/m.php?3539
Devaraaga doothike,Kaakkaykkum Poochaykkum Kalyaanam,1995,Keeravani,Raveendran,Kaithapram,"KS Chithra, B Arundhathi",9993,3789,https://en.msidb.org/s.php?9993,https://en.msidb.org/m.php?3789
Arivinum Arulinum,April 19,1996,Keeravani,Raveendran,S Ramesan Nair,"Raveendran, GJ Roshni, Chorus",9893,2114,https://en.msidb.org/s.php?9893,https://en.msidb.org/m.php?2114
Aruna kirana,Guru,1997,Keeravani,Ilayaraja,S Ramesan Nair,"KJ Yesudas, Radhika Thilak, Chorus",9771,2404,https://en.msidb.org/s.php?9771,https://en.msidb.org/m.php?2404
Kalyaanappallakkil velippayyan,Kaliyoonjal,1997,Keeravani,Ilayaraja,Kaithapram,Bhavatharani,9753,2614,https://en.msidb.org/s.php?9753,https://en.msidb.org/m.php?2614
Thaimaavin thanalil,Oru Yaathramozhi,1997,Keeravani,Ilayaraja,Gireesh Puthenchery,"MG Sreekumar, KS Chithra",12187,1457,https://en.msidb.org/s.php?12187,https://en.msidb.org/m.php?1457
Manikyakkallaal,Varnapakittu,1997,Keeravani,Vidyasagar,Gireesh Puthenchery,"MG Sreekumar, Swarnalatha",9673,2196,https://en.msidb.org/s.php?9673,https://en.msidb.org/m.php?2196
Pularikkinnam,Friends,1999,Keeravani,Ilayaraja,Kaithapram,"MG Sreekumar, Chandrasekhar",9487,1155,https://en.msidb.org/s.php?9487,https://en.msidb.org/m.php?1155
Aanalla Pennalla Adipoli Vesham,Njangal Santhushtaraanu,1999,Keeravani,Ouseppachan,S Ramesan Nair,MG Sreekumar,14901,1786,https://en.msidb.org/s.php?14901,https://en.msidb.org/m.php?1786
Paanan thudi,Chakkarakkudam,2002,Keeravani,Raveendran,Gireesh Puthenchery,Raveendran,8906,1019,https://en.msidb.org/s.php?8906,https://en.msidb.org/m.php?1019
Marakudayaal,Manassinakkare,2003,Keeravani,Ilayaraja,Gireesh Puthenchery,MG Sreekumar,8574,46,https://en.msidb.org/s.php?8574,https://en.msidb.org/m.php?46
Thaamarakkuruvikku,Achuvinte Amma,2005,Keeravani,Ilayaraja,Gireesh Puthenchery,"Manjari, Chorus",8393,236,https://en.msidb.org/s.php?8393,https://en.msidb.org/m.php?236
Chaanthu kudanjoru,Chaanthu Pottu,2005,Keeravani,Vidyasagar,Sarath Vayalar,"Shahabaz Aman, Sujatha Mohan",8324,194,https://en.msidb.org/s.php?8324,https://en.msidb.org/m.php?194
Thevaaram,Rasathanthram,2006,Keeravani,Ilayaraja,Gireesh Puthenchery,"Vineeth Sreenivasan, Chorus",11173,3448,https://en.msidb.org/s.php?11173,https://en.msidb.org/m.php?3448
Manassiloru Poomala,Innathe Chinthavishayam,2008,Keeravani,Ilayaraja,Gireesh Puthenchery,"Madhu Balakrishnan, Shweta Mohan",15880,6145,https://en.msidb.org/s.php?15880,https://en.msidb.org/m.php?6145
Paattinte Paalkkadavil [F],Living Together,2011,Keeravani,M Jayachandran,Kaithapram,Shreya Ghoshal,192571,6804,https://en.msidb.org/s.php?192571,https://en.msidb.org/m.php?6804
Vellaaram Kunnileri,Swapna Sanchaari,2011,Keeravani,M Jayachandran,Rafeeq Ahamed,"Sudeep Kumar, KS Chithra",193335,6962,https://en.msidb.org/s.php?193335,https://en.msidb.org/m.php?6962
Nee Thirsaa Nagaram,Song of Solomon,2012,Keeravani,Geogy Thomas,Geogy Thomas,Geogy Thomas,194070,7224,https://en.msidb.org/s.php?194070,https://en.msidb.org/m.php?7224
Njaano Raavo,Kammara Sambhavam,2018,Keeravani,Gopi Sundar,Rafeeq Ahamed,"Haricharan Seshadri, Divya S Menon",1956344,8295,https://en.msidb.org/s.php?1956344,https://en.msidb.org/m.php?8295
Kaaminimaar,Balan,1938,Khamas,"KK Aroor, Ibrahim",Muthukulam Raghavan Pillai,Uncategorized,14242,1204,https://en.msidb.org/s.php?14242,https://en.msidb.org/m.php?1204
Aa Lolam Lolam,Jnaanaambika,1940,Khamas,TK Jayarama Iyer,Puthankavu Mathan Tharakan,TI Rose,2118,3911,https://en.msidb.org/s.php?2118,https://en.msidb.org/m.php?3911
Saraseeruhalochana,Prahlaada,1941,Khamas,Vidwan VS Parthasarathy Ayyankar,K Madhava Warrier,-,2139,181,https://en.msidb.org/s.php?2139,https://en.msidb.org/m.php?181
Gaanamohana Hare,Prasanna,1950,Khamas,Jnanamani,Abhayadev,ML Vasanthakumari,1546,2058,https://en.msidb.org/s.php?1546,https://en.msidb.org/m.php?2058
Nandanavaniyil,Kalithozhan,1966,Khamas,G Devarajan,P Bhaskaran,"AM Raja, S Janaki",625,1134,https://en.msidb.org/s.php?625,https://en.msidb.org/m.php?1134
Udayagiri Chuvannu,Ashwamedham,1967,Khamas,G Devarajan,Vayalar Ramavarma,P Susheela,959,653,https://en.msidb.org/s.php?959,https://en.msidb.org/m.php?653
Maayaanadanavihaarini,Kumaarasambhavam,1969,Khamas,G Devarajan,ONV Kurup,"P Leela, Radha Jayalakshmi",1401,557,https://en.msidb.org/s.php?1401,https://en.msidb.org/m.php?557
Mandaakini,Surveykkallu,1976,Khamas,G Devarajan,ONV Kurup,KJ Yesudas,3929,2271,https://en.msidb.org/s.php?3929,https://en.msidb.org/m.php?2271
Ezhaamudayathil,Vayanaadan Thampan,1978,Khamas,G Devarajan,Sasikala Menon,KJ Yesudas,4808,305,https://en.msidb.org/s.php?4808,https://en.msidb.org/m.php?305
Poornendu Raathripol,College Beauty,1979,Khamas,MS Baburaj,Mankombu Gopalakrishnan,KJ Yesudas,5134,1201,https://en.msidb.org/s.php?5134,https://en.msidb.org/m.php?1201
Brochevaarevarura,Sankaraabharanam,1980,Khamas,KV Mahadevan,Mysore Vasudevachari,"SP Balasubrahmanyam, Vani Jairam",10834,843,https://en.msidb.org/s.php?10834,https://en.msidb.org/m.php?843
Kisalaya Shayanathale,Ulsavappittennu,1988,Khamas,G Devarajan,Traditional (Jayadevar),CN Unnikrishnan,8229,4526,https://en.msidb.org/s.php?8229,https://en.msidb.org/m.php?4526
Kusumavadana,Madhu Chandralekha,2006,Khamas,M Jayachandran,Gireesh Puthenchery,"Kavalam Sreekumar, Saraswathy Shankar, Chitra Iyer",11118,744,https://en.msidb.org/s.php?11118,https://en.msidb.org/m.php?744
Chenthar Nermukhi,Kamboji,2017,Khamas,M Jayachandran,ONV Kurup,"Sreevalsan J Menon, KS Chithra",1954597,8173,https://en.msidb.org/s.php?1954597,https://en.msidb.org/m.php?8173
Kalpatharuvin Thanalil,Karuna,1966,Kharahara Priya,G Devarajan,ONV Kurup,"KJ Yesudas, S Janaki, Chorus",778,2903,https://en.msidb.org/s.php?778,https://en.msidb.org/m.php?2903
Sraavana Chandrika,Oru Penninte Kadha,1971,Kharahara Priya,G Devarajan,Vayalar Ramavarma,P Susheela,2426,2714,https://en.msidb.org/s.php?2426,https://en.msidb.org/m.php?2714
Muthinu vendi mungaankuzhi,Swathu,1980,Kharahara Priya,G Devarajan,Kavalam Narayana Panicker,KJ Yesudas,5737,3433,https://en.msidb.org/s.php?5737,https://en.msidb.org/m.php?3433
Iniyenthaano Bhaavam,Prahlaada,1941,Kharaharapriya,Vidwan VS Parthasarathy Ayyankar,K Madhava Warrier,-,2142,181,https://en.msidb.org/s.php?2142,https://en.msidb.org/m.php?181
Udamayum Elimayum,Amma,1952,Kharaharapriya,V Dakshinamoorthy,P Bhaskaran,Ghantasala,1603,4654,https://en.msidb.org/s.php?1603,https://en.msidb.org/m.php?4654
Odakkuzhalum,Chathurangam,1959,Kharaharapriya,G Devarajan,Vayalar Ramavarma,ML Vasanthakumari,1975,1438,https://en.msidb.org/s.php?1975,https://en.msidb.org/m.php?1438
Nale Varunnu Thozhi,Indulekha,1967,Kharaharapriya,V Dakshinamoorthy,Pappanamkodu Lakshmanan,P Leela,837,2131,https://en.msidb.org/s.php?837,https://en.msidb.org/m.php?2131
Premasarvaswame,Swapnabhoomi,1967,Kharaharapriya,G Devarajan,Vayalar Ramavarma,KJ Yesudas,1030,3566,https://en.msidb.org/s.php?1030,https://en.msidb.org/m.php?3566
Utharaaswayamvaram,Danger Biscuit,1969,Kharaharapriya,V Dakshinamoorthy,Sreekumaran Thampi,KJ Yesudas,1370,285,https://en.msidb.org/s.php?1370,https://en.msidb.org/m.php?285
Kannundenkilum,Ezhuthaatha Kadha,1970,Kharaharapriya,V Dakshinamoorthy,Sreekumaran Thampi,KJ Yesudas,2273,2149,https://en.msidb.org/s.php?2273,https://en.msidb.org/m.php?2149
Manohari Nin Manoradhathil,Lottery Ticket,1970,Kharaharapriya,V Dakshinamoorthy,Sreekumaran Thampi,KJ Yesudas,2369,3262,https://en.msidb.org/s.php?2369,https://en.msidb.org/m.php?3262
Asoka Poornima,Marunaattil Oru Malayaali,1971,Kharaharapriya,V Dakshinamoorthy,Sreekumaran Thampi,KJ Yesudas,2554,1385,https://en.msidb.org/s.php?2554,https://en.msidb.org/m.php?1385
Ekaantha Jeevanil,Vilaykku Vaangiya Veena,1971,Kharaharapriya,V Dakshinamoorthy,P Bhaskaran,KJ Yesudas,2612,1654,https://en.msidb.org/s.php?2612,https://en.msidb.org/m.php?1654
Chandra Rasmithan (Happy),Anweshanam,1972,Kharaharapriya,MK Arjunan,Sreekumaran Thampi,P Susheela,2820,1737,https://en.msidb.org/s.php?2820,https://en.msidb.org/m.php?1737
Saamyamakannorudyaaname,Devi,1972,Kharaharapriya,G Devarajan,Vayalar Ramavarma,KJ Yesudas,2659,176,https://en.msidb.org/s.php?2659,https://en.msidb.org/m.php?176
Sandhyaykkenthinu Sindooram,Maaya,1972,Kharaharapriya,V Dakshinamoorthy,Sreekumaran Thampi,P Jayachandran,2664,5028,https://en.msidb.org/s.php?2664,https://en.msidb.org/m.php?5028
Gandharva gaayakaa,Miss Mary,1972,Kharaharapriya,RK Sekhar,Sreekumaran Thampi,P Leela,2767,2972,https://en.msidb.org/s.php?2767,https://en.msidb.org/m.php?2972
Devavaahini,Nrithasaala,1972,Kharaharapriya,V Dakshinamoorthy,Sreekumaran Thampi,KJ Yesudas,2803,3120,https://en.msidb.org/s.php?2803,https://en.msidb.org/m.php?3120
Aadiparaashakthi,Ponnaapuram Kotta,1973,Kharaharapriya,G Devarajan,Vayalar Ramavarma,"KJ Yesudas, PB Sreenivas, P Leela, P Susheela, P Madhuri",2948,3752,https://en.msidb.org/s.php?2948,https://en.msidb.org/m.php?3752
Manohari Manohari,Ragging,1973,Kharaharapriya,MK Arjunan,PJ Antony,KJ Yesudas,2908,2595,https://en.msidb.org/s.php?2908,https://en.msidb.org/m.php?2595
Kaarkoonthal Kettilenthinu,Urvasi Bhaarathi,1973,Kharaharapriya,V Dakshinamoorthy,Thikkurissi Sukumaran Nair,KJ Yesudas,3031,4950,https://en.msidb.org/s.php?3031,https://en.msidb.org/m.php?4950
Pakkaala,Veendum Prabhaatham,1973,Kharaharapriya,V Dakshinamoorthy,Traditional,KJ Yesudas,2982,4741,https://en.msidb.org/s.php?2982,https://en.msidb.org/m.php?4741
Shararaanthal Vilakkin,Alibabayum 41 kallanmaarum,1975,Kharaharapriya,G Devarajan,Vayalar Ramavarma,"LR Eeswari, Chorus",3652,1490,https://en.msidb.org/s.php?3652,https://en.msidb.org/m.php?1490
Chandrodayam Kandu,Sindhu,1975,Kharaharapriya,MK Arjunan,Sreekumaran Thampi,"P Jayachandran, P Susheela",3761,714,https://en.msidb.org/s.php?3761,https://en.msidb.org/m.php?714
Sooryakaanthippoo Chirichu,Light House,1976,Kharaharapriya,MK Arjunan,Sreekumaran Thampi,KJ Yesudas,4043,2585,https://en.msidb.org/s.php?4043,https://en.msidb.org/m.php?2585
Pulayanar Maniyamma,Prasaadam,1976,Kharaharapriya,V Dakshinamoorthy,P Bhaskaran,KJ Yesudas,3848,2094,https://en.msidb.org/s.php?3848,https://en.msidb.org/m.php?2094
Pulayanar Maniyamma,Prasaadam,1976,Kharaharapriya,V Dakshinamoorthy,P Bhaskaran,S Janaki,3849,2094,https://en.msidb.org/s.php?3849,https://en.msidb.org/m.php?2094
Kaamadevanenikku Thanna,Bhaaryaavijayam,1977,Kharaharapriya,MK Arjunan,Sreekumaran Thampi,P Jayachandran,4399,3096,https://en.msidb.org/s.php?4399,https://en.msidb.org/m.php?3096
Chiriyo Chiri,Kaduvaye Pidicha Kiduva,1977,Kharaharapriya,V Dakshinamoorthy,Sreekumaran Thampi,KJ Yesudas,4180,1657,https://en.msidb.org/s.php?4180,https://en.msidb.org/m.php?1657
Chandrakumarikku,Vezhambal (Ahalyamoksham),1977,Kharaharapriya,MK Arjunan,Vayalar Ramavarma,"KP Brahmanandan, Pattanakkad Purushothaman",4374,4599,https://en.msidb.org/s.php?4374,https://en.msidb.org/m.php?4599
Vanaraajamallikal,Aanakkalari,1978,Kharaharapriya,MK Arjunan,Sreekumaran Thampi,KJ Yesudas,4902,1882,https://en.msidb.org/s.php?4902,https://en.msidb.org/m.php?1882
Mayakkathin Chirakukal,Iniyaval Urangatte,1978,Kharaharapriya,MK Arjunan,Poovachal Khader,Ambili Rajasekharan,4906,3243,https://en.msidb.org/s.php?4906,https://en.msidb.org/m.php?3243
Hasthinapuriyude,Karnan,1978,Kharaharapriya,V Dakshinamoorthy,Bichu Thirumala,P Susheela,13126,5608,https://en.msidb.org/s.php?13126,https://en.msidb.org/m.php?5608
Thiruthirumaaran,Rathinirvedam,1978,Kharaharapriya,G Devarajan,Kavalam Narayana Panicker,KJ Yesudas,4629,318,https://en.msidb.org/s.php?4629,https://en.msidb.org/m.php?318
Peraalum Kunnin Mel,Ward Number 7,1979,Kharaharapriya,G Devarajan,Chirayinkeezhu Ramakrishnan Nair,P Jayachandran,5201,4318,https://en.msidb.org/s.php?5201,https://en.msidb.org/m.php?4318
Anuvaadamillaathe akathu vannu,Puzha,1980,Kharaharapriya,MK Arjunan,P Bhaskaran,KJ Yesudas,5715,254,https://en.msidb.org/s.php?5715,https://en.msidb.org/m.php?254
Ilakkili Ilakkili,Swarangal Swapnangal,1981,Kharaharapriya,G Devarajan,AP Gopalan,KJ Yesudas,5912,1209,https://en.msidb.org/s.php?5912,https://en.msidb.org/m.php?1209
Chakkini Raaja [Bit],Ente Mohangal Poovaninju,1982,Kharaharapriya,V Dakshinamoorthy,Traditional (Thyagaraja),"M Balamuralikrishna, S Janaki",189838,890,https://en.msidb.org/s.php?189838,https://en.msidb.org/m.php?890
Chembaka pushpa,Yavanika,1982,Kharaharapriya,MB Sreenivasan,ONV Kurup,KJ Yesudas,6212,2258,https://en.msidb.org/s.php?6212,https://en.msidb.org/m.php?2258
Chakravarthi,Enganeyundashaane,1984,Kharaharapriya,Raveendran,Balu Kiriyath,"KJ Yesudas, Raveendran",8054,3296,https://en.msidb.org/s.php?8054,https://en.msidb.org/m.php?3296
Poonkaatte poyi,Shyaama,1986,Kharaharapriya,Raghu Kumar,Shibu Chakravarthy,"Unni Menon, KS Chithra",7943,4688,https://en.msidb.org/s.php?7943,https://en.msidb.org/m.php?4688
Panineerkkulir Mazhapol Mizhineer Thookum,Maanasa Maine Varu,1987,Kharaharapriya,Shankar Ganesh,Vayalar Madhavankutty,KJ Yesudas,7155,3656,https://en.msidb.org/s.php?7155,https://en.msidb.org/m.php?3656
Aayiram Maunangalkkullil,Aalilakkuruvikal,1988,Kharaharapriya,Mohan Sithara,Bichu Thirumala,KJ Yesudas,8192,787,https://en.msidb.org/s.php?8192,https://en.msidb.org/m.php?787
Puliyilakkarayolum,Jaathakam,1989,Kharaharapriya,R Somasekharan,ONV Kurup,KJ Yesudas,6959,1472,https://en.msidb.org/s.php?6959,https://en.msidb.org/m.php?1472
Oraayiram kinaakkalal,Raamji Rao Speaking,1989,Kharaharapriya,S Balakrishnan,Bichu Thirumala,"MG Sreekumar, Unni Menon, CO Anto, KS Chithra, Chorus",6954,2860,https://en.msidb.org/s.php?6954,https://en.msidb.org/m.php?2860
Kannaadikkayyil,Paavam Paavam Raajakumaaran,1990,Kharaharapriya,Johnson,Kaithapram,KS Chithra,5485,3992,https://en.msidb.org/s.php?5485,https://en.msidb.org/m.php?3992
Nrithyathi nrithyathi,Raadha Maadhavam,1990,Kharaharapriya,Vidyadharan,ONV Kurup,MG Sreekumar,5403,2437,https://en.msidb.org/s.php?5403,https://en.msidb.org/m.php?2437
Malayali,Bandhukkal Shathrukkal,1993,Kharaharapriya,Sreekumaran Thampi,Sreekumaran Thampi,KJ Yesudas,10343,2751,https://en.msidb.org/s.php?10343,https://en.msidb.org/m.php?2751
Aamballoor ambalathil,Maayamayooram,1993,Kharaharapriya,Raghu Kumar,Gireesh Puthenchery,KJ Yesudas,10250,1264,https://en.msidb.org/s.php?10250,https://en.msidb.org/m.php?1264
Sree raagamo,Pavithram,1994,Kharaharapriya,Sharreth,ONV Kurup,KJ Yesudas,10124,4110,https://en.msidb.org/s.php?10124,https://en.msidb.org/m.php?4110
Swarajathi Paadum,Vaarabhalam,1994,Kharaharapriya,Mohan Sithara,Bichu Thirumala,KJ Yesudas,12513,910,https://en.msidb.org/s.php?12513,https://en.msidb.org/m.php?910
Swarajathi Paadum,Vaarabhalam,1994,Kharaharapriya,Mohan Sithara,Bichu Thirumala,KS Chithra,12569,910,https://en.msidb.org/s.php?12569,https://en.msidb.org/m.php?910
Kunjikkuyil,Malayala Maasam Chingam Onninu,1996,Kharaharapriya,Raveendran,Gireesh Puthenchery,Biju Narayanan,11677,499,https://en.msidb.org/s.php?11677,https://en.msidb.org/m.php?499
Dhanumaasappenninu,Kadhaanaayakan,1997,Kharaharapriya,Mohan Sithara,S Ramesan Nair,KJ Yesudas,9759,4009,https://en.msidb.org/s.php?9759,https://en.msidb.org/m.php?4009
Ororo poomuthum,Ilamura Thamburan,1998,Kharaharapriya,Raveendran,ONV Kurup,KJ Yesudas,11734,1878,https://en.msidb.org/s.php?11734,https://en.msidb.org/m.php?1878
Manjakkiliyude,Kanmadam,1998,Kharaharapriya,Raveendran,Gireesh Puthenchery,KJ Yesudas,9625,2313,https://en.msidb.org/s.php?9625,https://en.msidb.org/m.php?2313
Manjakkiliyude,Kanmadam,1998,Kharaharapriya,Raveendran,Gireesh Puthenchery,Radhika Thilak,13004,2313,https://en.msidb.org/s.php?13004,https://en.msidb.org/m.php?2313
Enne maranno,Ezhupunnatharakan,1999,Kharaharapriya,Vidyasagar,Gireesh Puthenchery,"KJ Yesudas, Sujatha Mohan",9492,3401,https://en.msidb.org/s.php?9492,https://en.msidb.org/m.php?3401
Minnum nilaathinkalaay,Ezhupunnatharakan,1999,Kharaharapriya,Vidyasagar,Gireesh Puthenchery,"KJ Yesudas, Sujatha Mohan",9491,3401,https://en.msidb.org/s.php?9491,https://en.msidb.org/m.php?3401
Ananda Nandane Sandheham,Udayapuram Sulthan,1999,Kharaharapriya,Kaithapram,Kaithapram,KJ Yesudas,9410,2429,https://en.msidb.org/s.php?9410,https://en.msidb.org/m.php?2429
Pakkaala Nilabadi (Pakkala paddan vaa),Dreamz,2000,Kharaharapriya,Vidyasagar,Gireesh Puthenchery,Shankar Mahadevan,9359,2052,https://en.msidb.org/s.php?9359,https://en.msidb.org/m.php?2052
Himashaila,Mazha,2000,Kharaharapriya,Raveendran,Kaithapram,KJ Yesudas,194162,4296,https://en.msidb.org/s.php?194162,https://en.msidb.org/m.php?4296
Swayamvara Chandrike,Chronic Bachelor,2003,Kharaharapriya,Deepak Dev,Kaithapram,"P Jayachandran, Sujatha Mohan",8817,1396,https://en.msidb.org/s.php?8817,https://en.msidb.org/m.php?1396
Pamba ganapathi,Pattaalam,2003,Kharaharapriya,Vidyasagar,Gireesh Puthenchery,MG Sreekumar,8743,2282,https://en.msidb.org/s.php?8743,https://en.msidb.org/m.php?2282
Chakkani Raaja,Madhu Chandralekha,2006,Kharaharapriya,M Jayachandran,Traditional (Thyagaraja),Sankaran Namboothiri,11116,744,https://en.msidb.org/s.php?11116,https://en.msidb.org/m.php?744
Picha Vacha Naal,Puthiya Mukham,2009,Kharaharapriya,Deepak Dev,Kaithapram,"Shankar Mahadevan, Sunita Menon",189887,6587,https://en.msidb.org/s.php?189887,https://en.msidb.org/m.php?6587
Praananaadhanenikku Nalkiya,Kadaaksham,2010,Kharaharapriya,M Jayachandran,Traditional (Irayimman Thampi),KS Chithra,190508,6645,https://en.msidb.org/s.php?190508,https://en.msidb.org/m.php?6645
Oru Pazhuthila,Kalabhamazha,2011,Kharaharapriya,Mankada Damodaran,ONV Kurup,KJ Yesudas,190535,6649,https://en.msidb.org/s.php?190535,https://en.msidb.org/m.php?6649
Poonthen Nermozhi (F),Nagaravadhu,2011,Kharaharapriya,M Jayachandran,Prabha Varma,KS Chithra,9289,132,https://en.msidb.org/s.php?9289,https://en.msidb.org/m.php?132
Poonthen Nermozhi (M),Nagaravadhu,2011,Kharaharapriya,M Jayachandran,Prabha Varma,G Venugopal,9294,132,https://en.msidb.org/s.php?9294,https://en.msidb.org/m.php?132
Marayumo,Jawan of Vellimala,2012,Kharaharapriya,Bijibal Maniyil,Venugopal,Harish Sivaramakrishnan,194173,7055,https://en.msidb.org/s.php?194173,https://en.msidb.org/m.php?7055
Marayumo [Remix],Jawan of Vellimala,2012,Kharaharapriya,Bijibal Maniyil,Venugopal,Harish Sivaramakrishnan,194175,7055,https://en.msidb.org/s.php?194175,https://en.msidb.org/m.php?7055
Ee Pakalariyaathe,Theevram,2012,Kharaharapriya,Roby Abraham,Arun K Narayanan,"Vineeth Sreenivasan, Shweta Mohan",194187,7221,https://en.msidb.org/s.php?194187,https://en.msidb.org/m.php?7221
Oru Vaakkil Oru Pattil,Second Innings [2nd Innings],2013,Kharaharapriya,Aby Tom Cyriac,Santhosh Varma,Shweta Mohan,194806,7412,https://en.msidb.org/s.php?194806,https://en.msidb.org/m.php?7412
Pularkaalam Pole,Valleem Thetti Pulleem Thetti,2016,Kharaharapriya,Sooraj S Kurup,BK Harinarayanan,"Haricharan Seshadri, Madonna Sebastian",1954584,7952,https://en.msidb.org/s.php?1954584,https://en.msidb.org/m.php?7952
Poovakum Neeyen,Alamaara,2017,Kharaharapriya,Sooraj S Kurup,Manu Manjith,"Vijay Yesudas, Anju Joseph",1955178,8353,https://en.msidb.org/s.php?1955178,https://en.msidb.org/m.php?8353
Pathaamudayam [Prabhatha chithraradhathilirikkum],Avalalpam Vaikippoyi,1971,Kunthalavarali,G Devarajan,Vayalar Ramavarma,P Madhuri,2419,426,https://en.msidb.org/s.php?2419,https://en.msidb.org/m.php?426
Janmangal,Kaaveri,1986,Kunthalavarali,"V Dakshinamoorthy, Ilayaraja",Kavalam Narayana Panicker,"M Balamuralikrishna, Eeswari Panicker",7832,822,https://en.msidb.org/s.php?7832,https://en.msidb.org/m.php?822
Oru Murai Vanthu Paarthaaya,Manichithrathaazhu,1993,Kunthalavarali,MG Radhakrishnan,"Vaali, Bichu Thirumala","KJ Yesudas, KS Chithra",12349,1243,https://en.msidb.org/s.php?12349,https://en.msidb.org/m.php?1243
Karuna Saagara,Harischandra,1955,Kurinji,Br Lakshmanan,Thirunayinaarkurichi Madhavan Nair,"Kamukara Purushothaman, P Leela",19381,4825,https://en.msidb.org/s.php?19381,https://en.msidb.org/m.php?4825
Manoharam,Lady Doctor,1967,Kurinji,V Dakshinamoorthy,P Bhaskaran,LR Eeswari,893,4933,https://en.msidb.org/s.php?893,https://en.msidb.org/m.php?4933
Karunaasaagara,Sreemad Bhagavadgeetha,1977,Kurinji,V Dakshinamoorthy,P Bhaskaran,KJ Yesudas,4109,1568,https://en.msidb.org/s.php?4109,https://en.msidb.org/m.php?1568
Omanathinkalkkidaavo [F],Swaathy Thirunaal,1987,Kurinji,MB Sreenivasan,Traditional (Irayimman Thampi),S Janaki,12443,252,https://en.msidb.org/s.php?12443,https://en.msidb.org/m.php?252
Omanathinkalkkidaavo [Instrumental],Swaathy Thirunaal,1987,Kurinji,MB Sreenivasan,Traditional (Irayimman Thampi),Uncategorized,190135,252,https://en.msidb.org/s.php?190135,https://en.msidb.org/m.php?252
Omanathinkalkkidaavo [Version 2],Swaathy Thirunaal,1987,Kurinji,MB Sreenivasan,Traditional (Irayimman Thampi),B Arundhathi,190134,252,https://en.msidb.org/s.php?190134,https://en.msidb.org/m.php?252
Omanathinkalkkidaavo [Version 3],Swaathy Thirunaal,1987,Kurinji,MB Sreenivasan,Traditional (Irayimman Thampi),B Arundhathi,190137,252,https://en.msidb.org/s.php?190137,https://en.msidb.org/m.php?252
Aliveni Enthu Cheyvu,Ayitham,1988,Kurinji,MG Radhakrishnan,Traditional (Swathi Thirunal),"K Omanakkutty, KS Chithra",13075,1815,https://en.msidb.org/s.php?13075,https://en.msidb.org/m.php?1815
Nalinamizhi [Bit],Ayitham,1988,Kurinji,MG Radhakrishnan,Traditional (Swathi Thirunal),"K Omanakkutty, KS Chithra",16295,1815,https://en.msidb.org/s.php?16295,https://en.msidb.org/m.php?1815
Krishna krishna,Adwaitham,1992,Kurinji,MG Radhakrishnan,Kaithapram,KS Chithra,10483,4111,https://en.msidb.org/s.php?10483,https://en.msidb.org/m.php?4111
Seethaakalyaana,Paithrukam,1993,Kurinji,SP Venkitesh,Traditional (Thyagaraja),KJ Yesudas,10235,1132,https://en.msidb.org/s.php?10235,https://en.msidb.org/m.php?1132
Seethaakalyaana,Paithrukam,1993,Kurinji,SP Venkitesh,Traditional (Thyagaraja),KS Chithra,12541,1132,https://en.msidb.org/s.php?12541,https://en.msidb.org/m.php?1132
Penne penne,Meesa Madhavan,2002,Kurinji,Vidyasagar,Gireesh Puthenchery,"MG Sreekumar, KS Chithra, Kalyani Menon",8927,5004,https://en.msidb.org/s.php?8927,https://en.msidb.org/m.php?5004
Aarumukhan Munnil Chennu,Mulla,2008,Kurinji,Vidyasagar,Sarath Vayalar,Rimi Tomy,15790,6108,https://en.msidb.org/s.php?15790,https://en.msidb.org/m.php?6108
Seethaakalyaana Vaibhogame,Seethaa Kalyaanam,2009,Kurinji,Sreenivas,Beeyar Prasad,Uncategorized,12035,5416,https://en.msidb.org/s.php?12035,https://en.msidb.org/m.php?5416
Kamaneeya keralame,Viyarppinte Vila,1962,Lathaangi,V Dakshinamoorthy,Abhayadev,"P Leela, Renuka",14696,756,https://en.msidb.org/s.php?14696,https://en.msidb.org/m.php?756
Kamaneeyakeralame (Bit),Viyarppinte Vila,1962,Lathaangi,V Dakshinamoorthy,Abhayadev,KJ Yesudas,169,756,https://en.msidb.org/s.php?169,https://en.msidb.org/m.php?756
Om Om Maayaamaalavagowla,Swathu,1980,Lathaangi,G Devarajan,MD Rajendran,KJ Yesudas,5738,3433,https://en.msidb.org/s.php?5738,https://en.msidb.org/m.php?3433
Paada smarana sukham,Sallaapam,1996,Lathaangi,Johnson,Kaithapram,KJ Yesudas,9833,4331,https://en.msidb.org/s.php?9833,https://en.msidb.org/m.php?4331
Vreelaa bharithayaay,Nakhakshathangal,1986,Lavangi,Bombay Ravi,ONV Kurup,P Jayachandran,7855,4200,https://en.msidb.org/s.php?7855,https://en.msidb.org/m.php?4200
Arunakirana,Kizhakkunarum Pakshi,1991,Lavangi,Raveendran,Konniyoor Bhas,"KJ Yesudas, KS Chithra, Chorus",10544,3127,https://en.msidb.org/s.php?10544,https://en.msidb.org/m.php?3127
Arunakirana (F Dom),Kizhakkunarum Pakshi,1991,Lavangi,Raveendran,Konniyoor Bhas,"KJ Yesudas, KS Chithra",13192,3127,https://en.msidb.org/s.php?13192,https://en.msidb.org/m.php?3127
Priyachandra Mamachandra,Jnaanaambika,1940,Maand,TK Jayarama Iyer,Puthankavu Mathan Tharakan,CK Rajam,2108,3911,https://en.msidb.org/s.php?2108,https://en.msidb.org/m.php?3911
Sukhamadhuram Sukhamadhuram,Jnaanaambika,1940,Maand,TK Jayarama Iyer,Puthankavu Mathan Tharakan,"Sebastian Kunju Kunju Bhagavathar, CA Seethalakshmi",2120,3911,https://en.msidb.org/s.php?2120,https://en.msidb.org/m.php?3911
Manassinakathoru Pennu,Paalaattu Koman (Konkiyamma),1962,Maand,MS Baburaj,Vayalar Ramavarma,KP Udayabhanu,2089,4283,https://en.msidb.org/s.php?2089,https://en.msidb.org/m.php?4283
Indumukhi,Adimakal,1969,Maand,G Devarajan,Vayalar Ramavarma,P Jayachandran,1300,2774,https://en.msidb.org/s.php?1300,https://en.msidb.org/m.php?2774
Mandaaramanamulla Kaatte,Bhadradeepam,1973,Maand,MS Baburaj,K Jayakumar,KJ Yesudas,2926,1133,https://en.msidb.org/s.php?2926,https://en.msidb.org/m.php?1133
Nakshathramandala,Panchavadi,1973,Maand,MK Arjunan,Sreekumaran Thampi,P Jayachandran,2911,180,https://en.msidb.org/s.php?2911,https://en.msidb.org/m.php?180
Lakshaarchana,Ayalathe Sundari,1974,Maand,Shankar Ganesh,Mankombu Gopalakrishnan,KJ Yesudas,3352,3166,https://en.msidb.org/s.php?3352,https://en.msidb.org/m.php?3166
Anuraagam Anuraagam,Missi,1976,Maand,G Devarajan,Madhu Alappuzha,KJ Yesudas,4049,948,https://en.msidb.org/s.php?4049,https://en.msidb.org/m.php?948
Ninne punaraan neettiya,Saraswatheeyaamam,1980,Maand,AT Ummer,Vellanad Narayanan,KJ Yesudas,5645,3598,https://en.msidb.org/s.php?5645,https://en.msidb.org/m.php?3598
Thinkalmukhee Nin,Sreedevi Darsanam,1980,Maand,G Devarajan,P Bhaskaran,KJ Yesudas,11102,5362,https://en.msidb.org/s.php?11102,https://en.msidb.org/m.php?5362
Thirayude Chilankakal,Panchapaandavar,1981,Maand,MS Viswanathan,Sreekumaran Thampi,"P Jayachandran, P Susheela",15062,5618,https://en.msidb.org/s.php?15062,https://en.msidb.org/m.php?5618
Nilayude neelakkal,Vazhikal Yaathrakkar,1981,Maand,Ben Surendran,RK Damodaran,"KJ Yesudas, Jency",5994,4060,https://en.msidb.org/s.php?5994,https://en.msidb.org/m.php?4060
Vinninte virimaaril,Ashtapadi,1983,Maand,Vidyadharan,P Bhaskaran,KJ Yesudas,7463,2394,https://en.msidb.org/s.php?7463,https://en.msidb.org/m.php?2394
Peda peda,Chemmeenkettu,1984,Maand,Raveendran,Poovachal Khader,Krishnachandran,12065,1850,https://en.msidb.org/s.php?12065,https://en.msidb.org/m.php?1850
Yogeendraanaam,Krishna Guruvaayoorappa,1984,Maand,V Dakshinamoorthy,Traditional (Melpathur),KJ Yesudas,189690,2808,https://en.msidb.org/s.php?189690,https://en.msidb.org/m.php?2808
Thushaaramuthirunnu,Vilichu Vili Kettu,1985,Maand,Raveendran,Sreekumaran Thampi,KJ Yesudas,6808,3372,https://en.msidb.org/s.php?6808,https://en.msidb.org/m.php?3372
Saayanthanam,Kamaladalam,1992,Maand,Raveendran,Kaithapram,KJ Yesudas,10435,3791,https://en.msidb.org/s.php?10435,https://en.msidb.org/m.php?3791
Saayanthanam [F],Kamaladalam,1992,Maand,Raveendran,Kaithapram,KS Chithra,15968,3791,https://en.msidb.org/s.php?15968,https://en.msidb.org/m.php?3791
Anju sharangalum,Parinayam,1994,Maand,Bombay Ravi,Yusufali Kecheri,KJ Yesudas,10127,3618,https://en.msidb.org/s.php?10127,https://en.msidb.org/m.php?3618
Shyaamayaam Raadhike,The Prince,1996,Maand,Deva,Gireesh Puthenchery,"Mohanlal, KS Chithra",9820,1899,https://en.msidb.org/s.php?9820,https://en.msidb.org/m.php?1899
Ponnaambal,Harikrishnans,1998,Maand,Ouseppachan,Kaithapram,"KJ Yesudas, KS Chithra",9646,4059,https://en.msidb.org/s.php?9646,https://en.msidb.org/m.php?4059
Ponnaambal,Harikrishnans,1998,Maand,Ouseppachan,Kaithapram,KS Chithra,14506,4059,https://en.msidb.org/s.php?14506,https://en.msidb.org/m.php?4059
Shyaamamohini Premayaamini,Athbhuthadweepu,2005,Maand,M Jayachandran,Kaithapram,"Madhu Balakrishnan, KS Chithra",8371,3840,https://en.msidb.org/s.php?8371,https://en.msidb.org/m.php?3840
Mele vellithingal,Thanmaathra,2005,Maand,Mohan Sithara,Kaithapram,"Karthik, Meenu",10991,2501,https://en.msidb.org/s.php?10991,https://en.msidb.org/m.php?2501
Enthe Kannanu [D],Photographer,2006,Maand,Johnson,Kaithapram,"KJ Yesudas, Manjari",15830,5292,https://en.msidb.org/s.php?15830,https://en.msidb.org/m.php?5292
Enthe Kannanu [M],Photographer,2006,Maand,Johnson,Kaithapram,KJ Yesudas,12040,5292,https://en.msidb.org/s.php?12040,https://en.msidb.org/m.php?5292
Enthe kannanu,Photographer,2006,Maand,Johnson,Kaithapram,Manjari,11166,5292,https://en.msidb.org/s.php?11166,https://en.msidb.org/m.php?5292
Raavereyaay,Rock N Roll,2007,Maand,Vidyasagar,Gireesh Puthenchery,Madhu Balakrishnan,14935,6068,https://en.msidb.org/s.php?14935,https://en.msidb.org/m.php?6068
Nilaamalare Nilaamalare,Diamond Necklace,2012,Maand,Vidyasagar,Rafeeq Ahamed,Nivas Raghunathan,193623,7004,https://en.msidb.org/s.php?193623,https://en.msidb.org/m.php?7004
Angulee Sparsam,Kamboji,2017,Maanji,M Jayachandran,Vinod Mankara,Bombay Jayashri,1954860,8173,https://en.msidb.org/s.php?1954860,https://en.msidb.org/m.php?8173
Charithra Naayaka,Bhaktha Hanumaan,1980,Madhuvanthi,V Dakshinamoorthy,Sreekumaran Thampi,P Susheela,5731,2890,https://en.msidb.org/s.php?5731,https://en.msidb.org/m.php?2890
Madhuvidhuraavukale,Adyathe Kanmani,1995,Madhuvanthi,SP Venkitesh,S Ramesan Nair,"KJ Yesudas, KS Chithra",10036,2264,https://en.msidb.org/s.php?10036,https://en.msidb.org/m.php?2264
Ponnushassennum Neeraaduvan Varumee,Meghamalhaar,2001,Madhuvanthi,Ramesh Narayan,ONV Kurup,"P Jayachandran, KS Chithra",9127,1750,https://en.msidb.org/s.php?9127,https://en.msidb.org/m.php?1750
Ithramel Enne (Ormakkai),Novel,2007,Madhuvanthi,M Jayachandran,East Coast Vijayan,"KJ Yesudas, Sujatha Mohan",15169,6078,https://en.msidb.org/s.php?15169,https://en.msidb.org/m.php?6078
Madhuram Gaayathi,Banaras,2009,Madhuvanthi,M Jayachandran,Gireesh Puthenchery,"Sudeep Kumar, Shreya Ghoshal",18995,6532,https://en.msidb.org/s.php?18995,https://en.msidb.org/m.php?6532
Gange thudiyil,Vadakkumnathan,2006,Madhyamaadi Saarang,Raveendran,Gireesh Puthenchery,KJ Yesudas,11192,3625,https://en.msidb.org/s.php?11192,https://en.msidb.org/m.php?3625
Jalashayyayil,My Mothers Laptop,2008,Madhyamavarali,Sreevalsan J Menon,Rafeeq Ahamed,Soniya,16112,6123,https://en.msidb.org/s.php?16112,https://en.msidb.org/m.php?6123
Kilukilukkum,School Master,1964,Madhyamavathi,G Devarajan,Vayalar Ramavarma,MS Rajeswari,310,850,https://en.msidb.org/s.php?310,https://en.msidb.org/m.php?850
Nizhalukale Nizhalukale,Koottukaar,1966,Madhyamavathi,MS Baburaj,Vayalar Ramavarma,KJ Yesudas,14529,553,https://en.msidb.org/s.php?14529,https://en.msidb.org/m.php?553
Aathira Raavile,Adhyaapika,1968,Madhyamavathi,V Dakshinamoorthy,ONV Kurup,"KJ Yesudas, P Susheela",1163,4392,https://en.msidb.org/s.php?1163,https://en.msidb.org/m.php?4392
Snehaswaroopini,Hotel High Range,1968,Madhyamavathi,G Devarajan,Vayalar Ramavarma,KJ Yesudas,1096,2323,https://en.msidb.org/s.php?1096,https://en.msidb.org/m.php?2323
Vadhoovaranmaare,Jwaala,1969,Madhyamavathi,G Devarajan,Vayalar Ramavarma,P Susheela,1347,977,https://en.msidb.org/s.php?1347,https://en.msidb.org/m.php?977
Daivaputhranu,Aranaazhikaneram,1970,Madhyamavathi,G Devarajan,Vayalar Ramavarma,P Susheela,2407,4118,https://en.msidb.org/s.php?2407,https://en.msidb.org/m.php?4118
Kadaleevanangalkkarikilallo,Othenante Makan,1970,Madhyamavathi,G Devarajan,Vayalar Ramavarma,P Susheela,2311,2354,https://en.msidb.org/s.php?2311,https://en.msidb.org/m.php?2354
Kunnumpurathoru Minnalattam,Thettu,1971,Madhyamavathi,G Devarajan,Vayalar Ramavarma,P Madhuri,2471,4058,https://en.msidb.org/s.php?2471,https://en.msidb.org/m.php?4058
Shukrachaaryarude,Adyathe Kadha,1972,Madhyamavathi,MK Arjunan,Vayalar Ramavarma,P Susheela,2817,3926,https://en.msidb.org/s.php?2817,https://en.msidb.org/m.php?3926
Panchami Chandrika,Anweshanam,1972,Madhyamavathi,MK Arjunan,Sreekumaran Thampi,KJ Yesudas,2821,1737,https://en.msidb.org/s.php?2821,https://en.msidb.org/m.php?1737
Marimaanmizhi,Aromalunni,1972,Madhyamavathi,G Devarajan,Vayalar Ramavarma,"P Madhuri, Chorus",2704,1066,https://en.msidb.org/s.php?2704,https://en.msidb.org/m.php?1066
Sooryakaantha Kalppadavil,Punarjanmam,1972,Madhyamavathi,G Devarajan,Vayalar Ramavarma,P Susheela,2775,4869,https://en.msidb.org/s.php?2775,https://en.msidb.org/m.php?4869
Chandrakkalaadharanu,Theerthayaathra,1972,Madhyamavathi,AT Ummer,P Bhaskaran,P Susheela,2858,3362,https://en.msidb.org/s.php?2858,https://en.msidb.org/m.php?3362
Thaalathil Thaalathil,Chenda,1973,Madhyamavathi,G Devarajan,P Bhaskaran,P Madhuri,2967,2099,https://en.msidb.org/s.php?2967,https://en.msidb.org/m.php?2099
Orikkal Maathram,Driksaakshi,1973,Madhyamavathi,V Dakshinamoorthy,Sreekumaran Thampi,KJ Yesudas,3105,340,https://en.msidb.org/s.php?3105,https://en.msidb.org/m.php?340
Paalaruvikkarayil,Padmavyooham,1973,Madhyamavathi,MK Arjunan,Sreekumaran Thampi,KJ Yesudas,3187,309,https://en.msidb.org/s.php?3187,https://en.msidb.org/m.php?309
Swarnappoonchola,Youvanam,1974,Madhyamavathi,V Dakshinamoorthy,Sreekumaran Thampi,"KJ Yesudas, S Janaki",3280,757,https://en.msidb.org/s.php?3280,https://en.msidb.org/m.php?757
Thalirvalayo,Cheenavala,1975,Madhyamavathi,MK Arjunan,Vayalar Ramavarma,KJ Yesudas,3778,5008,https://en.msidb.org/s.php?3778,https://en.msidb.org/m.php?5008
Kasthoori manakkunnalo,Picnic,1975,Madhyamavathi,MK Arjunan,Sreekumaran Thampi,KJ Yesudas,3539,4077,https://en.msidb.org/s.php?3539,https://en.msidb.org/m.php?4077
Harivaraasanam,Swaami Ayyappan,1975,Madhyamavathi,G Devarajan,Kumbakudi Kulathur Iyer,KJ Yesudas,3677,213,https://en.msidb.org/s.php?3677,https://en.msidb.org/m.php?213
Harivaraasanam [Chorus],Swaami Ayyappan,1975,Madhyamavathi,G Devarajan,Kumbakudi Kulathur Iyer,"KJ Yesudas, Chorus",189876,213,https://en.msidb.org/s.php?189876,https://en.msidb.org/m.php?213
Mangalam Nerunnu,Hridayam Oru Kshethram,1976,Madhyamavathi,G Devarajan,Sreekumaran Thampi,KJ Yesudas,4080,302,https://en.msidb.org/s.php?4080,https://en.msidb.org/m.php?302
Thenkaashi,Ponni,1976,Madhyamavathi,G Devarajan,P Bhaskaran,"P Madhuri, P Leela, N Sreekanth, P Jayachandran",3973,1477,https://en.msidb.org/s.php?3973,https://en.msidb.org/m.php?1477
Priyamulla Chettan,Akshayapaathram,1977,Madhyamavathi,MS Viswanathan,Sreekumaran Thampi,P Susheela,4484,1633,https://en.msidb.org/s.php?4484,https://en.msidb.org/m.php?1633
Pularkalam,Neethipeedham,1977,Madhyamavathi,G Devarajan,Yusufali Kecheri,KJ Yesudas,4262,139,https://en.msidb.org/s.php?4262,https://en.msidb.org/m.php?139
Hridayeshwari Nin,Panchaamritham,1977,Madhyamavathi,G Devarajan,Sreekumaran Thampi,P Jayachandran,4100,4962,https://en.msidb.org/s.php?4100,https://en.msidb.org/m.php?4962
Anupama Soundaryame,Adavukal Pathinettu,1978,Madhyamavathi,AT Ummer,Bichu Thirumala,KJ Yesudas,4691,797,https://en.msidb.org/s.php?4691,https://en.msidb.org/m.php?797
Manmadha Kadhayude,Kanalkattakal,1978,Madhyamavathi,V Dakshinamoorthy,P Bhaskaran,KJ Yesudas,4688,2757,https://en.msidb.org/s.php?4688,https://en.msidb.org/m.php?2757
Shaarikathenmozhikal,Kanyaka,1978,Madhyamavathi,MK Arjunan,Pappanamkodu Lakshmanan,"P Jayachandran, Ambili Rajasekharan",4569,4079,https://en.msidb.org/s.php?4569,https://en.msidb.org/m.php?4079
Maattuvin Chattangale [Pallanayaattil],Maattoly,1978,Madhyamavathi,Jaya Vijaya,Bichu Thirumala,KJ Yesudas,4642,4910,https://en.msidb.org/s.php?4642,https://en.msidb.org/m.php?4910
Vasantha radhathil,Ajnaatha Theerangal,1979,Madhyamavathi,MK Arjunan,Sreekumaran Thampi,Vani Jairam,5106,226,https://en.msidb.org/s.php?5106,https://en.msidb.org/m.php?226
Oru Kiliye,Irumbazhikal,1979,Madhyamavathi,MK Arjunan,RK Damodaran,Vani Jairam,5071,4556,https://en.msidb.org/s.php?5071,https://en.msidb.org/m.php?4556
Pakal Swapnathin pavanurukkum,Ambalavilakku,1980,Madhyamavathi,V Dakshinamoorthy,Sreekumaran Thampi,"KJ Yesudas, Vani Jairam",5621,1827,https://en.msidb.org/s.php?5621,https://en.msidb.org/m.php?1827
Shabdaprapancham,Karipuranda Jeevithangal,1980,Madhyamavathi,MK Arjunan,Chirayinkeezhu Ramakrishnan Nair,S Janaki,5569,4081,https://en.msidb.org/s.php?5569,https://en.msidb.org/m.php?4081
Arinju Naam thammil,Lorry,1980,Madhyamavathi,MS Viswanathan,Poovachal Khader,"S Janaki, Chorus",5711,1505,https://en.msidb.org/s.php?5711,https://en.msidb.org/m.php?1505
Nagumo,Sankaraabharanam,1980,Madhyamavathi,KV Mahadevan,Traditional (Thyagaraja),SP Balasubrahmanyam,10837,843,https://en.msidb.org/s.php?10837,https://en.msidb.org/m.php?843
Shankaraa Naadashareeraa,Sankaraabharanam,1980,Madhyamavathi,KV Mahadevan,Vetturi Sundararamamoorthy,SP Balasubrahmanyam,10836,843,https://en.msidb.org/s.php?10836,https://en.msidb.org/m.php?843
Devi ambike,Sreedevi Darsanam,1980,Madhyamavathi,G Devarajan,Konniyoor Bhas,"KJ Yesudas, Ambili Rajasekharan",8834,5362,https://en.msidb.org/s.php?8834,https://en.msidb.org/m.php?5362
Neerchola Paadunna,Theenaalangal,1980,Madhyamavathi,MK Arjunan,Pappanamkodu Lakshmanan,KJ Yesudas,5640,3329,https://en.msidb.org/s.php?5640,https://en.msidb.org/m.php?3329
Sindooracheppu Thatti Marinju,Kaamshaasthram,1981,Madhyamavathi,Raveendran,Tirur Vijayan,P Jayachandran,16441,6209,https://en.msidb.org/s.php?16441,https://en.msidb.org/m.php?6209
Priyadarshini Varoo,Swarangal Swapnangal,1981,Madhyamavathi,G Devarajan,Sreekantan Nair,KJ Yesudas,190956,1209,https://en.msidb.org/s.php?190956,https://en.msidb.org/m.php?1209
Ninnilam Maarile [Bit],Thenum Vayambum,1981,Madhyamavathi,Raveendran,Bichu Thirumala,KJ Yesudas,193559,2328,https://en.msidb.org/s.php?193559,https://en.msidb.org/m.php?2328
Ottakambi Naadam,Thenum Vayambum,1981,Madhyamavathi,Raveendran,Bichu Thirumala,KJ Yesudas,6061,2328,https://en.msidb.org/s.php?6061,https://en.msidb.org/m.php?2328
Baale edi baale,Ente Shathrukkal (Porattam),1982,Madhyamavathi,MK Arjunan,Poovachal Khader,"KJ Yesudas, Ambili Rajasekharan",6233,2345,https://en.msidb.org/s.php?6233,https://en.msidb.org/m.php?2345
Maanmizhiyaal manam kavarnnu,Naagamadathu Thampuraatti,1982,Madhyamavathi,MK Arjunan,Devadas,P Jayachandran,6120,1159,https://en.msidb.org/s.php?6120,https://en.msidb.org/m.php?1159
Kalahamsamilla Kalamaanilla,Naalathe Sandhya (Malayorangalil Chuvappu),1982,Madhyamavathi,MK Arjunan,Poovachal Khader,KJ Yesudas,13595,5860,https://en.msidb.org/s.php?13595,https://en.msidb.org/m.php?5860
Raagam Anuraagam,Aadyathe Anuraagam,1983,Madhyamavathi,Raveendran,Devadas,"KJ Yesudas, Sujatha Mohan",7546,3471,https://en.msidb.org/s.php?7546,https://en.msidb.org/m.php?3471
Naanamaavunno Meninovunno,Aattakkalaasham,1983,Madhyamavathi,Raveendran,Poovachal Khader,"KJ Yesudas, Vani Jairam",7446,3462,https://en.msidb.org/s.php?7446,https://en.msidb.org/m.php?3462
Thengum Hridayam,Aattakkalaasham,1983,Madhyamavathi,Raveendran,Poovachal Khader,KJ Yesudas,7444,3462,https://en.msidb.org/s.php?7444,https://en.msidb.org/m.php?3462
Chandanappadavil,Anantham Ajnaatham,1983,Madhyamavathi,MK Arjunan,MN Thankappan,KJ Yesudas,7574,3056,https://en.msidb.org/s.php?7574,https://en.msidb.org/m.php?3056
Janmam thorum,Justice Raja,1983,Madhyamavathi,Gangai Amaran,Poovachal Khader,"KJ Yesudas, S Janaki",6496,4585,https://en.msidb.org/s.php?6496,https://en.msidb.org/m.php?4585
Inku Nukarnnurangi,Kattaruvi,1983,Madhyamavathi,G Devarajan,AP Gopalan,KJ Yesudas,7535,1732,https://en.msidb.org/s.php?7535,https://en.msidb.org/m.php?1732
Kaayalolangal chumbikkum odam,Chemmeenkettu,1984,Madhyamavathi,Raveendran,Poovachal Khader,"KJ Yesudas, N Lathika",12064,1850,https://en.msidb.org/s.php?12064,https://en.msidb.org/m.php?1850
Kalppaanthakaalatholam,Ente Graamam,1984,Madhyamavathi,Vidyadharan,Sreemoolanagaram Vijayan,KJ Yesudas,7362,4204,https://en.msidb.org/s.php?7362,https://en.msidb.org/m.php?4204
Mookane Gaayakanaakkunna,Krishna Guruvaayoorappa,1984,Madhyamavathi,V Dakshinamoorthy,Koorkenchery Sugathan,KJ Yesudas,189691,2808,https://en.msidb.org/s.php?189691,https://en.msidb.org/m.php?2808
Akale Polum,Aazhi,1985,Madhyamavathi,Raj Kamal,Bichu Thirumala,KJ Yesudas,6614,1459,https://en.msidb.org/s.php?6614,https://en.msidb.org/m.php?1459
Kochu Chakkarachi Pettu,"Ente Ammu, Ninte Thulasi, Avarude Chakki",1985,Madhyamavathi,Kannur Rajan,ONV Kurup,"Balachandra Menon, Venu Nagavally, B Arundhathi",6761,4859,https://en.msidb.org/s.php?6761,https://en.msidb.org/m.php?4859
Neelakkadambukalil,Neelakkadambu,1985,Madhyamavathi,Raveendran,K Jayakumar,KJ Yesudas,10750,92,https://en.msidb.org/s.php?10750,https://en.msidb.org/m.php?92
Oru Swapnahamsam,Orikkal Oridathu,1985,Madhyamavathi,Raveendran,Poovachal Khader,"KJ Yesudas, Vani Jairam",6748,135,https://en.msidb.org/s.php?6748,https://en.msidb.org/m.php?135
Hridayam Oru Veenayaay,Thammil Thammil,1985,Madhyamavathi,Raveendran,Poovachal Khader,KJ Yesudas,6625,484,https://en.msidb.org/s.php?6625,https://en.msidb.org/m.php?484
Kadanam Oru Saagaram,Thammil Thammil,1985,Madhyamavathi,Raveendran,Poovachal Khader,KJ Yesudas,6627,484,https://en.msidb.org/s.php?6627,https://en.msidb.org/m.php?484
Ezhukadal,Pournami Raathriyil,1986,Madhyamavathi,Raveendran,Peramangalam Viswanathan,"Dr Dilip Kumar, Ambili Rajasekharan",7878,1208,https://en.msidb.org/s.php?7878,https://en.msidb.org/m.php?1208
Kosalendra,Swaathy Thirunaal,1987,Madhyamavathi,MB Sreenivasan,Traditional (Swathi Thirunal),Neyyatinkara Vasudevan,7130,252,https://en.msidb.org/s.php?7130,https://en.msidb.org/m.php?252
Saarasa Mukha,Swaathy Thirunaal,1987,Madhyamavathi,MB Sreenivasan,Traditional (Swathi Thirunal),KJ Yesudas,7124,252,https://en.msidb.org/s.php?7124,https://en.msidb.org/m.php?252
Thushaaramurukum,Veendum Lisa,1987,Madhyamavathi,Raghu Kumar,Poovachal Khader,KJ Yesudas,7148,5042,https://en.msidb.org/s.php?7148,https://en.msidb.org/m.php?5042
Eeran Megham,Chithram,1988,Madhyamavathi,Kannur Rajan,Shibu Chakravarthy,MG Sreekumar,8217,5043,https://en.msidb.org/s.php?8217,https://en.msidb.org/m.php?5043
Thirunellikkaadu Poothu,Dinaraathrangal,1988,Madhyamavathi,Ouseppachan,Shibu Chakravarthy,"MG Sreekumar, KS Chithra",8086,2456,https://en.msidb.org/s.php?8086,https://en.msidb.org/m.php?2456
Mazha Mazha,Onnum Onnum Pathinonnu,1988,Madhyamavathi,Raveendran,Devadas,Sunanda,8159,3825,https://en.msidb.org/s.php?8159,https://en.msidb.org/m.php?3825
Kandaal Chirikkaatha,Oru Muthassikkadha,1988,Madhyamavathi,Ouseppachan,Shibu Chakravarthy,"MG Sreekumar, Sujatha Mohan",8113,3476,https://en.msidb.org/s.php?8113,https://en.msidb.org/m.php?3476
Nalla Muthassiyamma,Oru Muthassikkadha,1988,Madhyamavathi,Ouseppachan,Shibu Chakravarthy,"MG Sreekumar, P Leela, Sujatha Mohan",8114,3476,https://en.msidb.org/s.php?8114,https://en.msidb.org/m.php?3476
Ninkaral,Chakravaalathinumappuram,1989,Madhyamavathi,Kozhikode Yesudas,Gireesh Puthenchery,"KJ Yesudas, Meera",10691,5324,https://en.msidb.org/s.php?10691,https://en.msidb.org/m.php?5324
Ninkaral,Chakravaalathinumappuram,1989,Madhyamavathi,Kozhikode Yesudas,Gireesh Puthenchery,KJ Yesudas,10695,5324,https://en.msidb.org/s.php?10695,https://en.msidb.org/m.php?5324
Anthipponvettam,Vandanam,1989,Madhyamavathi,Ouseppachan,Shibu Chakravarthy,"MG Sreekumar, Sujatha Mohan, Chorus",6967,971,https://en.msidb.org/s.php?6967,https://en.msidb.org/m.php?971
Anthipponvettam [M],Vandanam,1989,Madhyamavathi,Ouseppachan,Shibu Chakravarthy,"MG Sreekumar, Chorus",17679,971,https://en.msidb.org/s.php?17679,https://en.msidb.org/m.php?971
Orikkal neechirichal,Appu,1990,Madhyamavathi,Sundara Rajan,Sreekumaran Thampi,"MG Sreekumar, Sujatha Mohan",5396,2406,https://en.msidb.org/s.php?5396,https://en.msidb.org/m.php?2406
A.E.I.O.U,Aye Auto,1990,Madhyamavathi,Raveendran,Bichu Thirumala,"Mohanlal, Sujatha Mohan",5539,814,https://en.msidb.org/s.php?5539,https://en.msidb.org/m.php?814
Kunjikkiliye Koodevide (F),Indrajaalam,1990,Madhyamavathi,SP Venkitesh,ONV Kurup,KS Chithra,6535,1613,https://en.msidb.org/s.php?6535,https://en.msidb.org/m.php?1613
Kunjikkiliye Koodevide (M),Indrajaalam,1990,Madhyamavathi,SP Venkitesh,ONV Kurup,MG Sreekumar,5387,1613,https://en.msidb.org/s.php?5387,https://en.msidb.org/m.php?1613
Aaro porunnen koode,Laal Salaam,1990,Madhyamavathi,Raveendran,ONV Kurup,"MG Sreekumar, Sujatha Mohan, Raveendran",6563,3928,https://en.msidb.org/s.php?6563,https://en.msidb.org/m.php?3928
Annaloonjal [F],Purappaadu,1990,Madhyamavathi,Ouseppachan,ONV Kurup,KS Chithra,5532,4857,https://en.msidb.org/s.php?5532,https://en.msidb.org/m.php?4857
Annaloonjal [M],Purappaadu,1990,Madhyamavathi,Ouseppachan,ONV Kurup,KJ Yesudas,5533,4857,https://en.msidb.org/s.php?5533,https://en.msidb.org/m.php?4857
Mele mekhangal,Raajavaazhcha,1990,Madhyamavathi,Johnson,Poovachal Khader,"MG Sreekumar, KS Chithra",5488,2375,https://en.msidb.org/s.php?5488,https://en.msidb.org/m.php?2375
Harivaraasanam,Sabarimala Sree Ayyappan,1990,Madhyamavathi,KV Mahadevan,Kumbakudi Kulathur Iyer,"KJ Yesudas, Chorus",14707,5117,https://en.msidb.org/s.php?14707,https://en.msidb.org/m.php?5117
Neelmizhippeeliyil,Vachanam,1990,Madhyamavathi,Mohan Sithara,ONV Kurup,KJ Yesudas,5502,598,https://en.msidb.org/s.php?5502,https://en.msidb.org/m.php?598
Ganapathi Bappa Moriya,Abhimanyu,1991,Madhyamavathi,Raveendran,Kaithapram,"MG Sreekumar, Chorus",10626,2951,https://en.msidb.org/s.php?10626,https://en.msidb.org/m.php?2951
Vikaara naukayumay,Amaram,1991,Madhyamavathi,Raveendran,Kaithapram,KJ Yesudas,10619,2070,https://en.msidb.org/s.php?10619,https://en.msidb.org/m.php?2070
Kaashithumba,Mookkilla Raajyathu,1991,Madhyamavathi,Ouseppachan,Kaithapram,MG Sreekumar,11692,1775,https://en.msidb.org/s.php?11692,https://en.msidb.org/m.php?1775
Varnam vaari choodum,Mookkilla Raajyathu,1991,Madhyamavathi,Ouseppachan,Poovachal Khader,KS Chithra,11690,1775,https://en.msidb.org/s.php?11690,https://en.msidb.org/m.php?1775
Mazhavillaadum,Thudarkadha,1991,Madhyamavathi,SP Venkitesh,ONV Kurup,KS Chithra,10506,3959,https://en.msidb.org/s.php?10506,https://en.msidb.org/m.php?3959
Peraattin akkareyakkare,Venal Kinaavukal,1991,Madhyamavathi,L Vaidyanathan,ONV Kurup,KJ Yesudas,11560,4122,https://en.msidb.org/s.php?11560,https://en.msidb.org/m.php?4122
Kuvalaya mizhiyil,Ennodishtam Koodaamo,1992,Madhyamavathi,SP Venkitesh,Kaithapram,KJ Yesudas,11569,3557,https://en.msidb.org/s.php?11569,https://en.msidb.org/m.php?3557
Chemmaanappoomancham,Johny Walker,1992,Madhyamavathi,SP Venkitesh,Gireesh Puthenchery,"S Janaki, Chorus",10442,574,https://en.msidb.org/s.php?10442,https://en.msidb.org/m.php?574
Maanasalola marathaka,Kingini (Kurinji Pookkunna Nerathu),1992,Madhyamavathi,Kannur Rajan,Thankappan Nair,KJ Yesudas,10426,2195,https://en.msidb.org/s.php?10426,https://en.msidb.org/m.php?2195
Neeraazhippenninte,Kizhakkan Pathrose,1992,Madhyamavathi,SP Venkitesh,ONV Kurup,"KJ Yesudas, KS Chithra, Chorus",11919,1709,https://en.msidb.org/s.php?11919,https://en.msidb.org/m.php?1709
En Kinaavin,Laalithyam,1992,Madhyamavathi,TK Layan,Vayalar Madhavankutty,"MG Sreekumar, Chorus",12671,5679,https://en.msidb.org/s.php?12671,https://en.msidb.org/m.php?5679
Poykayil,Raajashilpi,1992,Madhyamavathi,Raveendran,ONV Kurup,KJ Yesudas,10392,949,https://en.msidb.org/s.php?10392,https://en.msidb.org/m.php?949
Harivaraasanam Swami,Sabarimalayil Thanka Sooryodayam,1992,Madhyamavathi,MS Viswanathan,Kumbakudi Kulathur Iyer,KJ Yesudas,12580,5770,https://en.msidb.org/s.php?12580,https://en.msidb.org/m.php?5770
Kasavulla Pattuduthu,Ulsavamelam,1992,Madhyamavathi,Mohan Sithara,ONV Kurup,Sujatha Mohan,11388,214,https://en.msidb.org/s.php?11388,https://en.msidb.org/m.php?214
Swargavaathil,Ezhuthachan,1993,Madhyamavathi,Raveendran,Kaithapram,KS Chithra,10190,506,https://en.msidb.org/s.php?10190,https://en.msidb.org/m.php?506
Njaattuvelakkiliye,Midhunam,1993,Madhyamavathi,MG Radhakrishnan,ONV Kurup,KS Chithra,10244,1394,https://en.msidb.org/s.php?10244,https://en.msidb.org/m.php?1394
Njaattuvelakkiliye [M],Midhunam,1993,Madhyamavathi,MG Radhakrishnan,ONV Kurup,MG Sreekumar,19279,1394,https://en.msidb.org/s.php?19279,https://en.msidb.org/m.php?1394
Ganapathibhagavaan,Paadheyam,1993,Madhyamavathi,Bombay Ravi,Kaithapram,KJ Yesudas,11583,3068,https://en.msidb.org/s.php?11583,https://en.msidb.org/m.php?3068
Sangamam eppol,Chiranjeevi,1994,Madhyamavathi,Raj Kotti,Mankombu Gopalakrishnan,"MG Sreekumar, Swarnalatha",9946,923,https://en.msidb.org/s.php?9946,https://en.msidb.org/m.php?923
Nizhalkkoottile [Kathirum Pathirum],Kinnarippuzhayoram,1994,Madhyamavathi,MG Radhakrishnan,Gireesh Puthenchery,MG Sreekumar,11608,1224,https://en.msidb.org/s.php?11608,https://en.msidb.org/m.php?1224
Manoraajyamaake,Sankeerthanam,1994,Madhyamavathi,Raveendran,Kaithapram,KJ Yesudas,13064,5228,https://en.msidb.org/s.php?13064,https://en.msidb.org/m.php?5228
Nagumomu,Sopaanam,1994,Madhyamavathi,SP Venkitesh,Traditional (Thyagaraja),Mano,12217,4602,https://en.msidb.org/s.php?12217,https://en.msidb.org/m.php?4602
Sahasra,Sukrutham,1994,Madhyamavathi,Bombay Ravi,ONV Kurup,"KJ Yesudas, Chorus",10059,4621,https://en.msidb.org/s.php?10059,https://en.msidb.org/m.php?4621
Thankatheril,Vadhu Doctoraanu,1994,Madhyamavathi,Kannur Rajan,Gireesh Puthenchery,"KJ Yesudas, KS Chithra, Chorus",10044,5027,https://en.msidb.org/s.php?10044,https://en.msidb.org/m.php?5027
Thalappoli,Avittam Thirunaal Arogya Sreeman,1995,Madhyamavathi,SP Venkitesh,Gireesh Puthenchery,KJ Yesudas,10012,1903,https://en.msidb.org/s.php?10012,https://en.msidb.org/m.php?1903
Vellaaram Kilikal,Mangalyasoothram,1995,Madhyamavathi,Berny Ignatius,Gireesh Puthenchery,"P Jayachandran, Sujatha Mohan",9972,4430,https://en.msidb.org/s.php?9972,https://en.msidb.org/m.php?4430
Mazha peythu maanam thelinja,Oru Abhibhaashakante Case Diary,1995,Madhyamavathi,Raveendran,Shibu Chakravarthy,KJ Yesudas,9948,2974,https://en.msidb.org/s.php?9948,https://en.msidb.org/m.php?2974
Paahiraamaprabho,Sindoorarekha,1995,Madhyamavathi,Sharreth,Traditional (Bhadrachala Ramadasa),Sharreth,9915,792,https://en.msidb.org/s.php?9915,https://en.msidb.org/m.php?792
Thaazhampoo,Devaraagam,1996,Madhyamavathi,MM Keeravani,MD Rajendran,"Sujatha Mohan, Sindhudevi",11832,1363,https://en.msidb.org/s.php?11832,https://en.msidb.org/m.php?1363
Mazhavillinkottaarathil,Indraprastham,1996,Madhyamavathi,Vidyasagar,Kaithapram,"Biju Narayanan, Sujatha Mohan",8987,1476,https://en.msidb.org/s.php?8987,https://en.msidb.org/m.php?1476
Kalyaana Sougandhikam,Kalyaana Saugandhikam,1996,Madhyamavathi,Johnson,Kaithapram,KS Chithra,12889,4886,https://en.msidb.org/s.php?12889,https://en.msidb.org/m.php?4886
Kalyaana Sougandhikam,Kalyaana Saugandhikam,1996,Madhyamavathi,Johnson,Kaithapram,Biju Narayanan,12891,4886,https://en.msidb.org/s.php?12891,https://en.msidb.org/m.php?4886
Ambala nadakal,Kunkumacheppu,1996,Madhyamavathi,SP Venkitesh,Kaithapram,"Biju Narayanan, KS Chithra",9851,4255,https://en.msidb.org/s.php?9851,https://en.msidb.org/m.php?4255
Kathirum kothi,Man of the Match,1996,Madhyamavathi,Ilayaraja,Gireesh Puthenchery,"MG Sreekumar, KS Chithra",11686,34,https://en.msidb.org/s.php?11686,https://en.msidb.org/m.php?34
Oru Pokku Veyiletta [F],Swarnna Chaamaram,1996,Madhyamavathi,MM Keeravani,K Jayakumar,KS Chithra,12737,5763,https://en.msidb.org/s.php?12737,https://en.msidb.org/m.php?5763
Oru Pokku Veyiletta [M],Swarnna Chaamaram,1996,Madhyamavathi,MM Keeravani,K Jayakumar,Biju Narayanan,12738,5763,https://en.msidb.org/s.php?12738,https://en.msidb.org/m.php?5763
Kuyil paadum,Aaraam Thamburaan,1997,Madhyamavathi,Raveendran,Gireesh Puthenchery,"MG Sreekumar, Sujatha Mohan",9806,4607,https://en.msidb.org/s.php?9806,https://en.msidb.org/m.php?4607
Vannaathippuzhayude,Kaliyaattam,1997,Madhyamavathi,Kaithapram,Kaithapram,KJ Yesudas,13007,721,https://en.msidb.org/s.php?13007,https://en.msidb.org/m.php?721
Kinnaara Kaakkaathikkiliye,Ullaasapoonkaattu,1997,Madhyamavathi,Berny Ignatius,Kaithapram,"KS Chithra, Chorus",14421,1403,https://en.msidb.org/s.php?14421,https://en.msidb.org/m.php?1403
Machakathammaye,Chindhavishtayaaya Syaamala,1998,Madhyamavathi,Johnson,Gireesh Puthenchery,"MG Sreekumar, Chorus",5511,2065,https://en.msidb.org/s.php?5511,https://en.msidb.org/m.php?2065
Mazhavillin,Harthaal,1998,Madhyamavathi,Mohan Sithara,Bharanikkavu Sivakumar,KS Chithra,11462,5394,https://en.msidb.org/s.php?11462,https://en.msidb.org/m.php?5394
Ponveyil,Nakshathrathaaraattu,1998,Madhyamavathi,Mohan Sithara,Gireesh Puthenchery,KJ Yesudas,11743,2372,https://en.msidb.org/s.php?11743,https://en.msidb.org/m.php?2372
Maaya Devakikku Makan Piranne,Chandranudikkunna Dikkil,1999,Madhyamavathi,Vidyasagar,S Ramesan Nair,"KS Chithra, Edappal Viswan, KL Sreeram",9508,485,https://en.msidb.org/s.php?9508,https://en.msidb.org/m.php?485
Poliyopoli,Pallaavoor Devanaaraayanan,1999,Madhyamavathi,Raveendran,Gireesh Puthenchery,Mammootty,9448,749,https://en.msidb.org/s.php?9448,https://en.msidb.org/m.php?749
Shankhum Venchaamaravum,Pattaabhishekam (New),1999,Madhyamavathi,Berny Ignatius,Bichu Thirumala,KJ Yesudas,11336,1773,https://en.msidb.org/s.php?11336,https://en.msidb.org/m.php?1773
Ponnitta Pettakam (F),Pranayanilaavu,1999,Madhyamavathi,Berny Ignatius,S Ramesan Nair,AR Rehna,11301,773,https://en.msidb.org/s.php?11301,https://en.msidb.org/m.php?773
Ponnitta Pettakam (M),Pranayanilaavu,1999,Madhyamavathi,Berny Ignatius,S Ramesan Nair,KJ Yesudas,11304,773,https://en.msidb.org/s.php?11304,https://en.msidb.org/m.php?773
Ini maananathum (F),Cover Story,2000,Madhyamavathi,Sharreth,Gireesh Puthenchery,"KS Chithra, Sharreth",14461,831,https://en.msidb.org/s.php?14461,https://en.msidb.org/m.php?831
Ini maanathum,Cover Story,2000,Madhyamavathi,Sharreth,Gireesh Puthenchery,"MG Sreekumar, Sharreth",9505,831,https://en.msidb.org/s.php?9505,https://en.msidb.org/m.php?831
Pazhanimala,Narasimham,2000,Madhyamavathi,MG Radhakrishnan,Gireesh Puthenchery,MG Sreekumar,9286,3359,https://en.msidb.org/s.php?9286,https://en.msidb.org/m.php?3359
Aruvikalude,Saiver Thirumeni,2001,Madhyamavathi,Raveendran,Gireesh Puthenchery,"KJ Yesudas, KS Chithra",9052,3003,https://en.msidb.org/s.php?9052,https://en.msidb.org/m.php?3003
Pathinezhin Azhakaay,Uthaman,2001,Madhyamavathi,Johnson,Kaithapram,"KJ Yesudas, KS Chithra",9015,4666,https://en.msidb.org/s.php?9015,https://en.msidb.org/m.php?4666
Neelappolayante,Chakkarakkudam,2002,Madhyamavathi,Raveendran,Gireesh Puthenchery,MG Sreekumar,8903,1019,https://en.msidb.org/s.php?8903,https://en.msidb.org/m.php?1019
Thathum,Kadha,2002,Madhyamavathi,Ouseppachan,Gireesh Puthenchery,Asha G Menon,8977,2698,https://en.msidb.org/s.php?8977,https://en.msidb.org/m.php?2698
Vande Maatharam,Krishnapakshakkilikal,2002,Madhyamavathi,Raveendran,"Bankim Chandra Chatterji, Bharanikkavu Sivakumar",KJ Yesudas,8956,1943,https://en.msidb.org/s.php?8956,https://en.msidb.org/m.php?1943
Chandiranaano maanathu,Chithrakoodam,2003,Madhyamavathi,SP Venkitesh,"Muthuvijayam, S Ramesan Nair",Swarnalatha,8646,1812,https://en.msidb.org/s.php?8646,https://en.msidb.org/m.php?1812
Paikkurumbiye Meykkum,Gramaphone,2003,Madhyamavathi,Vidyasagar,Gireesh Puthenchery,"Sujatha Mohan, Balram, Chorus",8992,2549,https://en.msidb.org/s.php?8992,https://en.msidb.org/m.php?2549
Aaru Paranju,Pulivaal Kalyaanam,2003,Madhyamavathi,Berny Ignatius,Kaithapram,"P Jayachandran, KS Chithra",14233,2461,https://en.msidb.org/s.php?14233,https://en.msidb.org/m.php?2461
Aazhakkadalinte,Chaanthu Pottu,2005,Madhyamavathi,Vidyasagar,Sarath Vayalar,S Janaki,8325,194,https://en.msidb.org/s.php?8325,https://en.msidb.org/m.php?194
Aazhakkadalinte,Chaanthu Pottu,2005,Madhyamavathi,Vidyasagar,Sarath Vayalar,P Jayachandran,8326,194,https://en.msidb.org/s.php?8326,https://en.msidb.org/m.php?194
Gooda manthra,Thanthra,2006,Madhyamavathi,Alex Paul,Subhash Cherthala,Madhu Balakrishnan,11186,5111,https://en.msidb.org/s.php?11186,https://en.msidb.org/m.php?5111
Gooda manthra [D],Thanthra,2006,Madhyamavathi,Alex Paul,Subhash Cherthala,"Madhu Balakrishnan, Manjari",11187,5111,https://en.msidb.org/s.php?11187,https://en.msidb.org/m.php?5111
Gange Thudiyil (F),Vadakkumnathan,2006,Madhyamavathi,Raveendran,Gireesh Puthenchery,KS Chithra,11219,3625,https://en.msidb.org/s.php?11219,https://en.msidb.org/m.php?3625
Thaamarayum Sooryanum Thammilinnum (M),Chocolate,2007,Madhyamavathi,Alex Paul,Sarath Vayalar,KJ Yesudas,14690,6046,https://en.msidb.org/s.php?14690,https://en.msidb.org/m.php?6046
Thaamarayum Sooryanum Thammilunnum (F),Chocolate,2007,Madhyamavathi,Alex Paul,Sarath Vayalar,Jyotsna Radhakrishnan,14694,6046,https://en.msidb.org/s.php?14694,https://en.msidb.org/m.php?6046
Melle,Nottam,2007,Madhyamavathi,M Jayachandran,Kaithapram,M Jayachandran,10941,2440,https://en.msidb.org/s.php?10941,https://en.msidb.org/m.php?2440
Raathrimazha [MD],Raathrimazha,2007,Madhyamavathi,Ramesh Narayan,Sugathakumari,"Ramesh Narayanan, Gayathri Ashokan",17804,5191,https://en.msidb.org/s.php?17804,https://en.msidb.org/m.php?5191
Chirikal Thorumen,Adayaalangal,2008,Madhyamavathi,Vidyadharan,Edappalli Raghavan Pillai,KJ Yesudas,15839,6141,https://en.msidb.org/s.php?15839,https://en.msidb.org/m.php?6141
Konnappoo,Thaavalam,2008,Madhyamavathi,Natesh Shankar,Sarath Vayalar,Madhu BalaKrishnan,17658,6235,https://en.msidb.org/s.php?17658,https://en.msidb.org/m.php?6235
Veendum Makaranilaavu,Bhaarya Swantham Suhruthu,2009,Madhyamavathi,Alex Paul,ONV Kurup,P Jayachandran,16577,6227,https://en.msidb.org/s.php?16577,https://en.msidb.org/m.php?6227
Swantham Swantham Baalyathiloode,Madhyavenal,2009,Madhyamavathi,Kaithapram Viswanath,Kaithapram,KJ Yesudas,189865,6586,https://en.msidb.org/s.php?189865,https://en.msidb.org/m.php?6586
Indraneelaraavil,Neelaambari,2010,Madhyamavathi,Kaithapram Viswanath,Kaithapram,Manjari,190944,6715,https://en.msidb.org/s.php?190944,https://en.msidb.org/m.php?6715
Rama rama rama,Neelaambari,2010,Madhyamavathi,Kaithapram Viswanath,Kaithapram,Darsana Sreenath,190961,6715,https://en.msidb.org/s.php?190961,https://en.msidb.org/m.php?6715
Shambo shankara,Neelaambari,2010,Madhyamavathi,Kaithapram Viswanath,Kaithapram,Shankar Suresh,190959,6715,https://en.msidb.org/s.php?190959,https://en.msidb.org/m.php?6715
Mallipoo,Pullimaan,2010,Madhyamavathi,Sharreth,Kaithapram,"MG Sreekumar, Sithara Krishnakumar",190645,6663,https://en.msidb.org/s.php?190645,https://en.msidb.org/m.php?6663
Harivaraasanam,Thathwamasi,2010,Madhyamavathi,Ramesh Narayan,Kumbakudi Kulathur Iyer,"KJ Yesudas, Ramesh Narayan",190334,6629,https://en.msidb.org/s.php?190334,https://en.msidb.org/m.php?6629
Prajnjaanam,Yugapurushan,2010,Madhyamavathi,Mohan Sithara,Sreenarayana Guru,Madhu Balakrishnan,190532,6648,https://en.msidb.org/s.php?190532,https://en.msidb.org/m.php?6648
Kasthoori Manakkunnallo,Naayika,2011,Madhyamavathi,MK Arjunan,Sreekumaran Thampi,KJ Yesudas,193201,6940,https://en.msidb.org/s.php?193201,https://en.msidb.org/m.php?6940
Punchiri Thanchum,Bicycle Thieves,2013,Madhyamavathi,Deepak Dev,Kaithapram,Shankar Mahadevan,195097,7416,https://en.msidb.org/s.php?195097,https://en.msidb.org/m.php?7416
Yadukulothama,Sargam,1992,Malahari,Traditional,Traditional (Purandaradasa),"KJ Yesudas, KS Chithra",12268,3494,https://en.msidb.org/s.php?12268,https://en.msidb.org/m.php?3494
Sreegananaadha sindooravarnna,Sreeraagam,1995,Malahari,Kanhangad Ramachandran,Traditional (Purandaradasa),Kanhangad Ramachandran,11655,3499,https://en.msidb.org/s.php?11655,https://en.msidb.org/m.php?3499
Omkaaram Omkaaram,Kumaarasambhavam,1969,Malayamarutham,G Devarajan,Vayalar Ramavarma,KJ Yesudas,1407,557,https://en.msidb.org/s.php?1407,https://en.msidb.org/m.php?557
Aadiyil Malsyamaay,Sree Guruvayoorappan,1972,Malayamarutham,V Dakshinamoorthy,ONV Kurup,KJ Yesudas,2785,790,https://en.msidb.org/s.php?2785,https://en.msidb.org/m.php?790
Shivashambho Shambho [Naranaayingane],Kaliyugam,1973,Malayamarutham,G Devarajan,Traditional,P Madhuri,2952,4241,https://en.msidb.org/s.php?2952,https://en.msidb.org/m.php?4241
Ushaakiranangal,Guruvayoor Kesavan,1977,Malayamarutham,G Devarajan,P Bhaskaran,KJ Yesudas,4450,4509,https://en.msidb.org/s.php?4450,https://en.msidb.org/m.php?4509
Manassa Yetulo,Sree Thyagaraja,1981,Malayamarutham,KV Mahadevan,Traditional (Thyagaraja),SP Balasubrahmanyam,6804,3020,https://en.msidb.org/s.php?6804,https://en.msidb.org/m.php?3020
Aalolam Peeli,Aalolam,1982,Malayamarutham,Ilayaraja,Kavalam Narayana Panicker,"KJ Yesudas, Kavalam Sreekumar",6289,3865,https://en.msidb.org/s.php?6289,https://en.msidb.org/m.php?3865
Eeshwara jagadeeshwara,Sree Ayyappanum Vaavarum,1982,Malayamarutham,AT Ummer,Poovachal Khader,KJ Yesudas,6384,1558,https://en.msidb.org/s.php?6384,https://en.msidb.org/m.php?1558
Sudarsanayaagam,Mahaabali,1983,Malayamarutham,MK Arjunan,Pappanamkodu Lakshmanan,"KP Brahmanandan, Chorus",7517,3831,https://en.msidb.org/s.php?7517,https://en.msidb.org/m.php?3831
Nithyaanandakari,Amme Naaraayana,1984,Malayamarutham,AT Ummer,Traditional (Sri Shankaracharyar),KJ Yesudas,13895,1053,https://en.msidb.org/s.php?13895,https://en.msidb.org/m.php?1053
Kanikal,Athiraathram,1984,Malayamarutham,MS Viswanathan,Kavalam Narayana Panicker,"KJ Yesudas, S Janaki",7298,2649,https://en.msidb.org/s.php?7298,https://en.msidb.org/m.php?2649
Eeran Meghangal,Nullinovikkaathe,1985,Malayamarutham,Rajamani,Poovachal Khader,KJ Yesudas,6690,1037,https://en.msidb.org/s.php?6690,https://en.msidb.org/m.php?1037
Udayakunkumam,Sree Naaraayanaguru,1986,Malayamarutham,G Devarajan,S Ramesan Nair,M Balamuralikrishna,7871,2405,https://en.msidb.org/s.php?7871,https://en.msidb.org/m.php?2405
Vidyaavinodini,Naaradan Keralathil,1987,Malayamarutham,MK Arjunan,P Bhaskaran,KJ Yesudas,8027,339,https://en.msidb.org/s.php?8027,https://en.msidb.org/m.php?339
Pularkala Sundara,Oru Meymaasappulariyil,1987,Malayamarutham,Raveendran,P Bhaskaran,KS Chithra,7180,12,https://en.msidb.org/s.php?7180,https://en.msidb.org/m.php?12
Manjin Poomazhayil,Veendum Lisa,1987,Malayamarutham,Raghu Kumar,Poovachal Khader,KJ Yesudas,7146,5042,https://en.msidb.org/s.php?7146,https://en.msidb.org/m.php?5042
Koottunnu kizhikunnu,Veruthe Nuna Parayaruthu,1987,Malayamarutham,Vidyadharan,P Bhaskaran,KJ Yesudas,9808,4190,https://en.msidb.org/s.php?9808,https://en.msidb.org/m.php?4190
Konchikkonchi,David David Mr David,1988,Malayamarutham,Raveendran,Bichu Thirumala,"KJ Yesudas, KS Chithra",8154,3872,https://en.msidb.org/s.php?8154,https://en.msidb.org/m.php?3872
Manipravaalam [Thumbappoovil Unarnnu Vaasaram],Ananthanum Appukkuttanum Aanayundu,1990,Malayamarutham,Johnson,Kaithapram,KJ Yesudas,11813,5128,https://en.msidb.org/s.php?11813,https://en.msidb.org/m.php?5128
Thumbappoo Kodiyuduthu,Sandesham,1991,Malayamarutham,Johnson,Kaithapram,"G Venugopal, KS Chithra, Chorus",10515,3743,https://en.msidb.org/s.php?10515,https://en.msidb.org/m.php?3743
Moonnum Kootti,Chaithanyam,1995,Malayamarutham,Raveendran,Chowalloor Krishnankutty,Kalabhavan Navas,13810,4927,https://en.msidb.org/s.php?13810,https://en.msidb.org/m.php?4927
Dhanyudevadu,Sunny Scooter,1995,Malayamarutham,Johnson,Traditional (Pattanam Subrahmanya Iyer),Kanhangad Ramachandran,9907,1886,https://en.msidb.org/s.php?9907,https://en.msidb.org/m.php?1886
Valampiri shankil,Kaarunyam,1997,Malayamarutham,Kaithapram,Kaithapram,KJ Yesudas,9731,3782,https://en.msidb.org/s.php?9731,https://en.msidb.org/m.php?3782
Venalkkaadum poothu,Kalyanappittennu,1997,Malayamarutham,Raveendran,S Ramesan Nair,KJ Yesudas,9741,1235,https://en.msidb.org/s.php?9741,https://en.msidb.org/m.php?1235
Aattumazhachaattum,Kaakkakarumban,2004,Malayamarutham,M Jayachandran,Gireesh Puthenchery,Elenko,8596,1693,https://en.msidb.org/s.php?8596,https://en.msidb.org/m.php?1693
Chella Paappa,Mad Dad,2013,Manavathi,Alex Paul,Revathy Varma,"P Jayachandran, KS Chithra",193999,7033,https://en.msidb.org/s.php?193999,https://en.msidb.org/m.php?7033
Dadhya Dayanupavano (Kanakadharasthavam),Jagadguru Adisankaran,1977,Manirang,V Dakshinamoorthy,Sankaracharyar,P Leela,13739,3882,https://en.msidb.org/s.php?13739,https://en.msidb.org/m.php?3882
Thrikkaal Randum,Krishna Guruvaayoorappa,1984,Manirang,V Dakshinamoorthy,Poovachal Khader,KJ Yesudas,189693,2808,https://en.msidb.org/s.php?189693,https://en.msidb.org/m.php?2808
Sharappoli maala Chaarthi,April 19,1996,Manirang,Raveendran,S Ramesan Nair,"KJ Yesudas, S Janaki",9891,2114,https://en.msidb.org/s.php?9891,https://en.msidb.org/m.php?2114
Kezhuka Thaaye,Amma,1952,Manolayam,V Dakshinamoorthy,P Bhaskaran,P Leela,1598,4654,https://en.msidb.org/s.php?1598,https://en.msidb.org/m.php?4654
Chalamelera,Sreeraagam,1995,Marga Hindolam,Kanhangad Ramachandran,Traditional (Thyagaraja),Kanhangad Ramachandran,11657,3499,https://en.msidb.org/s.php?11657,https://en.msidb.org/m.php?3499
Daivame Paalaya,Nirmala,1948,Mayamalava Gowla,"PS Divakar, EI Warrier",G Sankara Kurup,P Leela,189942,3395,https://en.msidb.org/s.php?189942,https://en.msidb.org/m.php?3395
Paahi Thaaye,Jeevithanouka,1951,Mayamalava Gowla,V Dakshinamoorthy,Abhayadev,"Mehboob, Kaviyoor Revamma",1570,219,https://en.msidb.org/s.php?1570,https://en.msidb.org/m.php?219
Mulkkireedamithenthinu,Bhaarya,1962,Mayamalava Gowla,G Devarajan,Vayalar Ramavarma,P Susheela,178,732,https://en.msidb.org/s.php?178,https://en.msidb.org/m.php?732
Raamayanathile Seetha,Othenante Makan,1970,Mayamalava Gowla,G Devarajan,Vayalar Ramavarma,"MG Radhakrishnan, P Leela",2306,2354,https://en.msidb.org/s.php?2306,https://en.msidb.org/m.php?2354
Ambalavilakkukal,Divyadarshanam,1973,Mayamalava Gowla,MS Viswanathan,Sreekumaran Thampi,KJ Yesudas,3144,3458,https://en.msidb.org/s.php?3144,https://en.msidb.org/m.php?3458
Gopakumara,Rahasyaraathri,1974,Mayamalava Gowla,MK Arjunan,Vayalar Ramavarma,"KP Brahmanandan, Ayiroor Sadasivan",3268,4904,https://en.msidb.org/s.php?3268,https://en.msidb.org/m.php?4904
Manjakkilee Swarnakkilee,Sethubandhanam,1974,Mayamalava Gowla,G Devarajan,Sreekumaran Thampi,Latha Raju,3291,895,https://en.msidb.org/s.php?3291,https://en.msidb.org/m.php?895
Vilwamangalathinu,Maanishaada,1975,Mayamalava Gowla,G Devarajan,Vayalar Ramavarma,KJ Yesudas,3499,4715,https://en.msidb.org/s.php?3499,https://en.msidb.org/m.php?4715
Vaasanachepputhakarnnoru,Chennaaya Valarthiya Kutty,1976,Mayamalava Gowla,MK Arjunan,Mankombu Gopalakrishnan,KJ Yesudas,3862,4214,https://en.msidb.org/s.php?3862,https://en.msidb.org/m.php?4214
Guruvaayoorappa Abhayam,Ozhukkinethire,1976,Mayamalava Gowla,MK Arjunan,Sreekumaran Thampi,Ambili Rajasekharan,3893,1939,https://en.msidb.org/s.php?3893,https://en.msidb.org/m.php?1939
Thiruvilayadalil,Sathyavaan Saavithri,1977,Mayamalava Gowla,G Devarajan,Sreekumaran Thampi,P Madhuri,4387,710,https://en.msidb.org/s.php?4387,https://en.msidb.org/m.php?710
Devadaoothan Pokunnu,Velaankanni Mathavu,1977,Mayamalava Gowla,G Devarajan,Sreekumaran Thampi,"KJ Yesudas, Chorus",13197,3050,https://en.msidb.org/s.php?13197,https://en.msidb.org/m.php?3050
Ganapathiye Sharanam,Aanakkalari,1978,Mayamalava Gowla,MK Arjunan,Sreekumaran Thampi,"Vani Jairam, Chorus",4899,1882,https://en.msidb.org/s.php?4899,https://en.msidb.org/m.php?1882
Om Kaali Mahaakaali,Ithaa Oru Manushyan,1978,Mayamalava Gowla,MS Viswanathan,Sreekumaran Thampi,LR Eeswari,4670,4092,https://en.msidb.org/s.php?4670,https://en.msidb.org/m.php?4092
Eeshwarante,Oru Thalai Ragam,1981,Mayamalava Gowla,"T Rajendar, AA Raja",Mankombu Gopalakrishnan,P Jayachandran,16336,5810,https://en.msidb.org/s.php?16336,https://en.msidb.org/m.php?5810
Padmaraagaveenayithu meetti aaduvaan,Chambalkaadu,1982,Mayamalava Gowla,MK Arjunan,Kollam Gopi,Jency,6253,2925,https://en.msidb.org/s.php?6253,https://en.msidb.org/m.php?2925
Hridaya sakhi nee arikil varoo,Kinnaaram,1983,Mayamalava Gowla,Raveendran,Sathyan Anthikkad,KJ Yesudas,7544,1511,https://en.msidb.org/s.php?7544,https://en.msidb.org/m.php?1511
Dala Marmaram (F),Varnam,1989,Mayamalava Gowla,Ouseppachan,K Jayakumar,"KS Chithra, Chorus",7003,3568,https://en.msidb.org/s.php?7003,https://en.msidb.org/m.php?3568
Dala Marmaram [M],Varnam,1989,Mayamalava Gowla,Ouseppachan,K Jayakumar,MG Sreekumar,14531,3568,https://en.msidb.org/s.php?14531,https://en.msidb.org/m.php?3568
Dhwani Prasaadam,Bharatham,1991,Mayamalava Gowla,Raveendran,Kaithapram,"M Balamuralikrishna, KJ Yesudas, KS Chithra",10606,2576,https://en.msidb.org/s.php?10606,https://en.msidb.org/m.php?2576
Dhwaniprasaadam,Bharatham,1991,Mayamalava Gowla,Raveendran,Kaithapram,KJ Yesudas,194980,2576,https://en.msidb.org/s.php?194980,https://en.msidb.org/m.php?2576
Pavanarachezhuthunnu,Vietnam Colony,1992,Mayamalava Gowla,S Balakrishnan,Bichu Thirumala,KJ Yesudas,10367,761,https://en.msidb.org/s.php?10367,https://en.msidb.org/m.php?761
Pavanarachezhuthunnu,Vietnam Colony,1992,Mayamalava Gowla,S Balakrishnan,Bichu Thirumala,"Sujatha Mohan, Kalyani Menon, Chorus",15531,761,https://en.msidb.org/s.php?15531,https://en.msidb.org/m.php?761
Deva Deva Kalayaamithe [Bit],Sarovaram,1993,Mayamalava Gowla,SP Venkitesh,Traditional (Swathi Thirunal),Uncategorized,189898,1974,https://en.msidb.org/s.php?189898,https://en.msidb.org/m.php?1974
Moovanthippenninu,Sarovaram,1993,Mayamalava Gowla,SP Venkitesh,Kaithapram,"SP Venkitesh, KS Chithra",12565,1974,https://en.msidb.org/s.php?12565,https://en.msidb.org/m.php?1974
Deva Deva,Sopaanam,1994,Mayamalava Gowla,SP Venkitesh,Traditional (Swathi Thirunal),"TN Seshagopalan, Manoj Krishnan",12216,4602,https://en.msidb.org/s.php?12216,https://en.msidb.org/m.php?4602
Kurumaatti Koottum,Aattuvela,1997,Mayamalava Gowla,Raveendran,Gireesh Puthenchery,"Mano, Chorus",14523,4242,https://en.msidb.org/s.php?14523,https://en.msidb.org/m.php?4242
Anaadi Gayakan,Five Star Hospital,1997,Mayamalava Gowla,Bombay Ravi,Yusufali Kecheri,KG Markose,13024,3813,https://en.msidb.org/s.php?13024,https://en.msidb.org/m.php?3813
Manjolum raathri,Oru Yaathramozhi,1997,Mayamalava Gowla,Ilayaraja,Gireesh Puthenchery,P Jayachandran,11720,1457,https://en.msidb.org/s.php?11720,https://en.msidb.org/m.php?1457
Kenu Mayangeeyo,Kallukondoru Pennu,1998,Mayamalava Gowla,Ilayaraja,ONV Kurup,KS Chithra,9630,3822,https://en.msidb.org/s.php?9630,https://en.msidb.org/m.php?3822
Koodaara koottil thengum [F],Sundarakilladi,1998,Mayamalava Gowla,Ouseppachan,Bichu Thirumala,KS Chithra,9557,4579,https://en.msidb.org/s.php?9557,https://en.msidb.org/m.php?4579
Oru chiri kandaal,Ponmudippuzhayorathu,2005,Mayamalava Gowla,Ilayaraja,Gireesh Puthenchery,"Vijay Yesudas, Manjari",10970,994,https://en.msidb.org/s.php?10970,https://en.msidb.org/m.php?994
Varavelkkumo,Pachakkuthira,2006,Mayamalava Gowla,Ilayaraja,Gireesh Puthenchery,"Madhu Balakrishnan, Jyotsna Radhakrishnan",11158,5059,https://en.msidb.org/s.php?11158,https://en.msidb.org/m.php?5059
Thulaseedala,Aananda Bhairavi,2007,Mayamalava Gowla,Veena Parthasarathy,Traditional (Thyagaraja),Arjun Krishna,13123,5505,https://en.msidb.org/s.php?13123,https://en.msidb.org/m.php?5505
Thulaseedala,Pranayakaalam,2007,Mayamalava Gowla,Ouseppachan,Traditional (Thyagaraja),KJ Yesudas,13800,5982,https://en.msidb.org/s.php?13800,https://en.msidb.org/m.php?5982
Vijanatheeram,Anwar,2010,Mayamalava Gowla,Gopi Sundar,Rafeeq Ahamed,"Sukhwinder Singh, Blaaze, Chorus",192232,6661,https://en.msidb.org/s.php?192232,https://en.msidb.org/m.php?6661
Aagathamaam Aazhi Vithumbi,Jalachhaayam,2010,Mayamalava Gowla,Unnikumar,Sidharthan Puranattukara,Baburaj Puthur,1956002,8637,https://en.msidb.org/s.php?1956002,https://en.msidb.org/m.php?8637
Kukukukkoo,Aamayum Muyalum,2014,Mayamalava Gowla,MG Sreekumar,Rajeev Alunkal,"MG Sreekumar, Nayana",1953780,7789,https://en.msidb.org/s.php?1953780,https://en.msidb.org/m.php?7789
Kadhanam,Neerali,2018,Mayamalava Gowla,SNP Yesen,Baburaj Menon,Baburaj Menon,1956509,8712,https://en.msidb.org/s.php?1956509,https://en.msidb.org/m.php?8712
Pranathosmi Guruvayupuresham [F],Sindoorarekha,1995,Mayashree,Sharreth,Kaithapram,KS Chithra,15831,792,https://en.msidb.org/s.php?15831,https://en.msidb.org/m.php?792
Gopike,Nandanam,2002,Megh,Raveendran,Gireesh Puthenchery,KJ Yesudas,9106,4990,https://en.msidb.org/s.php?9106,https://en.msidb.org/m.php?4990
Hrudaya Mrudanga,Naadabrahmam,2011,Megh,Mohan Sithara,Yusufali Kecheri,Madhu Balakrishnan,193349,6967,https://en.msidb.org/s.php?193349,https://en.msidb.org/m.php?6967
Thattam Pidichu,Paradesi,2007,Misra Keeravani,"Ramesh Narayan, Shahabaz Aman",Rafeeq Ahamed,Sujatha Mohan,12368,5300,https://en.msidb.org/s.php?12368,https://en.msidb.org/m.php?5300
Aanandakkaneerin,Paradesi,2007,Misra Khamas,"Ramesh Narayan, Shahabaz Aman",Rafeeq Ahamed,"Sujatha Mohan, Manjari",12369,5300,https://en.msidb.org/s.php?12369,https://en.msidb.org/m.php?5300
Jamuna Kinaare,Swaathy Thirunaal,1987,Misra Peelu,MB Sreenivasan,Traditional (Swathi Thirunal),M Balamuralikrishna,7129,252,https://en.msidb.org/s.php?7129,https://en.msidb.org/m.php?252
Krishna Virahini,Swathu,1980,Misra Sivaranjani,G Devarajan,Kavalam Narayana Panicker,P Madhuri,5736,3433,https://en.msidb.org/s.php?5736,https://en.msidb.org/m.php?3433
Ilakozhiyum,Varshangal Poyathariyaathe,1987,Misra Sivaranjani,Mohan Sithara,Kottakkal Kunjimoideen Kutty,KJ Yesudas,7185,4354,https://en.msidb.org/s.php?7185,https://en.msidb.org/m.php?4354
Ilakozhiyum,Varshangal Poyathariyaathe,1987,Misra Sivaranjani,Mohan Sithara,Kottakkal Kunjimoideen Kutty,KS Chithra,7186,4354,https://en.msidb.org/s.php?7186,https://en.msidb.org/m.php?4354
Aakaashadeepangal,Raavanaprabhu,2001,Misra Sivaranjani,Suresh Peters,Gireesh Puthenchery,KS Chithra,9067,332,https://en.msidb.org/s.php?9067,https://en.msidb.org/m.php?332
Aakaashadeepangal [M],Raavanaprabhu,2001,Misra Sivaranjani,Suresh Peters,Gireesh Puthenchery,KJ Yesudas,16497,332,https://en.msidb.org/s.php?16497,https://en.msidb.org/m.php?332
Innenikku Pottukuthaan,Guruvayoor Kesavan,1977,Miyan Ki Malhar,G Devarajan,P Bhaskaran,P Madhuri,4445,4509,https://en.msidb.org/s.php?4445,https://en.msidb.org/m.php?4509
Indupushpam,Vaishali,1988,Miyan Ki Malhar,Bombay Ravi,ONV Kurup,KS Chithra,8185,3340,https://en.msidb.org/s.php?8185,https://en.msidb.org/m.php?3340
Devi Aathmaraagam,Njaan Gandharvan,1991,Miyan Ki Malhar,Johnson,Kaithapram,KJ Yesudas,11222,4411,https://en.msidb.org/s.php?11222,https://en.msidb.org/m.php?4411
Puthumazha Nanayum,Pranayamazha,1999,Miyan Ki Malhar,Wilson,S Ramesan Nair,"MG Sreekumar, KS Chithra",14644,265,https://en.msidb.org/s.php?14644,https://en.msidb.org/m.php?265
Neeyillayenkil,Karayilekku Oru Kadaldooram,2010,Miyan Ki Malhar,M Jayachandran,K Sachithanandan,M Jayachandran,192392,6775,https://en.msidb.org/s.php?192392,https://en.msidb.org/m.php?6775
Manjulaa Manjulaa,Ardhanaari,2012,Miyan Ki Malhar,MG Sreekumar,Rajeev Alunkal,MG Sreekumar,194226,7155,https://en.msidb.org/s.php?194226,https://en.msidb.org/m.php?7155
Sree Vaasudeva Parane,Balan,1938,Mohana Kalyani,"KK Aroor, Ibrahim",Muthukulam Raghavan Pillai,Uncategorized,14234,1204,https://en.msidb.org/s.php?14234,https://en.msidb.org/m.php?1204
Anjanamizhkalil,College Girl,1974,Mohana Kalyani,AT Ummer,Dr Balakrishnan,"KJ Yesudas, S Janaki",3345,2577,https://en.msidb.org/s.php?3345,https://en.msidb.org/m.php?2577
Varna Pradarshana,Varadakshina,1977,Mohana Kalyani,G Devarajan,Sreekumaran Thampi,KJ Yesudas,4245,4912,https://en.msidb.org/s.php?4245,https://en.msidb.org/m.php?4912
Syamanthakam kilungunna,Drohi,1982,Mohana Kalyani,AT Ummer,Mankombu Gopalakrishnan,"KJ Yesudas, B Vasantha",6122,2810,https://en.msidb.org/s.php?6122,https://en.msidb.org/m.php?2810
Kaalindee Theeram Thannil,April 18,1984,Mohana Kalyani,AT Ummer,Bichu Thirumala,"KJ Yesudas, S Janakidevi",7292,280,https://en.msidb.org/s.php?7292,https://en.msidb.org/m.php?280
Maaleyam,Thacholi Vargheese Chekavar,1995,Mohana Kalyani,Sharreth,Gireesh Puthenchery,KS Chithra,11661,2351,https://en.msidb.org/s.php?11661,https://en.msidb.org/m.php?2351
Thaarakam Deepakam Maarivil,Poonilaamazha,1997,Mohana Kalyani,Laxmikant Pyarelal,Gireesh Puthenchery,KJ Yesudas,11465,1148,https://en.msidb.org/s.php?11465,https://en.msidb.org/m.php?1148
Kumkuma Raaga Paraaga (F),Punyam,2002,Mohana Kalyani,M Jayachandran,S Ramesan Nair,KS Chithra,8885,3242,https://en.msidb.org/s.php?8885,https://en.msidb.org/m.php?3242
Kumkuma Raaga Paraaga (M),Punyam,2002,Mohana Kalyani,M Jayachandran,S Ramesan Nair,MG Sreekumar,13796,3242,https://en.msidb.org/s.php?13796,https://en.msidb.org/m.php?3242
Nilaavinte (d),Moonnaamathoraal,2006,Mohana Kalyani,Ouseppachan,Shibu Chakravarthy,"G Venugopal, Manjari",12015,5401,https://en.msidb.org/s.php?12015,https://en.msidb.org/m.php?5401
Ee Nilaavin Smrithiyiloorum,Ezhaamathe Varavu,2013,Mohana Kalyani,T Hariharan,T Hariharan,KJ Yesudas,193689,7032,https://en.msidb.org/s.php?193689,https://en.msidb.org/m.php?7032
Ettan Varunna Diname,Nirmala,1948,Mohanam,EI Warrier,G Sankara Kurup,Vimala B Varma,13927,3395,https://en.msidb.org/s.php?13927,https://en.msidb.org/m.php?3395
Kallilum Mullilum,Newspaper Boy,1955,Mohanam,"A Vijayan, A Ramachandran",KC Poonkunnam,"TS Kumaresh, TA Lakshmi",17732,5843,https://en.msidb.org/s.php?17732,https://en.msidb.org/m.php?5843
Sangeethamee Jeevitham,Jailppulli,1957,Mohanam,Br Lakshmanan,Thirunayinaarkurichi Madhavan Nair,"Kamukara Purushothaman, Santha P Nair",1902,3187,https://en.msidb.org/s.php?1902,https://en.msidb.org/m.php?3187
Panineer Malarinorithal,Jnaana Sundari,1961,Mohanam,V Dakshinamoorthy,Abhayadev,Kamukara Purushothaman,114,1485,https://en.msidb.org/s.php?114,https://en.msidb.org/m.php?1485
Periyaare,Bhaarya,1962,Mohanam,G Devarajan,Vayalar Ramavarma,"AM Raja, P Susheela",172,732,https://en.msidb.org/s.php?172,https://en.msidb.org/m.php?732
Parannu Parannu,Sreeraama Pattaabhishekam,1962,Mohanam,Br Lakshmanan,Thirunayinaarkurichi Madhavan Nair,"Kamukara Purushothaman, P Susheela",130,1781,https://en.msidb.org/s.php?130,https://en.msidb.org/m.php?1781
Unarunaroo Unnipoove,Ammaye Kaanaan,1963,Mohanam,K Raghavan,P Bhaskaran,S Janaki,263,2516,https://en.msidb.org/s.php?263,https://en.msidb.org/m.php?2516
Jaladevathamaare,Kadalamma,1963,Mohanam,G Devarajan,Vayalar Ramavarma,"KJ Yesudas, P Susheela",237,684,https://en.msidb.org/s.php?237,https://en.msidb.org/m.php?684
Krishna Guruvaayoorappa,Nithyakanyaka,1963,Mohanam,G Devarajan,Vayalar Ramavarma,KJ Yesudas,186,4930,https://en.msidb.org/s.php?186,https://en.msidb.org/m.php?4930
Arabikkadaloru,Bhargaveenilayam,1964,Mohanam,MS Baburaj,P Bhaskaran,"KJ Yesudas, P Susheela",377,3535,https://en.msidb.org/s.php?377,https://en.msidb.org/m.php?3535
Pon Valayillenkilum,Kuttikkuppaayam,1964,Mohanam,MS Baburaj,P Bhaskaran,KP Udayabhanu,8250,3518,https://en.msidb.org/s.php?8250,https://en.msidb.org/m.php?3518
Devathaaru Pootha,Manavaatti,1964,Mohanam,G Devarajan,Vayalar Ramavarma,AM Raja,318,3363,https://en.msidb.org/s.php?318,https://en.msidb.org/m.php?3363
Kanikaanum Neram,Omanakuttan,1964,Mohanam,G Devarajan,Traditional (Poonthanam),"P Leela, Renuka",373,3706,https://en.msidb.org/s.php?373,https://en.msidb.org/m.php?3706
Thrikkaarthikaykku,Kadathukaaran,1965,Mohanam,MS Baburaj,Vayalar Ramavarma,"KP Udayabhanu, P Leela",454,3320,https://en.msidb.org/s.php?454,https://en.msidb.org/m.php?3320
Kadavathu Thoni,Murappennu,1965,Mohanam,BA Chidambaranath,P Bhaskaran,"S Janaki, Santha P Nair",604,407,https://en.msidb.org/s.php?604,https://en.msidb.org/m.php?407
Maalini Nadiyil,Shakunthala,1965,Mohanam,G Devarajan,Vayalar Ramavarma,"KJ Yesudas, P Susheela",577,3692,https://en.msidb.org/s.php?577,https://en.msidb.org/m.php?3692
Manjalayil Mungithorthi,Kalithozhan,1966,Mohanam,G Devarajan,P Bhaskaran,P Jayachandran,626,1134,https://en.msidb.org/s.php?626,https://en.msidb.org/m.php?1134
Pandoru Kaalam,Kanmanikal,1966,Mohanam,G Devarajan,Vayalar Ramavarma,Renuka,746,1086,https://en.msidb.org/s.php?746,https://en.msidb.org/m.php?1086
Vaarthinkal Thoni,Karuna,1966,Mohanam,G Devarajan,ONV Kurup,KJ Yesudas,775,2903,https://en.msidb.org/s.php?775,https://en.msidb.org/m.php?2903
Keshaadipaadam Thozhunnen (Gopala Rathnam),Pakalkkinaavu,1966,Mohanam,BA Chidambaranath,P Bhaskaran,S Janaki,657,1427,https://en.msidb.org/s.php?657,https://en.msidb.org/m.php?1427
Kaakkakondu Kadal,Poochakkanni,1966,Mohanam,MS Baburaj,Vayalar Ramavarma,"PB Sreenivas, B Vasantha",755,1937,https://en.msidb.org/s.php?755,https://en.msidb.org/m.php?1937
Devakumaara,Thilothama,1966,Mohanam,G Devarajan,Vayalar Ramavarma,S Janaki,793,4016,https://en.msidb.org/s.php?793,https://en.msidb.org/m.php?4016
Ezhu Sundara,Ashwamedham,1967,Mohanam,G Devarajan,Vayalar Ramavarma,P Susheela,956,653,https://en.msidb.org/s.php?956,https://en.msidb.org/m.php?653
Chellacherukiliye,Chithramela,1967,Mohanam,G Devarajan,Sreekumaran Thampi,KJ Yesudas,966,2806,https://en.msidb.org/s.php?966,https://en.msidb.org/m.php?2806
Jeevanil Jeevante,Kaamuki,1967,Mohanam,"PK Sivadas, VK Sasidharan",Ettumanoor Somadasan,KJ Yesudas,189685,5610,https://en.msidb.org/s.php?189685,https://en.msidb.org/m.php?5610
Chirikkudukke,Karutha Raathrikal,1967,Mohanam,MS Baburaj,ONV Kurup,"KJ Yesudas, B Vasantha",913,3623,https://en.msidb.org/s.php?913,https://en.msidb.org/m.php?3623
Manjanippoonilaavu,Nagarame Nandi,1967,Mohanam,K Raghavan,P Bhaskaran,S Janaki,970,2988,https://en.msidb.org/s.php?970,https://en.msidb.org/m.php?2988
Chandrikayilaliyunnu,Bhaaryamaar Sookshikkuka,1968,Mohanam,V Dakshinamoorthy,Sreekumaran Thampi,AM Raja,1206,1612,https://en.msidb.org/s.php?1206,https://en.msidb.org/m.php?1612
Chandrikayilaliyunnu(D),Bhaaryamaar Sookshikkuka,1968,Mohanam,V Dakshinamoorthy,Sreekumaran Thampi,"KJ Yesudas, P Leela",1207,1612,https://en.msidb.org/s.php?1207,https://en.msidb.org/m.php?1612
Ponnilanji,Karutha Pournami,1968,Mohanam,MK Arjunan,P Bhaskaran,B Vasantha,1056,5009,https://en.msidb.org/s.php?1056,https://en.msidb.org/m.php?5009
Kaarmukilolivarnna,Pengal,1968,Mohanam,"KV Job, George","S Sukumaran, Santhakumar",P Leela,1172,1971,https://en.msidb.org/s.php?1172,https://en.msidb.org/m.php?1971
Hari Krishna krishna,Vazhi Pizhacha Santhathi,1968,Mohanam,BA Chidambaranath,P Bhaskaran,"P Jayachandran, P Leela, B Vasantha, B Savithri, Sreelatha Namboothiri",12902,1387,https://en.msidb.org/s.php?12902,https://en.msidb.org/m.php?1387
Madhuchandrikayude,Anaachaadhanam,1969,Mohanam,G Devarajan,Vayalar Ramavarma,P Jayachandran,1221,1360,https://en.msidb.org/s.php?1221,https://en.msidb.org/m.php?1360
Maanathe mannaathikkoru,Janmabhoomi,1969,Mohanam,BA Chidambaranath,P Bhaskaran,S Janaki,1255,3360,https://en.msidb.org/s.php?1255,https://en.msidb.org/m.php?3360
Ujjayiniyile,Kadalppaalam,1969,Mohanam,G Devarajan,Vayalar Ramavarma,P Leela,1334,3421,https://en.msidb.org/s.php?1334,https://en.msidb.org/m.php?3421
Karimukilkkaattile,Kallichellamma,1969,Mohanam,K Raghavan,P Bhaskaran,P Jayachandran,1343,4376,https://en.msidb.org/s.php?1343,https://en.msidb.org/m.php?4376
Thaippooyakkaavadiyaattam,Kannoor Deluxe,1969,Mohanam,V Dakshinamoorthy,Sreekumaran Thampi,KJ Yesudas,1318,1096,https://en.msidb.org/s.php?1318,https://en.msidb.org/m.php?1096
Parashuraaman Mazhuverinju,Koottukudumbam,1969,Mohanam,G Devarajan,Vayalar Ramavarma,P Susheela,1377,1549,https://en.msidb.org/s.php?1377,https://en.msidb.org/m.php?1549
Shailanandini,Kumaarasambhavam,1969,Mohanam,G Devarajan,ONV Kurup,"KJ Yesudas, B Vasantha",1400,557,https://en.msidb.org/s.php?1400,https://en.msidb.org/m.php?557
Kaayaampoo Kannil,Nadi,1969,Mohanam,G Devarajan,Vayalar Ramavarma,KJ Yesudas,1361,4480,https://en.msidb.org/s.php?1361,https://en.msidb.org/m.php?4480
Pournami Chandrika Thottu Vilichu,Rest House,1969,Mohanam,MK Arjunan,Sreekumaran Thampi,KJ Yesudas,1393,1953,https://en.msidb.org/s.php?1393,https://en.msidb.org/m.php?1953
Pattum Valayum,Ammayenna Sthree,1970,Mohanam,AM Raja,Vayalar Ramavarma,AM Raja,2222,3220,https://en.msidb.org/s.php?2222,https://en.msidb.org/m.php?3220
Premamennal,Mindaapennu,1970,Mohanam,G Devarajan,Yusufali Kecheri,"CO Anto, LR Eeswari",2200,3976,https://en.msidb.org/s.php?2200,https://en.msidb.org/m.php?3976
Aikya Munnani,Ningalenne Communistaakki,1970,Mohanam,G Devarajan,Vayalar Ramavarma,"KJ Yesudas, P Madhuri",2331,1990,https://en.msidb.org/s.php?2331,https://en.msidb.org/m.php?1990
Daaliyappookkale,Nizhalaattam,1970,Mohanam,G Devarajan,Vayalar Ramavarma,P Susheela,2293,2002,https://en.msidb.org/s.php?2293,https://en.msidb.org/m.php?2002
Swargaputhri Navarathri,Nizhalaattam,1970,Mohanam,G Devarajan,Vayalar Ramavarma,KJ Yesudas,2296,2002,https://en.msidb.org/s.php?2296,https://en.msidb.org/m.php?2002
Guruvayoorambalanadayil,Othenante Makan,1970,Mohanam,G Devarajan,Vayalar Ramavarma,KJ Yesudas,2310,2354,https://en.msidb.org/s.php?2310,https://en.msidb.org/m.php?2354
Devaloka Radhavumaay,Vivaahitha,1970,Mohanam,G Devarajan,Vayalar Ramavarma,KJ Yesudas,2333,11,https://en.msidb.org/s.php?2333,https://en.msidb.org/m.php?11
Nin Maniyarayile,CID Nazir,1971,Mohanam,MK Arjunan,Sreekumaran Thampi,P Jayachandran,2475,191,https://en.msidb.org/s.php?2475,https://en.msidb.org/m.php?191
Panchavadiyile,Lankaadahanam,1971,Mohanam,MS Viswanathan,Sreekumaran Thampi,P Jayachandran,2459,4387,https://en.msidb.org/s.php?2459,https://en.msidb.org/m.php?4387
Villukettiya Kadukkanittoru,Line Bus,1971,Mohanam,G Devarajan,Vayalar Ramavarma,"P Madhuri, Latha Raju",2581,592,https://en.msidb.org/s.php?2581,https://en.msidb.org/m.php?592
Irunooru Pournami,Makane Ninakku Vendi,1971,Mohanam,G Devarajan,Vayalar Ramavarma,KJ Yesudas,2434,2629,https://en.msidb.org/s.php?2434,https://en.msidb.org/m.php?2629
Swargavaathilekaadashi,Marunaattil Oru Malayaali,1971,Mohanam,V Dakshinamoorthy,Sreekumaran Thampi,P Leela,2556,1385,https://en.msidb.org/s.php?2556,https://en.msidb.org/m.php?1385
Uthishtatha Jaagratha,Sarasayya,1971,Mohanam,G Devarajan,Vayalar Ramavarma,"MG Radhakrishnan, P Madhuri",2519,3689,https://en.msidb.org/s.php?2519,https://en.msidb.org/m.php?3689
Velutha Vaavinekkaal,Vivaahasammanam,1971,Mohanam,G Devarajan,Vayalar Ramavarma,KJ Yesudas,2562,4985,https://en.msidb.org/s.php?2562,https://en.msidb.org/m.php?4985
Aayiram Villodinju,Akkarappacha,1972,Mohanam,G Devarajan,Vayalar Ramavarma,"KJ Yesudas, P Madhuri",2760,3555,https://en.msidb.org/s.php?2760,https://en.msidb.org/m.php?3555
Ezharapponnana,Akkarappacha,1972,Mohanam,G Devarajan,Vayalar Ramavarma,P Madhuri,2759,3555,https://en.msidb.org/s.php?2759,https://en.msidb.org/m.php?3555
Kilukkaathe Kilungunna,Manthrakodi,1972,Mohanam,MS Viswanathan,Sreekumaran Thampi,"P Jayachandran, P Susheela",2673,4745,https://en.msidb.org/s.php?2673,https://en.msidb.org/m.php?4745
Pallimanikalum,Omana,1972,Mohanam,G Devarajan,Vayalar Ramavarma,P Madhuri,2721,5165,https://en.msidb.org/s.php?2721,https://en.msidb.org/m.php?5165
Arayilottamundudutha,Oru Sundariyude Kadha,1972,Mohanam,G Devarajan,Vayalar Ramavarma,KJ Yesudas,2753,3386,https://en.msidb.org/s.php?2753,https://en.msidb.org/m.php?3386
Thankamakudam Choodi,Sree Guruvayoorappan,1972,Mohanam,V Dakshinamoorthy,ONV Kurup,"KP Brahmanandan, V Dakshinamoorthy",2791,790,https://en.msidb.org/s.php?2791,https://en.msidb.org/m.php?790
Sangeethamaathmaavin Sougandhikam,Aaraadhika,1973,Mohanam,MS Baburaj,Sreekumaran Thampi,"P Leela, B Vasantha",2988,1379,https://en.msidb.org/s.php?2988,https://en.msidb.org/m.php?1379
Neela Neela Samudra,Achaani,1973,Mohanam,G Devarajan,P Bhaskaran,P Madhuri,3016,3484,https://en.msidb.org/s.php?3016,https://en.msidb.org/m.php?3484
Gokulaashtami Naal,Chaayam,1973,Mohanam,G Devarajan,Vayalar Ramavarma,P Madhuri,2872,97,https://en.msidb.org/s.php?2872,https://en.msidb.org/m.php?97
Panchamithirunaal,Chenda,1973,Mohanam,G Devarajan,Bharanikkavu Sivakumar,P Madhuri,2972,2099,https://en.msidb.org/s.php?2972,https://en.msidb.org/m.php?2099
Mangalaam Kaavile,Dharmayudham,1973,Mohanam,G Devarajan,P Bhaskaran,"P Jayachandran, P Madhuri, Kaviyoor Ponnamma",3075,3642,https://en.msidb.org/s.php?3075,https://en.msidb.org/m.php?3642
Yaahi Maadhava,Enippadikal,1973,Mohanam,G Devarajan,Traditional (Jayadevar),"P Madhuri, Chorus",2901,4034,https://en.msidb.org/s.php?2901,https://en.msidb.org/m.php?4034
Thrithaapoovukal,Gaayathri,1973,Mohanam,G Devarajan,Vayalar Ramavarma,P Madhuri,2965,945,https://en.msidb.org/s.php?2965,https://en.msidb.org/m.php?945
Sindoorakiranamaay,Padmavyooham,1973,Mohanam,MK Arjunan,Sreekumaran Thampi,"KJ Yesudas, P Madhuri",3188,309,https://en.msidb.org/s.php?3188,https://en.msidb.org/m.php?309
Suprabhaatham,Panitheeraatha Veedu,1973,Mohanam,MS Viswanathan,Vayalar Ramavarma,P Jayachandran,2884,962,https://en.msidb.org/s.php?2884,https://en.msidb.org/m.php?962
Aakaashagangayil Njaanorikkal,Ragging,1973,Mohanam,MK Arjunan,PJ Antony,S Janaki,2907,2595,https://en.msidb.org/s.php?2907,https://en.msidb.org/m.php?2595
Upaasana Upaasana,Thottavadi,1973,Mohanam,LPR Varma,Vayalar Ramavarma,P Jayachandran,3121,2389,https://en.msidb.org/s.php?3121,https://en.msidb.org/m.php?2389
Manushyanu Daivam,Yaamini,1973,Mohanam,MK Arjunan,Kanam EJ,KJ Yesudas,3138,2877,https://en.msidb.org/s.php?3138,https://en.msidb.org/m.php?2877
Swapnalekhe Ninte,Ankathattu,1974,Mohanam,G Devarajan,Vayalar Ramavarma,"P Jayachandran, P Madhuri",3203,4872,https://en.msidb.org/s.php?3203,https://en.msidb.org/m.php?4872
Danthagopuram,Bhoomidevi Pushpiniyaayi,1974,Mohanam,G Devarajan,Vayalar Ramavarma,P Madhuri,3415,2379,https://en.msidb.org/s.php?3415,https://en.msidb.org/m.php?2379
Mallikappoovin Madhuragandham,Honeymoon,1974,Mohanam,MK Arjunan,Sreekumaran Thampi,P Jayachandran,3446,1190,https://en.msidb.org/s.php?3446,https://en.msidb.org/m.php?1190
Anuraaga narthanathin,Sapthaswarangal,1974,Mohanam,V Dakshinamoorthy,Sreekumaran Thampi,S Janaki,3410,798,https://en.msidb.org/s.php?3410,https://en.msidb.org/m.php?798
Swaathithirunaalin,Sapthaswarangal,1974,Mohanam,V Dakshinamoorthy,Sreekumaran Thampi,P Jayachandran,3409,798,https://en.msidb.org/s.php?3409,https://en.msidb.org/m.php?798
Kasthoori Gandhikal (Om Namo Narayananaya),Sethubandhanam,1974,Mohanam,G Devarajan,Sreekumaran Thampi,"KJ Yesudas, P Madhuri, Ayiroor Sadasivan",3295,895,https://en.msidb.org/s.php?3295,https://en.msidb.org/m.php?895
Vrischikappoonilaave,Thacholi Marumakan Chanthu,1974,Mohanam,V Dakshinamoorthy,P Bhaskaran,KJ Yesudas,3377,3481,https://en.msidb.org/s.php?3377,https://en.msidb.org/m.php?3481
Ramzanile Chandrikayo,Alibabayum 41 kallanmaarum,1975,Mohanam,G Devarajan,Vayalar Ramavarma,P Jayachandran,3647,1490,https://en.msidb.org/s.php?3647,https://en.msidb.org/m.php?1490
Neelaambari,Love Marriage,1975,Mohanam,Ahuan Sebastian,Mankombu Gopalakrishnan,KJ Yesudas,3545,1014,https://en.msidb.org/s.php?3545,https://en.msidb.org/m.php?1014
Kaaladippuzhayude,Maanishaada,1975,Mohanam,G Devarajan,Vayalar Ramavarma,P Madhuri,3500,4715,https://en.msidb.org/s.php?3500,https://en.msidb.org/m.php?4715
Udayakaahalam,Madhurappathinezhu,1975,Mohanam,AT Ummer,Sreekumaran Thampi,KJ Yesudas,3489,951,https://en.msidb.org/s.php?3489,https://en.msidb.org/m.php?951
Paalaazhi Kadanjeduthorazhakaanu,Swaami Ayyappan,1975,Mohanam,G Devarajan,Vayalar Ramavarma,P Madhuri,3671,213,https://en.msidb.org/s.php?3671,https://en.msidb.org/m.php?213
Chandrakiranangal,Amma,1976,Mohanam,MK Arjunan,Sreekumaran Thampi,"N Sreekanth, Vani Jairam",3800,5323,https://en.msidb.org/s.php?3800,https://en.msidb.org/m.php?5323
Ashtamangalya Suprabhathathil,Chennaaya Valarthiya Kutty,1976,Mohanam,MK Arjunan,Mankombu Gopalakrishnan,P Susheela,3860,4214,https://en.msidb.org/s.php?3860,https://en.msidb.org/m.php?4214
Chandramadam [F],Panineer Mazha,1976,Mohanam,MK Arjunan,Vayalar Ramavarma,P Susheela,12802,2,https://en.msidb.org/s.php?12802,https://en.msidb.org/m.php?2
Chandramadam [M],Panineer Mazha,1976,Mohanam,MK Arjunan,Vayalar Ramavarma,KJ Yesudas,12801,2,https://en.msidb.org/s.php?12801,https://en.msidb.org/m.php?2
Sandhyathan Kavil Thuduthu,Rajaankanam,1976,Mohanam,MK Arjunan,Appan Thachethu,"P Jayachandran, Ambili Rajasekharan",4006,1982,https://en.msidb.org/s.php?4006,https://en.msidb.org/m.php?1982
Poojayum Manthravum,Samasya,1976,Mohanam,KP Udayabhanu,ONV Kurup,"Raveendran, Chorus",3825,2263,https://en.msidb.org/s.php?3825,https://en.msidb.org/m.php?2263
Kanakathalikayil,Surveykkallu,1976,Mohanam,G Devarajan,ONV Kurup,P Madhuri,3931,2271,https://en.msidb.org/s.php?3931,https://en.msidb.org/m.php?2271
Pulari thedi pokum,Anjali,1977,Mohanam,G Devarajan,Sreekumaran Thampi,"P Jayachandran, Karthikeyan, N Sreekanth",4214,2172,https://en.msidb.org/s.php?4214,https://en.msidb.org/m.php?2172
Ushassil Neeyoru,Ashtamangalyam,1977,Mohanam,MK Arjunan,Kanam EJ,KJ Yesudas,4289,2160,https://en.msidb.org/s.php?4289,https://en.msidb.org/m.php?2160
Bhoomithan Pushpaabharanam,Aval Oru Devaalayam,1977,Mohanam,MK Arjunan,Bharanikkavu Sivakumar,KJ Yesudas,4229,21,https://en.msidb.org/s.php?4229,https://en.msidb.org/m.php?21
Kadalum Karayum,Bhaaryaavijayam,1977,Mohanam,MK Arjunan,Sreekumaran Thampi,"P Jayachandran, P Susheela",4397,3096,https://en.msidb.org/s.php?4397,https://en.msidb.org/m.php?3096
Chandramukhi,Kaavilamma,1977,Mohanam,G Devarajan,ONV Kurup,KJ Yesudas,4308,2180,https://en.msidb.org/s.php?4308,https://en.msidb.org/m.php?2180
Sarovaram Poo Choodi,Muhoorthangal,1977,Mohanam,MK Arjunan,ONV Kurup,KJ Yesudas,4384,3845,https://en.msidb.org/s.php?4384,https://en.msidb.org/m.php?3845
Prapanjapathma Dalangal,Raajaparampara,1977,Mohanam,AT Ummer,Bharanikkavu Sivakumar,KJ Yesudas,4161,2654,https://en.msidb.org/s.php?4161,https://en.msidb.org/m.php?2654
Neelaambujangal,Sathyavaan Saavithri,1977,Mohanam,G Devarajan,Sreekumaran Thampi,KJ Yesudas,4386,710,https://en.msidb.org/s.php?4386,https://en.msidb.org/m.php?710
Devasenapathi,Sreemurukan,1977,Mohanam,G Devarajan,Sreekumaran Thampi,"KJ Yesudas, Chorus",4329,75,https://en.msidb.org/s.php?4329,https://en.msidb.org/m.php?75
Neelakkadalin Theerathil,Velaankanni Mathavu,1977,Mohanam,G Devarajan,Sreekumaran Thampi,"P Jayachandran, P Madhuri, Chorus",13199,3050,https://en.msidb.org/s.php?13199,https://en.msidb.org/m.php?3050
Yaamasankholi,Ee Manoharatheeram,1978,Mohanam,G Devarajan,Bichu Thirumala,KJ Yesudas,4544,4326,https://en.msidb.org/s.php?4544,https://en.msidb.org/m.php?4326
Aayiram Raathri Pularnnaalum,Ninakku Njaanum Enikku Neeyum,1978,Mohanam,V Dakshinamoorthy,Chirayinkeezhu Ramakrishnan Nair,P Jayachandran,4881,76,https://en.msidb.org/s.php?4881,https://en.msidb.org/m.php?76
Paadasaram Aniyunna,Nivedyam,1978,Mohanam,G Devarajan,Chirayinkeezhu Ramakrishnan Nair,"KJ Yesudas, P Madhuri",4773,2561,https://en.msidb.org/s.php?4773,https://en.msidb.org/m.php?2561
Kalyaanamelam Kelkumbol,Pichipoo,1978,Mohanam,Jaya Vijaya,Karinkunnam Chandran,KJ Yesudas,4727,4638,https://en.msidb.org/s.php?4727,https://en.msidb.org/m.php?4638
Sruthimandalam,Randu Penkuttikal,1978,Mohanam,MS Viswanathan,Bichu Thirumala,"P Jayachandran, Chorus",4647,1124,https://en.msidb.org/s.php?4647,https://en.msidb.org/m.php?1124
Praanapriye,Sathrathil Oru Raathri,1978,Mohanam,G Devarajan,Yusufali Kecheri,Karthikeyan,4707,2234,https://en.msidb.org/s.php?4707,https://en.msidb.org/m.php?2234
Jeevanil Jeevante,Theerangal,1978,Mohanam,"PK Sivadas, VK Sasidharan",Ettumanoor Somadasan,KJ Yesudas,4509,3958,https://en.msidb.org/s.php?4509,https://en.msidb.org/m.php?3958
Vellimekham chela chuttiya,Avano Atho Avalo,1979,Mohanam,MK Arjunan,Bichu Thirumala,P Jayachandran,5142,674,https://en.msidb.org/s.php?5142,https://en.msidb.org/m.php?674
Sindoorasandhyaykku Mounam,Choola,1979,Mohanam,Raveendran,Poovachal Khader,"KJ Yesudas, S Janaki",5239,347,https://en.msidb.org/s.php?5239,https://en.msidb.org/m.php?347
Paalaruvee naduvil,Iniyethra Sandhyakal,1979,Mohanam,G Devarajan,Mankombu Gopalakrishnan,KJ Yesudas,5009,870,https://en.msidb.org/s.php?5009,https://en.msidb.org/m.php?870
Manmadha manjariyil pookkum,Ival Oru Naadodi,1979,Mohanam,SD Sekhar,Dr Shajahan,"Malaysia Vasudevan, S Janaki",5028,3513,https://en.msidb.org/s.php?5028,https://en.msidb.org/m.php?3513
Chandanakkulirchoodivarum,Kazhukan,1979,Mohanam,MK Arjunan,Sreekumaran Thampi,KJ Yesudas,5344,2901,https://en.msidb.org/s.php?5344,https://en.msidb.org/m.php?2901
Sugandha Bhasmakkuri thottu,Nithya Vasantham,1979,Mohanam,MK Arjunan,AP Gopalan,KJ Yesudas,5131,1139,https://en.msidb.org/s.php?5131,https://en.msidb.org/m.php?1139
Dheera sameere yamunatheere,Paapathinu Maranamilla,1979,Mohanam,G Devarajan,Traditional (Jayadevar),P Madhuri,5031,3675,https://en.msidb.org/s.php?5031,https://en.msidb.org/m.php?3675
Varika nee vasanthame,Pambaram,1979,Mohanam,AT Ummer,Chirayinkeezhu Ramakrishnan Nair,"Jolly Abraham, S Janaki",5289,2427,https://en.msidb.org/s.php?5289,https://en.msidb.org/m.php?2427
Aaramadevathamaare,Prabhu,1979,Mohanam,Shankar Ganesh,Ettumanoor Sreekumar,S Janaki,5230,2071,https://en.msidb.org/s.php?5230,https://en.msidb.org/m.php?2071
Nandiyaarvattathin,Aagamanam,1980,Mohanam,Vidyadharan,ONV Kurup,KJ Yesudas,5804,4918,https://en.msidb.org/s.php?5804,https://en.msidb.org/m.php?4918
Piriyunna Kaivazhikal,Aniyaatha Valakal,1980,Mohanam,AT Ummer,Bichu Thirumala,KJ Yesudas,5681,4522,https://en.msidb.org/s.php?5681,https://en.msidb.org/m.php?4522
Aananda Nadanam,Bhaktha Hanumaan,1980,Mohanam,V Dakshinamoorthy,Sreekumaran Thampi,"P Susheela, Vani Jairam",5726,2890,https://en.msidb.org/s.php?5726,https://en.msidb.org/m.php?2890
Thechippoove mizhithurakku,Hridayam Paadunu,1980,Mohanam,KJ Joy,Yusufali Kecheri,"KJ Yesudas, S Janaki",5721,1799,https://en.msidb.org/s.php?5721,https://en.msidb.org/m.php?1799
Neeyum Ninte Kilikkonchalum,Kadalkkaattu,1980,Mohanam,AT Ummer,Bichu Thirumala,"KJ Yesudas, Chorus",5557,1676,https://en.msidb.org/s.php?5557,https://en.msidb.org/m.php?1676
Iniyente Omalinaayoru,Oru Varsham Oru Maasam,1980,Mohanam,Raveendran,Poovachal Khader,KJ Yesudas,5753,527,https://en.msidb.org/s.php?5753,https://en.msidb.org/m.php?527
Maanasa Devi,Dhruvasangamam,1981,Mohanam,Raveendran,Sathyan Anthikkad,"KJ Yesudas, N Lathika",6009,982,https://en.msidb.org/s.php?6009,https://en.msidb.org/m.php?982
Amritha kalayaayi nee,Oothikkaachiya Ponnu,1981,Mohanam,MK Arjunan,Poovachal Khader,KJ Yesudas,6087,2858,https://en.msidb.org/s.php?6087,https://en.msidb.org/m.php?2858
Thaka thinthimi,Paarvathy,1981,Mohanam,Johnson,MD Rajendran,Vani Jairam,5996,4893,https://en.msidb.org/s.php?5996,https://en.msidb.org/m.php?4893
Vyathyastha,Sapthapadi,1981,Mohanam,KV Mahadevan,Mankombu Gopalakrishnan,S Janaki,190744,2912,https://en.msidb.org/s.php?190744,https://en.msidb.org/m.php?2912
Vaanil Paayum,Thenum Vayambum,1981,Mohanam,Raveendran,Bichu Thirumala,"Unni Menon, Jency",6062,2328,https://en.msidb.org/s.php?6062,https://en.msidb.org/m.php?2328
Manje vaa madhu vidhu vela,Thushaaram,1981,Mohanam,Shyam,Yusufali Kecheri,"KJ Yesudas, SP Balasubrahmanyam, Kausalya",5904,2986,https://en.msidb.org/s.php?5904,https://en.msidb.org/m.php?2986
Veene veene,Aalolam,1982,Mohanam,Ilayaraja,Kavalam Narayana Panicker,S Janaki,6292,3865,https://en.msidb.org/s.php?6292,https://en.msidb.org/m.php?3865
Neerada shyaamala komala,Chambalkaadu,1982,Mohanam,MK Arjunan,Kollam Gopi,KJ Yesudas,6250,2925,https://en.msidb.org/s.php?6250,https://en.msidb.org/m.php?2925
Ilamullappoove,Lady Teacher,1982,Mohanam,Rajan Nagendra,Mankombu Gopalakrishnan,KJ Yesudas,10810,2208,https://en.msidb.org/s.php?10810,https://en.msidb.org/m.php?2208
Udayashobhayil,Madraasile Mon,1982,Mohanam,G Devarajan,AP Gopalan,KJ Yesudas,6297,1780,https://en.msidb.org/s.php?6297,https://en.msidb.org/m.php?1780
Om Namasthe,Sree Ayyappanum Vaavarum,1982,Mohanam,AT Ummer,Traditional (Folk),KJ Yesudas,6392,1558,https://en.msidb.org/s.php?6392,https://en.msidb.org/m.php?1558
Prapancha veena,Ente Kadha,1983,Mohanam,AT Ummer,Dr Pavithran,KJ Yesudas,7590,118,https://en.msidb.org/s.php?7590,https://en.msidb.org/m.php?118
Krishna Nee Varumo,Kuyilinethedi,1983,Mohanam,Shyam,Chunakkara Ramankutty,"KJ Yesudas, P Jayachandran",6519,1893,https://en.msidb.org/s.php?6519,https://en.msidb.org/m.php?1893
Suravalli vidarum,Manassoru Mahaasamudram,1983,Mohanam,MK Arjunan,Kanam EJ,KJ Yesudas,7641,4272,https://en.msidb.org/s.php?7641,https://en.msidb.org/m.php?4272
Ethu Naattilaano,Pallaankuzhi,1983,Mohanam,K Raghavan,Ettumanoor Sreekumar,"KJ Yesudas, S Janaki",6515,313,https://en.msidb.org/s.php?6515,https://en.msidb.org/m.php?313
Manjum kulirum,Sandhyaykku Virinja Poovu,1983,Mohanam,Ilayaraja,ONV Kurup,"Krishnachandran, S Janaki",6504,1488,https://en.msidb.org/s.php?6504,https://en.msidb.org/m.php?1488
Mizhiyil meen pidanju,Sandhyaykku Virinja Poovu,1983,Mohanam,Ilayaraja,ONV Kurup,KJ Yesudas,6506,1488,https://en.msidb.org/s.php?6506,https://en.msidb.org/m.php?1488
Mandamandamen  [Kavitha],Aduthaduthu,1984,Mohanam,Raveendran,G Sankara Kurup,KJ Yesudas,8040,378,https://en.msidb.org/s.php?8040,https://en.msidb.org/m.php?378
Iniyum vasantham,Ente Nandinikutti,1984,Mohanam,Raveendran,ONV Kurup,"KJ Yesudas, Sujatha Mohan",7982,516,https://en.msidb.org/s.php?7982,https://en.msidb.org/m.php?516
Kannodu Kannaaya Swapnangal,Kaliyil Alpam Karyam,1984,Mohanam,Raveendran,Sathyan Anthikkad,"KJ Yesudas, KS Chithra",7280,1811,https://en.msidb.org/s.php?7280,https://en.msidb.org/m.php?1811
Aalippazham perukkaan,My Dear Kuttichaathan,1984,Mohanam,Ilayaraja,Bichu Thirumala,"S Janaki, SP Shailaja",7194,408,https://en.msidb.org/s.php?7194,https://en.msidb.org/m.php?408
Oru mridumozhiyay,Poochaykkoru Mookkuthi,1984,Mohanam,MG Radhakrishnan,Chunakkara Ramankutty,"MG Sreekumar, P Susheeladevi",7260,1534,https://en.msidb.org/s.php?7260,https://en.msidb.org/m.php?1534
Mounam Polum Madhuram,Saagara Sangamam,1984,Mohanam,Ilayaraja,Sreekumaran Thampi,"P Jayachandran, S Janaki",12986,5822,https://en.msidb.org/s.php?12986,https://en.msidb.org/m.php?5822
Vaarmegha Varnnante,Saagara Sangamam,1984,Mohanam,Ilayaraja,Sreekumaran Thampi,"P Jayachandran, P Madhuri",12983,5822,https://en.msidb.org/s.php?12983,https://en.msidb.org/m.php?5822
Shabarimalayoru Poonkaavanam,Sabarimala Darsanam,1984,Mohanam,Jerry Amaldev,Koorkenchery Sugathan,"KJ Yesudas, Chorus",12707,5079,https://en.msidb.org/s.php?12707,https://en.msidb.org/m.php?5079
Swapnangalokkeyum,Kaanan Kothichu,1985,Mohanam,Vidyadharan,P Bhaskaran,KJ Yesudas,10714,3356,https://en.msidb.org/s.php?10714,https://en.msidb.org/m.php?3356
Swapnangalokkeyum [F],Kaanan Kothichu,1985,Mohanam,Vidyadharan,P Bhaskaran,KS Chithra,16428,3356,https://en.msidb.org/s.php?16428,https://en.msidb.org/m.php?3356
Nee En Sargga Soundaryame,Kaathodu Kaathoram,1985,Mohanam,Ouseppachan,ONV Kurup,"KJ Yesudas, N Lathika",6825,105,https://en.msidb.org/s.php?6825,https://en.msidb.org/m.php?105
Aakaasha Neelima,Kayyum Thalayum Purathidaruthu,1985,Mohanam,Raveendran,Mullanezhi,KJ Yesudas,6606,5013,https://en.msidb.org/s.php?6606,https://en.msidb.org/m.php?5013
Poove Poli,Oro Poovilum,1985,Mohanam,Raveendran,Vellanad Narayanan,KS Chithra,14131,3085,https://en.msidb.org/s.php?14131,https://en.msidb.org/m.php?3085
Swaramandaakini Mohashathangalil,Puzhayozhukum Vazhi,1985,Mohanam,Raveendran,Rappal Sukumara Menon,"KJ Yesudas, Vani Jairam",6753,3111,https://en.msidb.org/s.php?6753,https://en.msidb.org/m.php?3111
Sarggathapassilakum Nimisham,Rangam,1985,Mohanam,KV Mahadevan,S Ramesan Nair,Vani Jairam,6848,4008,https://en.msidb.org/s.php?6848,https://en.msidb.org/m.php?4008
Kaalindi Kandilla Njaan,Telephonil Thodaruthu,1985,Mohanam,Raveendran,Bichu Thirumala,Renuka Girijan,10733,2679,https://en.msidb.org/s.php?10733,https://en.msidb.org/m.php?2679
Manasse neeyonnu paadu,Telephonil Thodaruthu,1985,Mohanam,Raveendran,Bichu Thirumala,KJ Yesudas,10732,2679,https://en.msidb.org/s.php?10732,https://en.msidb.org/m.php?2679
Deepapradakshinam,Thediya Valli Kaalel Chutti,1985,Mohanam,Siya,AP Gopalan,KJ Yesudas,12123,5235,https://en.msidb.org/s.php?12123,https://en.msidb.org/m.php?5235
Yamune Ninnude,Yaathra,1985,Mohanam,Ilayaraja,ONV Kurup,"S Janaki, Chorus",6784,626,https://en.msidb.org/s.php?6784,https://en.msidb.org/m.php?626
Vaanampaadi etho,Deshadanakkili Karayaarilla,1986,Mohanam,Raveendran,ONV Kurup,"KJ Yesudas, Chorus",7905,2999,https://en.msidb.org/s.php?7905,https://en.msidb.org/m.php?2999
Aalippazham,Naale Njangalude Vivaaham,1986,Mohanam,Shyam,Chunakkara Ramankutty,"KS Chithra, Chorus",7851,3677,https://en.msidb.org/s.php?7851,https://en.msidb.org/m.php?3677
Aareyum bhaava,Nakhakshathangal,1986,Mohanam,Bombay Ravi,ONV Kurup,"KJ Yesudas, Chorus",7856,4200,https://en.msidb.org/s.php?7856,https://en.msidb.org/m.php?4200
Manjal Prasaadavum,Nakhakshathangal,1986,Mohanam,Bombay Ravi,ONV Kurup,KS Chithra,7852,4200,https://en.msidb.org/s.php?7852,https://en.msidb.org/m.php?4200
Aaraayukil,Sree Naaraayanaguru,1986,Mohanam,G Devarajan,Kumaranasan,P Madhuri,7869,2405,https://en.msidb.org/s.php?7869,https://en.msidb.org/m.php?2405
Swarnachirakulla Pakshi,Arinjo Ariyatheyo (Onnam Maanam Poomanam),1987,Mohanam,Johnson,Madhu Alappuzha,KJ Yesudas,7038,3654,https://en.msidb.org/s.php?7038,https://en.msidb.org/m.php?3654
Pookkaitha Pookkunna,January Oru Orma,1987,Mohanam,Ouseppachan,Shibu Chakravarthy,KJ Yesudas,7019,2281,https://en.msidb.org/s.php?7019,https://en.msidb.org/m.php?2281
Mele Nandanam Poothe,Neelakkurinji Poothappol,1987,Mohanam,Jerry Amaldev,Kavalam Narayana Panicker,"S Janaki, Krishnachandran",1480,640,https://en.msidb.org/s.php?1480,https://en.msidb.org/m.php?640
Oru Kodi Swapnangalaal,Theekkaattu,1987,Mohanam,Murali Sithara,Kollam Vidyadharan,KJ Yesudas,7107,2716,https://en.msidb.org/s.php?7107,https://en.msidb.org/m.php?2716
Swapnangal Seemantha,Vaiki Odunna Vandi,1987,Mohanam,Raveendran,Ezhacheri Ramachandran,"P Jayachandran, Shylaja, Chorus",7102,2251,https://en.msidb.org/s.php?7102,https://en.msidb.org/m.php?2251
Killedi Kolunthukal,Aalilakkuruvikal,1988,Mohanam,Mohan Sithara,SL Puram Anand,"G Venugopal, KS Chithra, Chorus",8193,787,https://en.msidb.org/s.php?8193,https://en.msidb.org/m.php?787
Ormakal Odi,Mukundetta Sumitra Vilikkunnu,1988,Mohanam,Ouseppachan,Shibu Chakravarthy,MG Sreekumar,8087,2023,https://en.msidb.org/s.php?8087,https://en.msidb.org/m.php?2023
Ormakal Odi,Mukundetta Sumitra Vilikkunnu,1988,Mohanam,Ouseppachan,Shibu Chakravarthy,"MG Sreekumar, KS Chithra",8089,2023,https://en.msidb.org/s.php?8089,https://en.msidb.org/m.php?2023
Shishirame Nee [F],Pattanapravesham,1988,Mohanam,Shyam,Yusufali Kecheri,KS Chithra,14508,858,https://en.msidb.org/s.php?14508,https://en.msidb.org/m.php?858
Paaduvaan Ormakalil,Vellaanakalude Naadu,1988,Mohanam,MG Radhakrishnan,Kaithapram,"MG Sreekumar, Sujatha Mohan",8209,4461,https://en.msidb.org/s.php?8209,https://en.msidb.org/m.php?4461
Oru naalu naalayi,Carnival,1989,Mohanam,Shyam,Shibu Chakravarthy,Unni Menon,6941,2513,https://en.msidb.org/s.php?6941,https://en.msidb.org/m.php?2513
Jeevanilennum,Chakravaalathinumappuram,1989,Mohanam,Kozhikode Yesudas,Gireesh Puthenchery,KJ Yesudas,10692,5324,https://en.msidb.org/s.php?10692,https://en.msidb.org/m.php?5324
Jeevanilennum,Chakravaalathinumappuram,1989,Mohanam,Kozhikode Yesudas,Gireesh Puthenchery,"KJ Yesudas, Leela Mathew",10696,5324,https://en.msidb.org/s.php?10696,https://en.msidb.org/m.php?5324
Malarchoodum,Chakravaalathinumappuram,1989,Mohanam,Kozhikode Yesudas,Gireesh Puthenchery,Leela Mathew,10693,5324,https://en.msidb.org/s.php?10693,https://en.msidb.org/m.php?5324
Orusaagaratheeram,Chakravaalathinumappuram,1989,Mohanam,Kozhikode Yesudas,Gireesh Puthenchery,"GS Kumar, Leela Mathew",10697,5324,https://en.msidb.org/s.php?10697,https://en.msidb.org/m.php?5324
Kandaalo kannu thattum,Miss Pameela,1989,Mohanam,Vidyadharan,RK Damodaran,MG Sreekumar,6928,2299,https://en.msidb.org/s.php?6928,https://en.msidb.org/m.php?2299
Mannilveena mazhaneer,Nagarangalil Chennu Raappaarkaam,1989,Mohanam,Raveendran,Bichu Thirumala,KJ Yesudas,6947,1093,https://en.msidb.org/s.php?6947,https://en.msidb.org/m.php?1093
Mannilveena mazhaneer [F],Nagarangalil Chennu Raappaarkaam,1989,Mohanam,Raveendran,Bichu Thirumala,KS Chithra,6948,1093,https://en.msidb.org/s.php?6948,https://en.msidb.org/m.php?1093
Kaanana chaayakal,Oru Saayahnathinte Swapnam,1989,Mohanam,Ouseppachan,ONV Kurup,KS Chithra,6974,461,https://en.msidb.org/s.php?6974,https://en.msidb.org/m.php?461
Chandanalepa sugandham,Oru Vadakkan Veeragadha,1989,Mohanam,Bombay Ravi,K Jayakumar,KJ Yesudas,6883,3777,https://en.msidb.org/s.php?6883,https://en.msidb.org/m.php?3777
Kannukalil kavitha,Thadavarayile Raajaakkanmaar,1989,Mohanam,Vidyadharan,RK Damodaran,KJ Yesudas,6931,878,https://en.msidb.org/s.php?6931,https://en.msidb.org/m.php?878
Mekhangale,Vandanam,1989,Mohanam,Ouseppachan,Shibu Chakravarthy,"Nedumudi Venu, Sujatha Mohan",6969,971,https://en.msidb.org/s.php?6969,https://en.msidb.org/m.php?971
Devasabhaathalam,His Highness Abdulla,1990,Mohanam,Raveendran,Kaithapram,"KJ Yesudas, Raveendran, Sharreth",5492,4780,https://en.msidb.org/s.php?5492,https://en.msidb.org/m.php?4780
Devasabhaathalam,His Highness Abdulla,1990,Mohanam,Raveendran,Kaithapram,"KJ Yesudas, MG Sreekumar, Sharreth",15450,4780,https://en.msidb.org/s.php?15450,https://en.msidb.org/m.php?4780
Paayunna yagaashwam,Indrajaalam,1990,Mohanam,SP Venkitesh,ONV Kurup,MG Sreekumar,6537,1613,https://en.msidb.org/s.php?6537,https://en.msidb.org/m.php?1613
Medamaasappulari,Mindaapoochakku Kalyanam (Ellaam Angayude Ishtam),1990,Mohanam,Raveendran,Madhu Alappuzha,KJ Yesudas,7158,1038,https://en.msidb.org/s.php?7158,https://en.msidb.org/m.php?1038
Ponnithaloram,Sandram,1990,Mohanam,Johnson,Kaithapram,"G Venugopal, Chorus",6545,1116,https://en.msidb.org/s.php?6545,https://en.msidb.org/m.php?1116
Maayapponmaane,Thalayanamanthram,1990,Mohanam,Johnson,Kaithapram,KS Chithra,5434,3640,https://en.msidb.org/s.php?5434,https://en.msidb.org/m.php?3640
Maanathe,Thoovalsparsham,1990,Mohanam,Ouseppachan,Kaithapram,"KJ Yesudas, Chorus",5482,1680,https://en.msidb.org/s.php?5482,https://en.msidb.org/m.php?1680
Premikkaanariyaatha,Vacation,1990,Mohanam,Raveendran,Yusufali Kecheri,"Unni Menon, Chorus",12190,5358,https://en.msidb.org/s.php?12190,https://en.msidb.org/m.php?5358
Uthraalikkaavile,Vidyaarambham,1990,Mohanam,Bombay Ravi,Kaithapram,KJ Yesudas,6565,4447,https://en.msidb.org/s.php?6565,https://en.msidb.org/m.php?4447
Omane neeyoromal,Gaanamela,1991,Mohanam,Raveendran,Sasi Chittanjoor,KJ Yesudas,10584,2309,https://en.msidb.org/s.php?10584,https://en.msidb.org/m.php?2309
Thennale,Gaanamela,1991,Mohanam,AT Ummer,Sasi Chittanjoor,Sunanda,10583,2309,https://en.msidb.org/s.php?10583,https://en.msidb.org/m.php?2309
Pulari Viriyum Munpe,Kadinjool Kalyaanam,1991,Mohanam,Raveendran,Bichu Thirumala,KJ Yesudas,11296,5022,https://en.msidb.org/s.php?11296,https://en.msidb.org/m.php?5022
Thenmullukal,Khandakaavyam,1991,Mohanam,Raveendran,Sreekumaran Thampi,P Jayachandran,10579,4820,https://en.msidb.org/s.php?10579,https://en.msidb.org/m.php?4820
Chembarunthin chelunde,Mukhachitram,1991,Mohanam,Mohan Sithara,ONV Kurup,KJ Yesudas,11556,2492,https://en.msidb.org/s.php?11556,https://en.msidb.org/m.php?2492
Ponnaavani vettam,Mukhachitram,1991,Mohanam,Mohan Sithara,ONV Kurup,"KJ Yesudas, Chorus",11557,2492,https://en.msidb.org/s.php?11557,https://en.msidb.org/m.php?2492
Kunu Kunungi Puzhayum,Pookkaalam Varavayi,1991,Mohanam,Ouseppachan,Bichu Thirumala,MG Sreekumar,12325,2003,https://en.msidb.org/s.php?12325,https://en.msidb.org/m.php?2003
Pullankuzhal Nadham [Om Onnaya],Apaaratha,1992,Mohanam,Ilayaraja,Sreekumaran Thampi,KS Chithra,12448,64,https://en.msidb.org/s.php?12448,https://en.msidb.org/m.php?64
Poomaariyil,Johny Walker,1992,Mohanam,SP Venkitesh,Gireesh Puthenchery,"KJ Yesudas, KS Chithra",10441,574,https://en.msidb.org/s.php?10441,https://en.msidb.org/m.php?574
Aninju Angaraagam,Kallan Kappalil Thanne,1992,Mohanam,Mohan Sithara,RK Damodaran,KJ Yesudas,12458,1168,https://en.msidb.org/s.php?12458,https://en.msidb.org/m.php?1168
Pinneyum Paadiyo,Kallanum Policum,1992,Mohanam,Raveendran,Sreekumaran Thampi,Krishnachandran,12461,875,https://en.msidb.org/s.php?12461,https://en.msidb.org/m.php?875
Pinneyum paadiyo,Kallanum Policum,1992,Mohanam,Raveendran,Sreekumaran Thampi,KS Chithra,10438,875,https://en.msidb.org/s.php?10438,https://en.msidb.org/m.php?875
Maarikuliril Neelathulasi,Kauravar,1992,Mohanam,SP Venkitesh,Kaithapram,"KJ Yesudas, KS Chithra",10429,2344,https://en.msidb.org/s.php?10429,https://en.msidb.org/m.php?2344
Maarikuliril Neelathulasi,Kauravar,1992,Mohanam,SP Venkitesh,Kaithapram,KS Chithra,10430,2344,https://en.msidb.org/s.php?10430,https://en.msidb.org/m.php?2344
Mounam Polum,Kingini (Kurinji Pookkunna Nerathu),1992,Mohanam,Kannur Rajan,Bichu Thirumala,KJ Yesudas,12463,2195,https://en.msidb.org/s.php?12463,https://en.msidb.org/m.php?2195
Pulariyude Pallakku,Makkalmaahaathmyam,1992,Mohanam,Alex Paul,PK Gopi,MG Sreekumar,10413,2642,https://en.msidb.org/s.php?10413,https://en.msidb.org/m.php?2642
Arivin Nilaave,Raajashilpi,1992,Mohanam,Raveendran,ONV Kurup,KS Chithra,10391,949,https://en.msidb.org/s.php?10391,https://en.msidb.org/m.php?949
Kasthoori Kalabhangal,Sathyapprathijna,1992,Mohanam,Mohan Sithara,ONV Kurup,"KJ Yesudas, KS Chithra",12492,1744,https://en.msidb.org/s.php?12492,https://en.msidb.org/m.php?1744
Thoovaanam,Savidham,1992,Mohanam,Johnson,Kaithapram,"MG Sreekumar, Sujatha Mohan",10380,3935,https://en.msidb.org/s.php?10380,https://en.msidb.org/m.php?3935
Unni Kumaara,Ulsavamelam,1992,Mohanam,Mohan Sithara,ONV Kurup,KJ Yesudas,11385,214,https://en.msidb.org/s.php?11385,https://en.msidb.org/m.php?214
Malayali,Bandhukkal Shathrukkal,1993,Mohanam,Sreekumaran Thampi,Sreekumaran Thampi,KJ Yesudas,10343,2751,https://en.msidb.org/s.php?10343,https://en.msidb.org/m.php?2751
Ponnambili,Golaantharavaartha,1993,Mohanam,Johnson,ONV Kurup,KS Chithra,10289,2857,https://en.msidb.org/s.php?10289,https://en.msidb.org/m.php?2857
Manjal kunkumam,Harichandanam,1993,Mohanam,SP Venkitesh,Gireesh Puthenchery,KJ Yesudas,10287,4743,https://en.msidb.org/s.php?10287,https://en.msidb.org/m.php?4743
Gopuramedayil,Janam,1993,Mohanam,SP Venkitesh,ONV Kurup,KS Chithra,10284,3680,https://en.msidb.org/s.php?10284,https://en.msidb.org/m.php?3680
Gopuramedayil [M],Janam,1993,Mohanam,SP Venkitesh,ONV Kurup,KJ Yesudas,16427,3680,https://en.msidb.org/s.php?16427,https://en.msidb.org/m.php?3680
Vazhiyoram,Kalippaattam,1993,Mohanam,Raveendran,Bichu Thirumala,"Mohanlal, KS Chithra",10272,146,https://en.msidb.org/s.php?10272,https://en.msidb.org/m.php?146
Kanyaakumaari,Kanyakumariyil Oru Kavitha,1993,Mohanam,Kannur Rajan,Chunakkara Ramankutty,KJ Yesudas,12423,1774,https://en.msidb.org/s.php?12423,https://en.msidb.org/m.php?1774
Devamanohari Veendum,Sarovaram,1993,Mohanam,SP Venkitesh,Kaithapram,KJ Yesudas,12563,1974,https://en.msidb.org/s.php?12563,https://en.msidb.org/m.php?1974
Pavizhamanchalil,Vakkeel Vasudev,1993,Mohanam,Mohan Sithara,Gireesh Puthenchery,KJ Yesudas,12917,2123,https://en.msidb.org/s.php?12917,https://en.msidb.org/m.php?2123
Niramezhum,Kudumba Vishesham,1994,Mohanam,Johnson,Bichu Thirumala,KJ Yesudas,10158,2627,https://en.msidb.org/s.php?10158,https://en.msidb.org/m.php?2627
Sooryaamshuvoro vayalppoovilum,Pakshe,1994,Mohanam,Johnson,K Jayakumar,"KJ Yesudas, Ganga Sitharasu",10131,1713,https://en.msidb.org/s.php?10131,https://en.msidb.org/m.php?1713
Paarvanendu,Parinayam,1994,Mohanam,Bombay Ravi,Yusufali Kecheri,"KS Chithra, Chorus",10128,3618,https://en.msidb.org/s.php?10128,https://en.msidb.org/m.php?3618
Pradosha Kumkumam,Santhaanagopaalam,1994,Mohanam,Johnson,V Madhusoodanan Nair,KJ Yesudas,10082,2832,https://en.msidb.org/s.php?10082,https://en.msidb.org/m.php?2832
Aaromal saarangame,Share Market,1994,Mohanam,Raveendran,Poovachal Khader,"Kanhangad Ramachandran, Shobha Balamurali",10076,1296,https://en.msidb.org/s.php?10076,https://en.msidb.org/m.php?1296
Madaya,Socrates,1994,Mohanam,Raveendran,Mankombu Gopalakrishnan,Ranjini Menon,10074,4924,https://en.msidb.org/s.php?10074,https://en.msidb.org/m.php?4924
Ashtapadi,Sopaanam,1994,Mohanam,SP Venkitesh,Traditional (Jayadevar),KJ Yesudas,12215,4602,https://en.msidb.org/s.php?12215,https://en.msidb.org/m.php?4602
Srithakamala Kucha,Sopaanam,1994,Mohanam,SP Venkitesh,Traditional (Jayadevar),KJ Yesudas,13581,4602,https://en.msidb.org/s.php?13581,https://en.msidb.org/m.php?4602
Thaaranoopuram Chaarthi,Sopaanam,1994,Mohanam,SP Venkitesh,Kaithapram,"KJ Yesudas, Manju Menon",11597,4602,https://en.msidb.org/s.php?11597,https://en.msidb.org/m.php?4602
Vedaanudhdharathe [Shlokam],Sopaanam,1994,Mohanam,SP Venkitesh,Kaithapram,KJ Yesudas,12222,4602,https://en.msidb.org/s.php?12222,https://en.msidb.org/m.php?4602
Manassil,Adyathe Kanmani,1995,Mohanam,SP Venkitesh,IS Kundoor,"Biju Narayanan, KS Chithra",10039,2264,https://en.msidb.org/s.php?10039,https://en.msidb.org/m.php?2264
Koojantham,Agrajan,1995,Mohanam,G Devarajan,Traditional,"KJ Yesudas, Chorus",10027,315,https://en.msidb.org/s.php?10027,https://en.msidb.org/m.php?315
Illikkaadum,Ezharakoottam,1995,Mohanam,Johnson,Shibu Chakravarthy,Swarnalatha,11636,201,https://en.msidb.org/s.php?11636,https://en.msidb.org/m.php?201
Mohikkum Neelmizhiyode,Maanthrikam,1995,Mohanam,SP Venkitesh,ONV Kurup,"KJ Yesudas, KS Chithra",13185,4852,https://en.msidb.org/s.php?13185,https://en.msidb.org/m.php?4852
Kunungi kunungi,Minnaaminunginum Minnukettu,1995,Mohanam,SP Venkitesh,Gireesh Puthenchery,"KJ Yesudas, Chorus",9956,3705,https://en.msidb.org/s.php?9956,https://en.msidb.org/m.php?3705
Kunungikkunungi (f),Minnaaminunginum Minnukettu,1995,Mohanam,SP Venkitesh,Gireesh Puthenchery,Sujatha Mohan,9957,3705,https://en.msidb.org/s.php?9957,https://en.msidb.org/m.php?3705
Sarggavasanthampole Nenchil,Sargavasantham,1995,Mohanam,Ouseppachan,Kaithapram,"KJ Yesudas, KS Chithra",9919,238,https://en.msidb.org/s.php?9919,https://en.msidb.org/m.php?238
Thoomanjo paragam pol,Thakshashila,1995,Mohanam,MG Radhakrishnan,K Jayakumar,MG Sreekumar,9905,1605,https://en.msidb.org/s.php?9905,https://en.msidb.org/m.php?1605
Ponnaambale,Aramanaveedum Anjoorekkarum,1996,Mohanam,"Rajamani, BA Chidambaranath",Gireesh Puthenchery,"P Jayachandran, KS Chithra",9887,2812,https://en.msidb.org/s.php?9887,https://en.msidb.org/m.php?2812
Kaliveedurangiyallo,Deshaadanam,1996,Mohanam,Kaithapram,Kaithapram,KJ Yesudas,9878,1486,https://en.msidb.org/s.php?9878,https://en.msidb.org/m.php?1486
Kaliveedurangiyallo[F],Deshaadanam,1996,Mohanam,Kaithapram,Kaithapram,Manju Menon,16052,1486,https://en.msidb.org/s.php?16052,https://en.msidb.org/m.php?1486
Poovarashin kuda nivarthi,Dilliwaala Rajakumaran,1996,Mohanam,Ouseppachan,S Ramesan Nair,KS Chithra,9876,2987,https://en.msidb.org/s.php?9876,https://en.msidb.org/m.php?2987
Aattirambile Kombile,Kaalapaani,1996,Mohanam,Ilayaraja,Gireesh Puthenchery,"MG Sreekumar, KS Chithra, Chorus",13012,1371,https://en.msidb.org/s.php?13012,https://en.msidb.org/m.php?1371
Aattirambile Kombile,Kaalapaani,1996,Mohanam,Ilayaraja,Gireesh Puthenchery,KS Chithra,14232,1371,https://en.msidb.org/s.php?14232,https://en.msidb.org/m.php?1371
Mayyazhippuzhayozhuki [F],Udyaanapaalakan,1996,Mohanam,Johnson,Kaithapram,KS Chithra,15959,1671,https://en.msidb.org/s.php?15959,https://en.msidb.org/m.php?1671
Mayyazhippuzhayozhuki [M],Udyaanapaalakan,1996,Mohanam,Johnson,Kaithapram,KJ Yesudas,11908,1671,https://en.msidb.org/s.php?11908,https://en.msidb.org/m.php?1671
Kadalaadum,Aaraam Thamburaan,1997,Mohanam,Raveendran,Gireesh Puthenchery,"MG Sreekumar, KS Chithra",9802,4607,https://en.msidb.org/s.php?9802,https://en.msidb.org/m.php?4607
Santhatham Sumasharan,Aaraam Thamburaan,1997,Mohanam,Raveendran,Gireesh Puthenchery,Manju Menon,13232,4607,https://en.msidb.org/s.php?13232,https://en.msidb.org/m.php?4607
Vaathil Thurakkoo [M],Five Star Hospital,1997,Mohanam,Bombay Ravi,Yusufali Kecheri,KJ Yesudas,14423,3813,https://en.msidb.org/s.php?14423,https://en.msidb.org/m.php?3813
Vaathil thurakkoo [F],Five Star Hospital,1997,Mohanam,Bombay Ravi,Yusufali Kecheri,KS Chithra,9784,3813,https://en.msidb.org/s.php?9784,https://en.msidb.org/m.php?3813
Poomukham,Kaarunyam,1997,Mohanam,Kaithapram,Kaithapram,KJ Yesudas,9730,3782,https://en.msidb.org/s.php?9730,https://en.msidb.org/m.php?3782
Velikku Veluppaankaalam,Kaliyaattam,1997,Mohanam,Kaithapram,Kaithapram,KJ Yesudas,13008,721,https://en.msidb.org/s.php?13008,https://en.msidb.org/m.php?721
Mindaappenninte Karalile,Kottapurathe Koottukudumbam,1997,Mohanam,Kaithapram,Kaithapram,KS Chithra,14583,1098,https://en.msidb.org/s.php?14583,https://en.msidb.org/m.php?1098
Agni Sathyangal,Kulam,1997,Mohanam,MG Radhakrishnan,V Madhusoodanan Nair,V Madhusoodanan Nair,15467,3354,https://en.msidb.org/s.php?15467,https://en.msidb.org/m.php?3354
Panineerppoykakal,Manichilanka,1997,Mohanam,Wilson,Gireesh Puthenchery,"MG Sreekumar, KS Chithra",12110,5145,https://en.msidb.org/s.php?12110,https://en.msidb.org/m.php?5145
Venalkkoodinullil,Newspaper Boy,1997,Mohanam,Wilson,Gireesh Puthenchery,KJ Yesudas,13292,1222,https://en.msidb.org/s.php?13292,https://en.msidb.org/m.php?1222
Marumozhi Thedum Kilimakale,Super Man,1997,Mohanam,SP Venkitesh,S Ramesan Nair,MG Sreekumar,15708,4443,https://en.msidb.org/s.php?15708,https://en.msidb.org/m.php?4443
Kaadinezhazhaku,Aaraam Jaalakam,1998,Mohanam,Kaithapram,Kaithapram,P Jayachandran,11265,5375,https://en.msidb.org/s.php?11265,https://en.msidb.org/m.php?5375
Pinangaan [F],Aaraam Jaalakam,1998,Mohanam,Kaithapram,Kaithapram,"Edappal Viswan, Radhika Thilak",11262,5375,https://en.msidb.org/s.php?11262,https://en.msidb.org/m.php?5375
Pinangaan [M],Aaraam Jaalakam,1998,Mohanam,Kaithapram,Kaithapram,Edappal Viswan,15849,5375,https://en.msidb.org/s.php?15849,https://en.msidb.org/m.php?5375
Ponnum Thinkal Thaarattum,Anuraagakottaaram,1998,Mohanam,Ilayaraja,Kaithapram,KJ Yesudas,14264,802,https://en.msidb.org/s.php?14264,https://en.msidb.org/m.php?802
Etho Nidrathan,Ayaal Kadhayezhthukayaanu,1998,Mohanam,Raveendran,Kaithapram,"KJ Yesudas, Sujatha Mohan",9660,3768,https://en.msidb.org/s.php?9660,https://en.msidb.org/m.php?3768
Etho nidrathan,Ayaal Kadhayezhthukayaanu,1998,Mohanam,Raveendran,Kaithapram,KJ Yesudas,9661,3768,https://en.msidb.org/s.php?9661,https://en.msidb.org/m.php?3768
Kuppivala Kilukile,Ayaal Kadhayezhthukayaanu,1998,Mohanam,Raveendran,Kaithapram,"MG Sreekumar, Sujatha Mohan",13077,3768,https://en.msidb.org/s.php?13077,https://en.msidb.org/m.php?3768
Panineerppoykakal Mizhikal,Chenaparambile Aanakkaaryam,1998,Mohanam,Wilson,"Gireesh Puthenchery, Rahim Poovattuparambu","MG Sreekumar, KS Chithra",15162,1695,https://en.msidb.org/s.php?15162,https://en.msidb.org/m.php?1695
Chembakappoo Mottinullil,Ennu Swantham Jaanakikutty,1998,Mohanam,Kaithapram,Kaithapram,KS Chithra,13026,2147,https://en.msidb.org/s.php?13026,https://en.msidb.org/m.php?2147
Chembakappoo Mottinullil (M),Ennu Swantham Jaanakikutty,1998,Mohanam,Kaithapram,Kaithapram,KJ Yesudas,13133,2147,https://en.msidb.org/s.php?13133,https://en.msidb.org/m.php?2147
Ee kaattinu (F),Kaattathoru Penpoovu,1998,Mohanam,Kaithapram,Kaithapram,KS Chithra,11735,2992,https://en.msidb.org/s.php?11735,https://en.msidb.org/m.php?2992
Ee kaattinu (M),Kaattathoru Penpoovu,1998,Mohanam,Kaithapram,Kaithapram,"KJ Yesudas, Chorus",14881,2992,https://en.msidb.org/s.php?14881,https://en.msidb.org/m.php?2992
Prapanjamunarum,Manthrimaalikayil Manassammatham,1998,Mohanam,Berny Ignatius,Kaithapram,KJ Yesudas,14326,1035,https://en.msidb.org/s.php?14326,https://en.msidb.org/m.php?1035
Thirayezhuthum Mannil,Meenakshikalyaanam,1998,Mohanam,Nadirsha,S Ramesan Nair,KJ Yesudas,14333,2245,https://en.msidb.org/s.php?14333,https://en.msidb.org/m.php?2245
Kannaadikkoodum Kootti,Pranayavarnangal,1998,Mohanam,Vidyasagar,Gireesh Puthenchery,"KJ Yesudas, KS Chithra",9570,4023,https://en.msidb.org/s.php?9570,https://en.msidb.org/m.php?4023
Perariyathoru Nombarathe,Sneham,1998,Mohanam,Perumbavoor G Ravindranath,Yusufali Kecheri,KJ Yesudas,12979,5821,https://en.msidb.org/s.php?12979,https://en.msidb.org/m.php?5821
Iniyennukaanum makale,Thaalolam,1998,Mohanam,Kaithapram,Kaithapram,KJ Yesudas,9544,718,https://en.msidb.org/s.php?9544,https://en.msidb.org/m.php?718
Kainiraye,Aakaashaganga,1999,Mohanam,Berny Ignatius,S Ramesan Nair,"KJ Yesudas, Sujatha Mohan",9533,1349,https://en.msidb.org/s.php?9533,https://en.msidb.org/m.php?1349
Vaikaashithinkalirangum,Aakaashaganga,1999,Mohanam,Berny Ignatius,S Ramesan Nair,KJ Yesudas,9534,1349,https://en.msidb.org/s.php?9534,https://en.msidb.org/m.php?1349
Vaikaashithinkalirangum [D],Aakaashaganga,1999,Mohanam,Berny Ignatius,S Ramesan Nair,"KJ Yesudas, KS Chithra",15997,1349,https://en.msidb.org/s.php?15997,https://en.msidb.org/m.php?1349
Ambaadippayyukal Humming (Whistle),Chandranudikkunna Dikkil,1999,Mohanam,Vidyasagar,-,Vidyasagar,9515,485,https://en.msidb.org/s.php?9515,https://en.msidb.org/m.php?485
Ambaadippayyukal Humming [F],Chandranudikkunna Dikkil,1999,Mohanam,Vidyasagar,-,Sujatha Mohan,15913,485,https://en.msidb.org/s.php?15913,https://en.msidb.org/m.php?485
Ambaadippayyukal [D],Chandranudikkunna Dikkil,1999,Mohanam,Vidyasagar,S Ramesan Nair,"KJ Yesudas, Sujatha Mohan",15912,485,https://en.msidb.org/s.php?15912,https://en.msidb.org/m.php?485
Ambaadippayyukal [F],Chandranudikkunna Dikkil,1999,Mohanam,Vidyasagar,S Ramesan Nair,Sujatha Mohan,9514,485,https://en.msidb.org/s.php?9514,https://en.msidb.org/m.php?485
Thekku Thekku Thekke,Ezhupunnatharakan,1999,Mohanam,Vidyasagar,Gireesh Puthenchery,KJ Yesudas,13580,3401,https://en.msidb.org/s.php?13580,https://en.msidb.org/m.php?3401
Manjukaalam,Megham,1999,Mohanam,Ouseppachan,Gireesh Puthenchery,KJ Yesudas,9464,2037,https://en.msidb.org/s.php?9464,https://en.msidb.org/m.php?2037
Manjukaalam [D],Megham,1999,Mohanam,Ouseppachan,Gireesh Puthenchery,"KJ Yesudas, Sujatha Mohan",19060,2037,https://en.msidb.org/s.php?19060,https://en.msidb.org/m.php?2037
Thumbayum thulasiyum,Megham,1999,Mohanam,Ouseppachan,Gireesh Puthenchery,KS Chithra,9466,2037,https://en.msidb.org/s.php?9466,https://en.msidb.org/m.php?2037
Raaga Chandran,Mizhiyariyaathe,1999,Mohanam,Raveendran,Kaithapram,Edappal Viswan,15152,6077,https://en.msidb.org/s.php?15152,https://en.msidb.org/m.php?6077
Mizhiyariyaathe,Niram,1999,Mohanam,Vidyasagar,Bichu Thirumala,Sujatha Mohan,9457,3611,https://en.msidb.org/s.php?9457,https://en.msidb.org/m.php?3611
Mizhiyariyaathe,Niram,1999,Mohanam,Vidyasagar,Bichu Thirumala,KJ Yesudas,13415,3611,https://en.msidb.org/s.php?13415,https://en.msidb.org/m.php?3611
Adwaithaamrutha,Sneha Saamraajyam (Punnaaram Kuyil),1999,Mohanam,MM Keeravani,Shibu Chakravarthy,"KJ Yesudas, MM Keeravani",14143,6116,https://en.msidb.org/s.php?14143,https://en.msidb.org/m.php?6116
Anubhoothi pookkum nin mizhikalil,Uthram Nakshathram,1999,Mohanam,Sunny Stephen,K Jayakumar,KS Chithra,12096,4907,https://en.msidb.org/s.php?12096,https://en.msidb.org/m.php?4907
Anubhoothi pookkum nin mizhikalil [D],Uthram Nakshathram,1999,Mohanam,Sunny Stephen,K Jayakumar,"Rajesh H, KS Chithra",12098,4907,https://en.msidb.org/s.php?12098,https://en.msidb.org/m.php?4907
Vaarthinkal Thellalle [F],Dreamz,2000,Mohanam,Vidyasagar,Gireesh Puthenchery,Swarnalatha,9363,2052,https://en.msidb.org/s.php?9363,https://en.msidb.org/m.php?2052
Vaarthinkal Thellalle [M],Dreamz,2000,Mohanam,Vidyasagar,Gireesh Puthenchery,KJ Yesudas,15562,2052,https://en.msidb.org/s.php?15562,https://en.msidb.org/m.php?2052
Pon kasavu,Joker,2000,Mohanam,Mohan Sithara,Yusufali Kecheri,"P Jayachandran, KS Chithra",9339,610,https://en.msidb.org/s.php?9339,https://en.msidb.org/m.php?610
Pranayikkukayairunnu,Manassil Oru Manjuthulli,2000,Mohanam,Bombay Ravi,Suresh Ramanthali,"Edappal Viswan, Santhosh Bombay",12928,359,https://en.msidb.org/s.php?12928,https://en.msidb.org/m.php?359
Pranayikkukayairunnu,Manassil Oru Manjuthulli,2000,Mohanam,Bombay Ravi,Suresh Ramanthali,Sujatha Mohan,12929,359,https://en.msidb.org/s.php?12929,https://en.msidb.org/m.php?359
Aaraadyam,Mazha,2000,Mohanam,Raveendran,OV Usha,Asha G Menon,9304,4296,https://en.msidb.org/s.php?9304,https://en.msidb.org/m.php?4296
Ithramel manamulla,Mazha,2000,Mohanam,Raveendran,K Jayakumar,KJ Yesudas,9297,4296,https://en.msidb.org/s.php?9297,https://en.msidb.org/m.php?4296
Minnum Ponnurukki Theerthu,Naadan Pennum Naattupramaaniyum,2000,Mohanam,AB Murali,S Ramesan Nair,KJ Yesudas,11767,997,https://en.msidb.org/s.php?11767,https://en.msidb.org/m.php?997
Indumathippoovirinjathu,Sparsham,2000,Mohanam,Sharreth,S Ramesan Nair,KS Chithra,9233,2693,https://en.msidb.org/s.php?9233,https://en.msidb.org/m.php?2693
Megharagathil [M],Sradha,2000,Mohanam,Bharadhwaj,Gireesh Puthenchery,KJ Yesudas,14849,376,https://en.msidb.org/s.php?14849,https://en.msidb.org/m.php?376
Ente peru vilikkayaano,Varnakkaazhchakal,2000,Mohanam,Mohan Sithara,Yusufali Kecheri,"KJ Yesudas, KS Chithra",9222,1573,https://en.msidb.org/s.php?9222,https://en.msidb.org/m.php?1573
Pattu Chutti Pottum [M],Varnakkaazhchakal,2000,Mohanam,Mohan Sithara,Yusufali Kecheri,KJ Yesudas,15651,1573,https://en.msidb.org/s.php?15651,https://en.msidb.org/m.php?1573
Pattu chutti,Varnakkaazhchakal,2000,Mohanam,Mohan Sithara,Yusufali Kecheri,"KS Chithra, Chorus",9220,1573,https://en.msidb.org/s.php?9220,https://en.msidb.org/m.php?1573
Ponnumkudathinu,Vinayapoorvam Vidyaadharan,2000,Mohanam,Kaithapram,Kaithapram,KJ Yesudas,14799,2341,https://en.msidb.org/s.php?14799,https://en.msidb.org/m.php?2341
Marikkaattu Veeshi,Raakshasa Raajaavu,2001,Mohanam,Mohan Sithara,S Ramesan Nair,Aneesha,12991,3834,https://en.msidb.org/s.php?12991,https://en.msidb.org/m.php?3834
Mooli Mooli,Theerthaadanam,2001,Mohanam,Kaithapram,Kaithapram,Kallara Gopan,13202,4911,https://en.msidb.org/s.php?13202,https://en.msidb.org/m.php?4911
Mooli mooli,Theerthaadanam,2001,Mohanam,Kaithapram,Kaithapram,KS Chithra,9025,4911,https://en.msidb.org/s.php?9025,https://en.msidb.org/m.php?4911
Muthani munthiri vallikal,Unnathangalil,2001,Mohanam,Mohan Sithara,Gireesh Puthenchery,"KJ Yesudas, KS Chithra",9019,2252,https://en.msidb.org/s.php?9019,https://en.msidb.org/m.php?2252
Parayaatha Mozhikal [M],Ente Hridayathinte Udama,2002,Mohanam,Raveendran,ONV Kurup,Biju Narayanan,15967,1935,https://en.msidb.org/s.php?15967,https://en.msidb.org/m.php?1935
Parayaatha mozhikal [D],Ente Hridayathinte Udama,2002,Mohanam,Raveendran,ONV Kurup,"Biju Narayanan, KS Chithra",8995,1935,https://en.msidb.org/s.php?8995,https://en.msidb.org/m.php?1935
Mouliyil,Nandanam,2002,Mohanam,Raveendran,Gireesh Puthenchery,KS Chithra,9108,4990,https://en.msidb.org/s.php?9108,https://en.msidb.org/m.php?4990
Chandramani kammalaninju,Thaandavam,2002,Mohanam,MG Sreekumar,Kaithapram,"MG Sreekumar, Sujatha Mohan",8864,2771,https://en.msidb.org/s.php?8864,https://en.msidb.org/m.php?2771
Oru poomazha,Gramaphone,2003,Mohanam,Vidyasagar,Sachithanandan Puzhangara,KJ Yesudas,8988,2549,https://en.msidb.org/s.php?8988,https://en.msidb.org/m.php?2549
Onnaam kili,Kilichundan Mambazham,2003,Mohanam,Vidyasagar,Beeyar Prasad,"MG Sreekumar, Sujatha Mohan",8771,1707,https://en.msidb.org/s.php?8771,https://en.msidb.org/m.php?1707
Kannuneer Puzhayude (F),Meerayude Dukhavum Muthuvinte Swapnavum,2003,Mohanam,Mohan Sithara,Vinayan,KS Chithra,14659,4224,https://en.msidb.org/s.php?14659,https://en.msidb.org/m.php?4224
Kannuneer Puzhayude (M),Meerayude Dukhavum Muthuvinte Swapnavum,2003,Mohanam,Mohan Sithara,Vinayan,KJ Yesudas,14639,4224,https://en.msidb.org/s.php?14639,https://en.msidb.org/m.php?4224
Ninne Kandaal,Mr.Brahmachaari,2003,Mohanam,Mohan Sithara,Gireesh Puthenchery,Sujatha Mohan,8665,3670,https://en.msidb.org/s.php?8665,https://en.msidb.org/m.php?3670
Omalaale,Sadaanandante Samayam,2003,Mohanam,Mohan Sithara,Yusufali Kecheri,"KJ Yesudas, Sujatha Mohan",8737,3523,https://en.msidb.org/s.php?8737,https://en.msidb.org/m.php?3523
Oomalaale,Sadaanandante Samayam,2003,Mohanam,Mohan Sithara,Yusufali Kecheri,KJ Yesudas,12770,3523,https://en.msidb.org/s.php?12770,https://en.msidb.org/m.php?3523
Kanaakkoodu Thedi,Sahodaran Sahadevan,2003,Mohanam,MG Anil,Sudhamsu,MG Sreekumar,11868,5201,https://en.msidb.org/s.php?11868,https://en.msidb.org/m.php?5201
Enikkoru pennund,Thilakkam,2003,Mohanam,Kaithapram Viswanath,Kaithapram,KJ Yesudas,8715,4267,https://en.msidb.org/s.php?8715,https://en.msidb.org/m.php?4267
Kanimullakal Poothathu Pole,Thillaana Thillaana,2003,Mohanam,Thankaraj,Gireesh Puthenchery,"KJ Yesudas, Ranjini Jose",14804,1380,https://en.msidb.org/s.php?14804,https://en.msidb.org/m.php?1380
Kanimullakal Poothathu Pole (M),Thillaana Thillaana,2003,Mohanam,Thankaraj,Gireesh Puthenchery,KJ Yesudas,14805,1380,https://en.msidb.org/s.php?14805,https://en.msidb.org/m.php?1380
Mizhikalil,Greetings,2004,Mohanam,Raveendran,Gireesh Puthenchery,"V Devanand, Gayathri Ashokan",8618,942,https://en.msidb.org/s.php?8618,https://en.msidb.org/m.php?942
Mizhikalil [F],Greetings,2004,Mohanam,Raveendran,Gireesh Puthenchery,Gayathri Ashokan,15611,942,https://en.msidb.org/s.php?15611,https://en.msidb.org/m.php?942
Kolamayil Penkodi,Kerala House Udan Vilpanakku,2004,Mohanam,Ouseppachan,Gireesh Puthenchery,"KJ Yesudas, Sujatha Mohan",8774,1203,https://en.msidb.org/s.php?8774,https://en.msidb.org/m.php?1203
Maarimazha,Rasikan,2004,Mohanam,Vidyasagar,Gireesh Puthenchery,"Karthik, Veena, Chorus",8500,4193,https://en.msidb.org/s.php?8500,https://en.msidb.org/m.php?4193
Vallathil,Ananthabhadram,2005,Mohanam,MG Radhakrishnan,Gireesh Puthenchery,Kalabhavan Mani,8384,1013,https://en.msidb.org/s.php?8384,https://en.msidb.org/m.php?1013
Chakkaramaavinte,Athbhuthadweepu,2005,Mohanam,M Jayachandran,Kaithapram,Alex Kayyalakkal,8370,3840,https://en.msidb.org/s.php?8370,https://en.msidb.org/m.php?3840
Chakkaramaavinte-F,Athbhuthadweepu,2005,Mohanam,M Jayachandran,Kaithapram,Jyotsna Radhakrishnan,15789,3840,https://en.msidb.org/s.php?15789,https://en.msidb.org/m.php?3840
Muttathethum,Chandrolsavam,2005,Mohanam,Vidyasagar,Gireesh Puthenchery,KJ Yesudas,8328,603,https://en.msidb.org/s.php?8328,https://en.msidb.org/m.php?603
Snehathumpi,December,2005,Mohanam,Jassie Gift,Kaithapram,KJ Yesudas,8630,3080,https://en.msidb.org/s.php?8630,https://en.msidb.org/m.php?3080
Bhagavathikkaavil,Mayookham,2005,Mohanam,Bombay Ravi,Mankombu Gopalakrishnan,MG Sreekumar,10932,344,https://en.msidb.org/s.php?10932,https://en.msidb.org/m.php?344
Chuvarillaathe,Mayookham,2005,Mohanam,Bombay Ravi,T Hariharan,P Jayachandran,10929,344,https://en.msidb.org/s.php?10929,https://en.msidb.org/m.php?344
Tha Geha Krithya,Mayookham,2005,Mohanam,Bombay Ravi,Traditional (Melpathur),Vijitha,10927,344,https://en.msidb.org/s.php?10927,https://en.msidb.org/m.php?344
Mauna nombara,Pauran,2005,Mohanam,Raghu Kumar,Gireesh Puthenchery,"MG Sreekumar, Ranjini Jose",10956,1018,https://en.msidb.org/s.php?10956,https://en.msidb.org/m.php?1018
Venal vanikayil,Aanachandam,2006,Mohanam,Jaison J Nair,PC Aravindan,V Devanand,11036,5299,https://en.msidb.org/s.php?11036,https://en.msidb.org/m.php?5299
Kayyethum Doore,Ekaantham,2006,Mohanam,Kaithapram Viswanath,Kaithapram,KJ Yesudas,11854,5399,https://en.msidb.org/s.php?11854,https://en.msidb.org/m.php?5399
Paattonnu paadan,Kilukkam KiluKilukkam,2006,Mohanam,Deepak Dev,Gireesh Puthenchery,"Ranjith Govind, Smitha, Benny, Arjun Sasi",11104,453,https://en.msidb.org/s.php?11104,https://en.msidb.org/m.php?453
Sandhye,Moonnaamathoraal,2006,Mohanam,Ouseppachan,Shibu Chakravarthy,P Jayachandran,12016,5401,https://en.msidb.org/s.php?12016,https://en.msidb.org/m.php?5401
Maanathe Velli Vithaanicha Kottaaram,Palunku,2006,Mohanam,Mohan Sithara,Sarath Vayalar,KJ Yesudas,12374,5784,https://en.msidb.org/s.php?12374,https://en.msidb.org/m.php?5784
Oru kinnaara,Speed (Fast Track),2006,Mohanam,Deepak Dev,Gireesh Puthenchery,"Udit Narayan, Sujatha Mohan",11082,4603,https://en.msidb.org/s.php?11082,https://en.msidb.org/m.php?4603
Swarangal,Aananda Bhairavi,2007,Mohanam,Veena Parthasarathy,Traditional (Folk),Arjun Krishna,13113,5505,https://en.msidb.org/s.php?13113,https://en.msidb.org/m.php?5505
Pularoli Melle [D],Anaamika,2007,Mohanam,MK Arjunan,"Jiji Thomson, KL Sreekrishnadas","Nikhil, Radhika Thilak",13783,5977,https://en.msidb.org/s.php?13783,https://en.msidb.org/m.php?5977
Thaane Paadum,Arabikkadha,2007,Mohanam,Bijibal Maniyil,Anil Panachooran,"Rajeev Kodampally, Soumya Ramakrishnan",13859,5994,https://en.msidb.org/s.php?13859,https://en.msidb.org/m.php?5994
Aluva,Athisayan,2007,Mohanam,Alphonse Joseph,Sarath Vayalar,Sithara Krishnakumar,13527,5194,https://en.msidb.org/s.php?13527,https://en.msidb.org/m.php?5194
Enthaaninnennodonnum,Goal,2007,Mohanam,Vidyasagar,Sarath Vayalar,"V Devanand, Shweta Mohan",13790,5980,https://en.msidb.org/s.php?13790,https://en.msidb.org/m.php?5980
Vyathyasthanaamoru,Kadha Parayumbol,2007,Mohanam,M Jayachandran,Anil Panachooran,"Pradeep Palluruthy, Anil Panachooran",15418,6104,https://en.msidb.org/s.php?15418,https://en.msidb.org/m.php?6104
Manjaadi Mazha,Rock N Roll,2007,Mohanam,Vidyasagar,Gireesh Puthenchery,"Madhu Balakrishnan, Sujatha Mohan",14931,6068,https://en.msidb.org/s.php?14931,https://en.msidb.org/m.php?6068
Paattellaam,Sooryan,2007,Mohanam,Ilayaraja,Gireesh Puthenchery,"Vijay Yesudas, Chorus",14122,6016,https://en.msidb.org/s.php?14122,https://en.msidb.org/m.php?6016
Kaananathile,Gulmohar,2008,Mohanam,Johnson,ONV Kurup,KJ Yesudas,17613,6229,https://en.msidb.org/s.php?17613,https://en.msidb.org/m.php?6229
Kaananathile [F],Gulmohar,2008,Mohanam,Johnson,ONV Kurup,Prameela Leela,17614,6229,https://en.msidb.org/s.php?17614,https://en.msidb.org/m.php?6229
Kannum Chimmi,Lollypop,2008,Mohanam,Alex Paul,Sarath Vayalar,"Vidhu Prathap, Rimi Tomy",18947,6256,https://en.msidb.org/s.php?18947,https://en.msidb.org/m.php?6256
Nacho Nacho (Thumbi Thumbi),Parunthu,2008,Mohanam,Alex Paul,Sarath Vayalar,Anitha Shaiq,16472,6212,https://en.msidb.org/s.php?16472,https://en.msidb.org/m.php?6212
Lekhe Chandralekhe,Shalabham,2008,Mohanam,Kaithapram,Kaithapram,"Deepankuran, Gayathri Varma",15869,6133,https://en.msidb.org/s.php?15869,https://en.msidb.org/m.php?6133
Kanninu Kuliraam Kannaamthali,Thalappaavu,2008,Mohanam,Alex Paul,ONV Kurup,KS Chithra,17756,6222,https://en.msidb.org/s.php?17756,https://en.msidb.org/m.php?6222
Manjilkkulikkum,Veruthe Oru Bhaarya,2008,Mohanam,Shyam Dharman,Sarath Vayalar,Shyam Dharman,16085,6168,https://en.msidb.org/s.php?16085,https://en.msidb.org/m.php?6168
Mullappoomaala,Madhyavenal,2009,Mohanam,AS Prashanth Krishna,AS Prashanth Krishna,G Venugopal,189921,6586,https://en.msidb.org/s.php?189921,https://en.msidb.org/m.php?6586
Bhaavayaami,Meghatheertham,2009,Mohanam,Sharreth,Gireesh Puthenchery,Sharreth,19030,6535,https://en.msidb.org/s.php?19030,https://en.msidb.org/m.php?6535
Aarum Meettan,Paribhavam,2009,Mohanam,Jai Krishnan,Aparna Karimbil,KS Chithra,19114,6541,https://en.msidb.org/s.php?19114,https://en.msidb.org/m.php?6541
Kilippenne Mindalle,Raamaraavanan,2010,Mohanam,Kaithapram,Rafi Mathira,Sujatha Mohan,191081,6735,https://en.msidb.org/s.php?191081,https://en.msidb.org/m.php?6735
Jaathibhedam,Yugapurushan,2010,Mohanam,Mohan Sithara,"Sreenarayana Guru, Kaithapram","KJ Yesudas, Manikandan, Chorus",190533,6648,https://en.msidb.org/s.php?190533,https://en.msidb.org/m.php?6648
Ee Puzhayum Sandhyakalum(Unplugged),Indian Rupee,2011,Mohanam,Shahabaz Aman,Mullanezhi,Vijay Yesudas,193249,6926,https://en.msidb.org/s.php?193249,https://en.msidb.org/m.php?6926
Anuraagathin Velayil,Thattathin Marayathu,2012,Mohanam,Shaan Rahman,Vineeth Sreenivasan,Vineeth Sreenivasan,193705,7002,https://en.msidb.org/s.php?193705,https://en.msidb.org/m.php?7002
Thattathin Marayathe Penne,Thattathin Marayathu,2012,Mohanam,Shaan Rahman,Anu Elizabeth Jose,Sachin Warrier,193773,7002,https://en.msidb.org/s.php?193773,https://en.msidb.org/m.php?7002
Kaadu Poothe Kanavu Poothe,Ezhaamathe Varavu,2013,Mohanam,T Hariharan,T Hariharan,KS Chithra,194665,7032,https://en.msidb.org/s.php?194665,https://en.msidb.org/m.php?7032
Sadhaa Paalaya,Mr Fraud,2014,Mohanam,Gopi Sundar,Traditional (GN Balasubramaniam),"Sudeep Kumar, Sithara Krishnakumar",194990,7453,https://en.msidb.org/s.php?194990,https://en.msidb.org/m.php?7453
Thennale,Vasanthathinte Kanal Vazhikalil,2014,Mohanam,MK Arjunan,Kaithapram,"KJ Yesudas, KS Chithra",194970,7331,https://en.msidb.org/s.php?194970,https://en.msidb.org/m.php?7331
Kanaka Mailaanchi,Loham,2015,Mohanam,Sreevalsan J Menon,Rafeeq Ahamed,Shahabaz Aman,1954163,7923,https://en.msidb.org/s.php?1954163,https://en.msidb.org/m.php?7923
Aaha Malsodari,Balan,1938,Mukhari,"KK Aroor, Ibrahim",Muthukulam Raghavan Pillai,Uncategorized,14246,1204,https://en.msidb.org/s.php?14246,https://en.msidb.org/m.php?1204
Valampiri Shankil,Maaya,1972,Mukhari,V Dakshinamoorthy,Sreekumaran Thampi,S Janaki,2666,5028,https://en.msidb.org/s.php?2666,https://en.msidb.org/m.php?5028
Eeswaran Manushyanaay Avatharichu,Sree Guruvayoorappan,1972,Mukhari,V Dakshinamoorthy,ONV Kurup,KJ Yesudas,2784,790,https://en.msidb.org/s.php?2784,https://en.msidb.org/m.php?790
Bhajagovindam,Jagadguru Adisankaran,1977,Mukhari,V Dakshinamoorthy,Sankaracharyar,KJ Yesudas,4407,3882,https://en.msidb.org/s.php?4407,https://en.msidb.org/m.php?3882
Bhaamane Sathya Bhaamane,Sapthapadi,1981,Mukhari,KV Mahadevan,Vetturi Sundararamamoorthy,S Janaki,14622,2912,https://en.msidb.org/s.php?14622,https://en.msidb.org/m.php?2912
Maappu Nalkoo Mahamathe,Devaasuram,1993,Mukhari,MG Radhakrishnan,Gireesh Puthenchery,MG Sreekumar,15262,5052,https://en.msidb.org/s.php?15262,https://en.msidb.org/m.php?5052
Vettaykkorumakan,Deshaadanam,1996,Mukhari,Kaithapram,Kaithapram,Prakash,9883,1486,https://en.msidb.org/s.php?9883,https://en.msidb.org/m.php?1486
Thanneerppanthalile,Punyam,2002,Mukhari,M Jayachandran,S Ramesan Nair,KS Chithra,8883,3242,https://en.msidb.org/s.php?8883,https://en.msidb.org/m.php?3242
Thanneerppanthalile,Punyam,2002,Mukhari,M Jayachandran,S Ramesan Nair,KJ Yesudas,8886,3242,https://en.msidb.org/s.php?8886,https://en.msidb.org/m.php?3242
Pachappanamthathe,Nottam,2007,Mukhari,M Jayachandran,Ponkunnam Damodaran,KJ Yesudas,10940,2440,https://en.msidb.org/s.php?10940,https://en.msidb.org/m.php?2440
Pachappanamthathe [F],Nottam,2007,Mukhari,M Jayachandran,Ponkunnam Damodaran,Sujatha Mohan,17670,2440,https://en.msidb.org/s.php?17670,https://en.msidb.org/m.php?2440
Damippippoo,Kaliyachan,2015,Mukhari,Bijibal Maniyil,Ramanunni,Bijibal Maniyil,1954198,7336,https://en.msidb.org/s.php?1954198,https://en.msidb.org/m.php?7336
Shivagange Shilaagange,Banaras,2009,Multani,M Jayachandran,Gireesh Puthenchery,KJ Yesudas,18994,6532,https://en.msidb.org/s.php?18994,https://en.msidb.org/m.php?6532
Shivagange Shilaagange,Banaras,2009,Multani,M Jayachandran,Gireesh Puthenchery,Sujatha Mohan,18998,6532,https://en.msidb.org/s.php?18998,https://en.msidb.org/m.php?6532
Aadiyil Malsyamaay,Sree Guruvayoorappan,1972,Naatta Kurinji,V Dakshinamoorthy,ONV Kurup,KJ Yesudas,2785,790,https://en.msidb.org/s.php?2785,https://en.msidb.org/m.php?790
Chaaru sumaraaji mukhi,Chathurvedam,1977,Naatta Kurinji,G Devarajan,Sreekumaran Thampi,KJ Yesudas,14247,931,https://en.msidb.org/s.php?14247,https://en.msidb.org/m.php?931
Anadyandyamam Param (Sivabhujangam),Jagadguru Adisankaran,1977,Naatta Kurinji,V Dakshinamoorthy,Sankaracharyar,KJ Yesudas,13749,3882,https://en.msidb.org/s.php?13749,https://en.msidb.org/m.php?3882
Kanwa kanyake,Kaalam Kaathuninnilla,1979,Naatta Kurinji,AT Ummer,Chirayinkeezhu Ramakrishnan Nair,Jolly Abraham,5047,2559,https://en.msidb.org/s.php?5047,https://en.msidb.org/m.php?2559
Eeshwara jagadeeshwara,Kannukal,1979,Naatta Kurinji,V Dakshinamoorthy,Ravi Vilangan,KJ Yesudas,5139,4772,https://en.msidb.org/s.php?5139,https://en.msidb.org/m.php?4772
Maamava Sada Varade [F],Swaathy Thirunaal,1987,Naatta Kurinji,MB Sreenivasan,Traditional (Swathi Thirunal),S Janaki,12440,252,https://en.msidb.org/s.php?12440,https://en.msidb.org/m.php?252
Maarikkoodinnullil,Kaalapaani,1996,Naatta Kurinji,Ilayaraja,Gireesh Puthenchery,"KS Chithra, Ilayaraja, Chorus",9856,1371,https://en.msidb.org/s.php?9856,https://en.msidb.org/m.php?1371
Vaikaasihennalo,Rakthasaakshikal Sindaabaad,1998,Naatta Kurinji,MG Radhakrishnan,Gireesh Puthenchery,"MG Sreekumar, KS Chithra",13556,2526,https://en.msidb.org/s.php?13556,https://en.msidb.org/m.php?2526
Udayam vaalkannezhuthi (F),Njangal Santhushtaraanu,1999,Naatta Kurinji,Ouseppachan,S Ramesan Nair,KS Chithra,12783,1786,https://en.msidb.org/s.php?12783,https://en.msidb.org/m.php?1786
Udayam vaalkkannezhuthi [M],Njangal Santhushtaraanu,1999,Naatta Kurinji,Ouseppachan,S Ramesan Nair,KJ Yesudas,12777,1786,https://en.msidb.org/s.php?12777,https://en.msidb.org/m.php?1786
Thira nurayum,Ananthabhadram,2005,Naatta Kurinji,MG Radhakrishnan,Gireesh Puthenchery,KJ Yesudas,8380,1013,https://en.msidb.org/s.php?8380,https://en.msidb.org/m.php?1013
Mayyanikkanne Urangurangu (F),Moksham,2005,Naatta Kurinji,Balabhaskar,Kavalam Narayana Panicker,Manjari,8599,5521,https://en.msidb.org/s.php?8599,https://en.msidb.org/m.php?5521
Mayyanikkanne Urangurangu (M),Moksham,2005,Naatta Kurinji,Balabhaskar,Kavalam Narayana Panicker,G Venugopal,8598,5521,https://en.msidb.org/s.php?8598,https://en.msidb.org/m.php?5521
Sughamo Devi,Aananda Bhairavi,2007,Naatta Kurinji,Veena Parthasarathy,Traditional (Palakkad Amritha Sasthrikal),Kottakkal Madhu,13114,5505,https://en.msidb.org/s.php?13114,https://en.msidb.org/m.php?5505
Maadhavamaasamo,Swapaanam,2014,Naatta Kurinji,Sreevalsan J Menon,Manoj Kuroor,"R Hariprasad, Sreeranjini Kodampally",194995,7384,https://en.msidb.org/s.php?194995,https://en.msidb.org/m.php?7384
Pranavaakaaram,E,2017,Naatta Kurinji,Rahul Raj,Vinayak Sasikumar,Saritha Ram,1955817,8563,https://en.msidb.org/s.php?1955817,https://en.msidb.org/m.php?8563
Sankara Digvijayam,Jagadguru Adisankaran,1977,Nadanamakriya,V Dakshinamoorthy,P Bhaskaran,KJ Yesudas,4404,3882,https://en.msidb.org/s.php?4404,https://en.msidb.org/m.php?3882
Ee Theerugananu,Sankaraabharanam,1980,Nadanamakriya,KV Mahadevan,Bhadrachala Ramdas,Vani Jairam,10831,843,https://en.msidb.org/s.php?10831,https://en.msidb.org/m.php?843
Aarodu Cholvene,Gaanam,1982,Nadanamakriya,V Dakshinamoorthy,Traditional (Irayimman Thampi),"KJ Yesudas, Vani Jairam",6186,1710,https://en.msidb.org/s.php?6186,https://en.msidb.org/m.php?1710
Kadha parayamo kaatte,Sthreehrudayam,1960,Nagagandhari,LPR Varma,P Bhaskaran,"AM Raja, Jikki Krishnaveni",33,4262,https://en.msidb.org/s.php?33,https://en.msidb.org/m.php?4262
Sarasijanaabha Sodari,Devaasuram,1993,Nagagandhari,Traditional (Muthuswamy Dikshithar),Traditional (Muthuswamy Dikshithar),K Omanakkutty,15265,5052,https://en.msidb.org/s.php?15265,https://en.msidb.org/m.php?5052
Ascharyachoodamani,Theekkanal,1976,Naganandini,KJ Yesudas,Vayalar Ramavarma,KJ Yesudas,3866,472,https://en.msidb.org/s.php?3866,https://en.msidb.org/m.php?472
Naaraayana Namo,Prahlaada,1941,Nalinakanthi,Vidwan VS Parthasarathy Ayyankar,K Madhava Warrier,Uncategorized,192751,181,https://en.msidb.org/s.php?192751,https://en.msidb.org/m.php?181
Ennum ninne,Aniyathipraavu,1997,Nalinakanthi,Ouseppachan,S Ramesan Nair,"KJ Yesudas, Sujatha Mohan",11699,3658,https://en.msidb.org/s.php?11699,https://en.msidb.org/m.php?3658
Kannil umma,Alice In Wonderland,2005,Nalinakanthi,Vidyasagar,Gireesh Puthenchery,"Vidhu Prathap, Sujatha Mohan",8386,3251,https://en.msidb.org/s.php?8386,https://en.msidb.org/m.php?3251
Naadodippaattinte,Sarkar Dada,2005,Nalinakanthi,M Jayachandran,Gireesh Puthenchery,"KJ Yesudas, M Jayachandran",10981,3193,https://en.msidb.org/s.php?10981,https://en.msidb.org/m.php?3193
Mana vyaalakim,Chirattakkalippaattangal,2006,Nalinakanthi,Sunny Stephen,Traditional (Thyagaraja),Rajesh H,15954,861,https://en.msidb.org/s.php?15954,https://en.msidb.org/m.php?861
Mana vyaalakim [Instrumental],Chirattakkalippaattangal,2006,Nalinakanthi,Sunny Stephen,Traditional (Thyagaraja),Uncategorized,15955,861,https://en.msidb.org/s.php?15955,https://en.msidb.org/m.php?861
Chittaattin kaavil,Nivedyam,2007,Nalinakanthi,M Jayachandran,Bichu Thirumala,Sankaran Namboothiri,14186,6025,https://en.msidb.org/s.php?14186,https://en.msidb.org/m.php?6025
Paadarenu thedi,Devadaasi,1979,Narayani,Salil Chowdhary,ONV Kurup,KJ Yesudas,10862,5146,https://en.msidb.org/s.php?10862,https://en.msidb.org/m.php?5146
Alliyaambal Poovukale,Kalyaanaraathriyil,1966,Narthaki,G Devarajan,Vayalar Ramavarma,"P Jayachandran, S Janaki",711,4429,https://en.msidb.org/s.php?711,https://en.msidb.org/m.php?4429
Thaarakapoovana,Jwaala,1969,Narthaki,G Devarajan,Vayalar Ramavarma,"KJ Yesudas, P Susheela",1349,977,https://en.msidb.org/s.php?1349,https://en.msidb.org/m.php?977
Ponnil Kulicha Raathri,Sindooracheppu,1971,Narthaki,G Devarajan,Yusufali Kecheri,KJ Yesudas,2595,3500,https://en.msidb.org/s.php?2595,https://en.msidb.org/m.php?3500
Nalacharithathile,Ponnaapuram Kotta,1973,Narthaki,G Devarajan,Vayalar Ramavarma,P Susheela,2942,3752,https://en.msidb.org/s.php?2942,https://en.msidb.org/m.php?3752
Oru Vela Raavinnakam,Swapaanam,2014,Nasikabhushani,Sreevalsan J Menon,Manoj Kuroor,Lekha R Nair,195124,7384,https://en.msidb.org/s.php?195124,https://en.msidb.org/m.php?7384
Oridathu Jananam,Ashwamedham,1967,Natabhairavi,G Devarajan,Vayalar Ramavarma,KJ Yesudas,958,653,https://en.msidb.org/s.php?958,https://en.msidb.org/m.php?653
Sangeethamaathmaavin Sougandhikam,Aaraadhika,1973,Natabhairavi,MS Baburaj,Sreekumaran Thampi,"P Leela, B Vasantha",2988,1379,https://en.msidb.org/s.php?2988,https://en.msidb.org/m.php?1379
Raakkuyilin Raajasadassil,Kaalachakram,1973,Natabhairavi,G Devarajan,Sreekumaran Thampi,KJ Yesudas,2939,2926,https://en.msidb.org/s.php?2939,https://en.msidb.org/m.php?2926
Aadiparaashakthi,Ponnaapuram Kotta,1973,Natabhairavi,G Devarajan,Vayalar Ramavarma,"KJ Yesudas, PB Sreenivas, P Leela, P Susheela, P Madhuri",2948,3752,https://en.msidb.org/s.php?2948,https://en.msidb.org/m.php?3752
Roopavathi Ruchiraangi,Ponnaapuram Kotta,1973,Natabhairavi,G Devarajan,Vayalar Ramavarma,KJ Yesudas,2944,3752,https://en.msidb.org/s.php?2944,https://en.msidb.org/m.php?3752
Swayamvara Kanyake,Yaamini,1973,Natabhairavi,MK Arjunan,Kanam EJ,KJ Yesudas,3134,2877,https://en.msidb.org/s.php?3134,https://en.msidb.org/m.php?2877
Kannaa  Aalilakkanna,Devi Kanyaakumaari,1974,Natabhairavi,G Devarajan,Vayalar Ramavarma,P Madhuri,3382,1291,https://en.msidb.org/s.php?3382,https://en.msidb.org/m.php?1291
Snehagaayike,Pravaaham,1975,Natabhairavi,MK Arjunan,Sreekumaran Thampi,KJ Yesudas,3478,4778,https://en.msidb.org/s.php?3478,https://en.msidb.org/m.php?4778
Vairam Pathichoru,Chennaaya Valarthiya Kutty,1976,Natabhairavi,MK Arjunan,Mankombu Gopalakrishnan,P Jayachandran,3863,4214,https://en.msidb.org/s.php?3863,https://en.msidb.org/m.php?4214
Pavizhamalli Ninte,Amarsham,1978,Natabhairavi,G Devarajan,Chirayinkeezhu Ramakrishnan Nair,"P Jayachandran, P Madhuri",4607,4127,https://en.msidb.org/s.php?4607,https://en.msidb.org/m.php?4127
Bhoomiye Snehicha,Neeyethra Dhanya,1987,Natabhairavi,G Devarajan,ONV Kurup,P Madhuri,7041,760,https://en.msidb.org/s.php?7041,https://en.msidb.org/m.php?760
Raamayanakkaatte,Abhimanyu,1991,Natabhairavi,Raveendran,Kaithapram,"MG Sreekumar, KS Chithra",10628,2951,https://en.msidb.org/s.php?10628,https://en.msidb.org/m.php?2951
Sangeethame,Sargam,1992,Natabhairavi,Bombay Ravi,Yusufali Kecheri,KJ Yesudas,10387,3494,https://en.msidb.org/s.php?10387,https://en.msidb.org/m.php?3494
Thalayodu,Kalyanappittennu,1997,Natabhairavi,Raveendran,S Ramesan Nair,KS Chithra,9744,1235,https://en.msidb.org/s.php?9744,https://en.msidb.org/m.php?1235
Thulumbum,English Medium,1999,Natabhairavi,Raveendran,Gireesh Puthenchery,KJ Yesudas,9495,2622,https://en.msidb.org/s.php?9495,https://en.msidb.org/m.php?2622
Aaattinkarayorathe,Rasathanthram,2006,Natabhairavi,Ilayaraja,Gireesh Puthenchery,Manjari,11175,3448,https://en.msidb.org/s.php?11175,https://en.msidb.org/m.php?3448
Illumminaatti (Naadin Nanmakane Ponmakane),Aavesam,2024,Natabhairavi,Sushin Shyam,Vinayak Sasikumar,"Dabzee, Chorus",17895,1981,https://en.msidb.org/s.php?17895,https://en.msidb.org/m.php?1981
Amma Mazhakkaarinu [F],Maadambi,2008,Nawakouns,M Jayachandran,Gireesh Puthenchery,Shweta Mohan,16211,6176,https://en.msidb.org/s.php?16211,https://en.msidb.org/m.php?6176
Amma Mazhakkaarinu [M],Maadambi,2008,Nawakouns,M Jayachandran,Gireesh Puthenchery,KJ Yesudas,16208,6176,https://en.msidb.org/s.php?16208,https://en.msidb.org/m.php?6176
Enoodidham Kadhikkanadhikaparibhavam,Balan,1938,Neelambari,"KK Aroor, Ibrahim",Muthukulam Raghavan Pillai,Uncategorized,14244,1204,https://en.msidb.org/s.php?14244,https://en.msidb.org/m.php?1204
Ennomal Thankame,Prahlaada,1941,Neelambari,Vidwan VS Parthasarathy Ayyankar,K Madhava Warrier,-,2131,181,https://en.msidb.org/s.php?2131,https://en.msidb.org/m.php?181
Karunaakara,Nirmala,1948,Neelambari,EI Warrier,G Sankara Kurup,"Sarojini Menon, Vimala B Varma",2148,3395,https://en.msidb.org/s.php?2148,https://en.msidb.org/m.php?3395
Raajaadhi Raaja,Sreeraama Pattaabhishekam,1962,Neelambari,Br Lakshmanan,Thirunayinaarkurichi Madhavan Nair,"Jikki Krishnaveni, AP Komala, Vaidehi",123,1781,https://en.msidb.org/s.php?123,https://en.msidb.org/m.php?1781
Marakkaan Kazhiyumo,Kannoor Deluxe,1969,Neelambari,V Dakshinamoorthy,Sreekumaran Thampi,Kamukara Purushothaman,1317,1096,https://en.msidb.org/s.php?1317,https://en.msidb.org/m.php?1096
Ambaadippaithale,Mindaapennu,1970,Neelambari,G Devarajan,Yusufali Kecheri,S Janaki,2199,3976,https://en.msidb.org/s.php?2199,https://en.msidb.org/m.php?3976
Kalyaani Kalavaani,Anubhavangal Paalichakal,1971,Neelambari,G Devarajan,Vayalar Ramavarma,P Madhuri,2528,3662,https://en.msidb.org/s.php?2528,https://en.msidb.org/m.php?3662
Harshabaashpam Thooki,Muthassi,1971,Neelambari,V Dakshinamoorthy,P Bhaskaran,P Jayachandran,2507,2754,https://en.msidb.org/s.php?2507,https://en.msidb.org/m.php?2754
Sundarimaar,Chenda,1973,Neelambari,G Devarajan,P Bhaskaran,P Madhuri,2968,2099,https://en.msidb.org/s.php?2968,https://en.msidb.org/m.php?2099
Om Om Maayaamaalavagowla,Swathu,1980,Neelambari,G Devarajan,MD Rajendran,KJ Yesudas,5738,3433,https://en.msidb.org/s.php?5738,https://en.msidb.org/m.php?3433
Uyyala Looka Vayya,Sree Thyagaraja,1981,Neelambari,KV Mahadevan,Traditional (Thyagaraja),"SP Balasubrahmanyam, P Susheela",5970,3020,https://en.msidb.org/s.php?5970,https://en.msidb.org/m.php?3020
Kalabham chaarthum,Thaalavattam,1986,Neelambari,Raghu Kumar,Poovachal Khader,MG Sreekumar,7740,3239,https://en.msidb.org/s.php?7740,https://en.msidb.org/m.php?3239
Kanmaniye,Oru Minna Minunginte Nurungu Vettam,1987,Neelambari,Johnson,ONV Kurup,"Krishnachandran, N Lathika",7164,299,https://en.msidb.org/s.php?7164,https://en.msidb.org/m.php?299
Uyyaala Loogavaiya [M],Ayitham,1988,Neelambari,MG Radhakrishnan,Traditional (Thyagaraja),KJ Yesudas,8135,1815,https://en.msidb.org/s.php?8135,https://en.msidb.org/m.php?1815
Uyyala loogavaiya [F],Ayitham,1988,Neelambari,MG Radhakrishnan,Traditional (Thyagaraja),KS Chithra,14428,1815,https://en.msidb.org/s.php?14428,https://en.msidb.org/m.php?1815
Thooval Vinnin Maarilthoovi,Thalayanamanthram,1990,Neelambari,Johnson,Kaithapram,"G Venugopal, Sujatha Mohan",5435,3640,https://en.msidb.org/s.php?5435,https://en.msidb.org/m.php?3640
Kilukilppambaram,Kilukkam,1991,Neelambari,SP Venkitesh,Bichu Thirumala,"MG Sreekumar, Chorus",13003,3459,https://en.msidb.org/s.php?13003,https://en.msidb.org/m.php?3459
Paneneer chandrike,Kilukkam,1991,Neelambari,SP Venkitesh,Bichu Thirumala,MG Sreekumar,10552,3459,https://en.msidb.org/s.php?10552,https://en.msidb.org/m.php?3459
Chaayam poya,Aachaaryan,1993,Neelambari,Ouseppachan,Bichu Thirumala,KS Chithra,14117,1741,https://en.msidb.org/s.php?14117,https://en.msidb.org/m.php?1741
Muthum Pavizhavum,Paamaram,1993,Neelambari,Johnson,Kaithapram,KJ Yesudas,13057,5751,https://en.msidb.org/s.php?13057,https://en.msidb.org/m.php?5751
En Kunjurangikol,Omanakkoru thaaraaattu,1994,Neelambari,G Devarajan,Vallathol Narayanamenon,P Madhuri,14347,5681,https://en.msidb.org/s.php?14347,https://en.msidb.org/m.php?5681
Maanam thelinjey,Thenmaavin Kombathu,1994,Neelambari,Berny Ignatius,Gireesh Puthenchery,"MG Sreekumar, KS Chithra, Chorus",10048,1629,https://en.msidb.org/s.php?10048,https://en.msidb.org/m.php?1629
Raavu Nilapoovu,Sneham,1998,Neelambari,Perumbavoor G Ravindranath,Yusufali Kecheri,KJ Yesudas,12980,5821,https://en.msidb.org/s.php?12980,https://en.msidb.org/m.php?5821
Kanne urangurangu,Thaalolam,1998,Neelambari,Kaithapram,Kaithapram,KJ Yesudas,9545,718,https://en.msidb.org/s.php?9545,https://en.msidb.org/m.php?718
Himashaila,Mazha,2000,Neelambari,Raveendran,Kaithapram,KS Chithra,13563,4296,https://en.msidb.org/s.php?13563,https://en.msidb.org/m.php?4296
Himashaila,Mazha,2000,Neelambari,Raveendran,Kaithapram,KJ Yesudas,194162,4296,https://en.msidb.org/s.php?194162,https://en.msidb.org/m.php?4296
Himashaila,Mazha,2000,Neelambari,Raveendran,Kaithapram,"KJ Yesudas, KS Chithra, B Arundhathi",9300,4296,https://en.msidb.org/s.php?9300,https://en.msidb.org/m.php?4296
Raagaalaapanam,Mazha,2000,Neelambari,Raveendran,Traditional,"Sreevalsan J Menon, P Renu",1955108,4296,https://en.msidb.org/s.php?1955108,https://en.msidb.org/m.php?4296
Praseetha [F],Illathe Kilikkoodu,2003,Neelambari,Raveendran,Yusufali Kecheri,KS Chithra,19091,3820,https://en.msidb.org/s.php?19091,https://en.msidb.org/m.php?3820
Aalolam poove,Perumazhakkaalam,2004,Neelambari,M Jayachandran,Kaithapram,KS Chithra,8524,2434,https://en.msidb.org/s.php?8524,https://en.msidb.org/m.php?2434
Thankamanassu,Raappakal,2005,Neelambari,Mohan Sithara,Kaithapram,P Jayachandran,10976,4332,https://en.msidb.org/s.php?10976,https://en.msidb.org/m.php?4332
Thankamanassu [F],Raappakal,2005,Neelambari,Mohan Sithara,Kaithapram,Vidya Swarabhrath,19277,4332,https://en.msidb.org/s.php?19277,https://en.msidb.org/m.php?4332
Varu varu,Kalabham,2006,Neelambari,Raveendran,S Ramesan Nair,"KJ Yesudas, Sharreth, K Krishnakumar",11091,5190,https://en.msidb.org/s.php?11091,https://en.msidb.org/m.php?5190
Mukile mukile,Keerthi Chakra,2006,Neelambari,Joshua Sreedhar,Gireesh Puthenchery,MG Sreekumar,11098,5193,https://en.msidb.org/s.php?11098,https://en.msidb.org/m.php?5193
Uyyala Loogavaiya,Aananda Bhairavi,2007,Neelambari,Veena Parthasarathy,Traditional (Thyagaraja),Arjun Krishna,13111,5505,https://en.msidb.org/s.php?13111,https://en.msidb.org/m.php?5505
Chandramada,Seethaa Kalyaanam,2009,Neelambari,Sreenivas,Beeyar Prasad,KS Chithra,12032,5416,https://en.msidb.org/s.php?12032,https://en.msidb.org/m.php?5416
Maara Sannibhakara,Swapaanam,2014,Neelambari,Sreevalsan J Menon,Traditional (Balakavi Ramasasthrikal),B Arundhathi,195128,7384,https://en.msidb.org/s.php?195128,https://en.msidb.org/m.php?7384
Porumee Pazhkali,Kaliyachan,2015,Neelambari,Bijibal Maniyil,P Kunjiraman Nair,Ram Mohan,1954211,7336,https://en.msidb.org/s.php?1954211,https://en.msidb.org/m.php?7336
Ennomal Nidhiyalle,Kaaval,2021,Neelambari,Ranjin Raj Varma,BK Harinarayanan,Madhu Balakrishnan,1958144,9119,https://en.msidb.org/s.php?1958144,https://en.msidb.org/m.php?9119
Raajaraaja,Aananda Bhairavi,2007,Niroshta,Traditional (Muthiah Bhagavathar),Traditional (Muthiah Bhagavathar),Arjun Krishna,13112,5505,https://en.msidb.org/s.php?13112,https://en.msidb.org/m.php?5505
Akaale Aarum Kaividam,Jeevithanouka,1951,Pahadi,V Dakshinamoorthy,Abhayadev,Mehboob,1572,219,https://en.msidb.org/s.php?1572,https://en.msidb.org/m.php?219
Paalaazhikkadavil,Kadalamma,1963,Pahadi,G Devarajan,Vayalar Ramavarma,"AM Raja, P Susheela",236,684,https://en.msidb.org/s.php?236,https://en.msidb.org/m.php?684
Vaasantha Panchami Naalil,Bhargaveenilayam,1964,Pahadi,MS Baburaj,P Bhaskaran,S Janaki,374,3535,https://en.msidb.org/s.php?374,https://en.msidb.org/m.php?3535
Manimukile,Kadathukaaran,1965,Pahadi,MS Baburaj,Vayalar Ramavarma,"AK Sukumaran, S Janaki",456,3320,https://en.msidb.org/s.php?456,https://en.msidb.org/m.php?3320
Karayunno Puzha,Murappennu,1965,Pahadi,BA Chidambaranath,P Bhaskaran,KJ Yesudas,602,407,https://en.msidb.org/s.php?602,https://en.msidb.org/m.php?407
Aakaashappoykayil,Pattuthoovala,1965,Pahadi,G Devarajan,Vayalar Ramavarma,"Kamukara Purushothaman, P Susheela",586,596,https://en.msidb.org/s.php?586,https://en.msidb.org/m.php?596
Pranayaganam,Anaarkali,1966,Pahadi,MS Baburaj,Vayalar Ramavarma,P Susheela,728,4692,https://en.msidb.org/s.php?728,https://en.msidb.org/m.php?4692
Oru Kochu Swapnathin,Tharavaattamma,1966,Pahadi,MS Baburaj,P Bhaskaran,S Janaki,737,3703,https://en.msidb.org/s.php?737,https://en.msidb.org/m.php?3703
Surumayezhuthiya,Khadeeja,1967,Pahadi,MS Baburaj,Yusufali Kecheri,KJ Yesudas,937,4294,https://en.msidb.org/s.php?937,https://en.msidb.org/m.php?4294
Avidunnen Gaanam Kelkkaan,Pareeksha,1967,Pahadi,MS Baburaj,P Bhaskaran,S Janaki,980,3493,https://en.msidb.org/s.php?980,https://en.msidb.org/m.php?3493
Manjubhaashini,Kodungallooramma,1968,Pahadi,K Raghavan,Vayalar Ramavarma,KJ Yesudas,1181,3121,https://en.msidb.org/s.php?1181,https://en.msidb.org/m.php?3121
Melemaanathe,Koottukudumbam,1969,Pahadi,G Devarajan,Vayalar Ramavarma,B Vasantha,1380,1549,https://en.msidb.org/s.php?1380,https://en.msidb.org/m.php?1549
Raasaleelakku [Movie Version],Aabhijaathyam,1971,Pahadi,AT Ummer,P Bhaskaran,"KJ Yesudas, B Vasantha",16923,4024,https://en.msidb.org/s.php?16923,https://en.msidb.org/m.php?4024
Raasaleelaykku,Aabhijaathyam,1971,Pahadi,AT Ummer,P Bhaskaran,"KJ Yesudas, B Vasantha",2535,4024,https://en.msidb.org/s.php?2535,https://en.msidb.org/m.php?4024
Snehagangayil,Kalithozhi,1971,Pahadi,G Devarajan,Vayalar Ramavarma,KJ Yesudas,2409,647,https://en.msidb.org/s.php?2409,https://en.msidb.org/m.php?647
Poonthenaruvi,Oru Penninte Kadha,1971,Pahadi,G Devarajan,Vayalar Ramavarma,P Susheela,2425,2714,https://en.msidb.org/s.php?2425,https://en.msidb.org/m.php?2714
Sreemangalya,Maadhavikkutty,1973,Pahadi,G Devarajan,Vayalar Ramavarma,P Madhuri,3162,4791,https://en.msidb.org/s.php?3162,https://en.msidb.org/m.php?4791
Aakaashathaamara,Swargaputhri,1973,Pahadi,G Devarajan,Sreekumaran Thampi,"KJ Yesudas, P Madhuri",3168,4949,https://en.msidb.org/s.php?3168,https://en.msidb.org/m.php?4949
Yuvaakkale Yuvathikale,Chattakkaari,1974,Pahadi,G Devarajan,Vayalar Ramavarma,P Madhuri,3312,2529,https://en.msidb.org/s.php?3312,https://en.msidb.org/m.php?2529
Ponnin Chingamegham,Omanakkunju,1975,Pahadi,MK Arjunan,Sreekumaran Thampi,P Susheela,3734,3755,https://en.msidb.org/s.php?3734,https://en.msidb.org/m.php?3755
Olangale Kunjolangale Odi Va,Amba Ambika Ambaalika,1976,Pahadi,G Devarajan,Sreekumaran Thampi,P Madhuri,3985,4384,https://en.msidb.org/s.php?3985,https://en.msidb.org/m.php?4384
Vellachaattam,Chakravarthini,1977,Pahadi,G Devarajan,Vayalar Ramavarma,"P Madhuri, B Vasantha",4442,953,https://en.msidb.org/s.php?4442,https://en.msidb.org/m.php?953
Kannante Kavilil Nin Sindoora Thilakatthin,Poojakkedukkaatha Pookkal,1977,Pahadi,K Raghavan,P Bhaskaran,M Balamuralikrishna,4218,2116,https://en.msidb.org/s.php?4218,https://en.msidb.org/m.php?2116
Roja Malare,Randu Lokam,1977,Pahadi,G Devarajan,Yusufali Kecheri,P Madhuri,4500,1112,https://en.msidb.org/s.php?4500,https://en.msidb.org/m.php?1112
Kaalindi Theerathe,Balapareekshanam,1978,Pahadi,MK Arjunan,Mankombu Gopalakrishnan,KP Brahmanandan,4739,1375,https://en.msidb.org/s.php?4739,https://en.msidb.org/m.php?1375
Vasanthakaala Viharam,Velluvili,1978,Pahadi,MS Viswanathan,Bichu Thirumala,KJ Yesudas,4574,3605,https://en.msidb.org/s.php?4574,https://en.msidb.org/m.php?3605
Akkareyikkare,Ithaa Oru Theeram,1979,Pahadi,KJ Joy,Yusufali Kecheri,KJ Yesudas,5102,1137,https://en.msidb.org/s.php?5102,https://en.msidb.org/m.php?1137
Rajaneegandhikal,Nizhalukal Roopangal (Sankalanam),1979,Pahadi,KP Udayabhanu,TP Somanathan,KJ Yesudas,19190,5372,https://en.msidb.org/s.php?19190,https://en.msidb.org/m.php?5372
Kudamullakkaavile,Karipuranda Jeevithangal,1980,Pahadi,MK Arjunan,Chirayinkeezhu Ramakrishnan Nair,"P Jayachandran, Ambili Rajasekharan",5571,4081,https://en.msidb.org/s.php?5571,https://en.msidb.org/m.php?4081
Chanchalaakshi,Paalaattu Kunjikkannan,1980,Pahadi,G Devarajan,Yusufali Kecheri,KJ Yesudas,5688,772,https://en.msidb.org/s.php?5688,https://en.msidb.org/m.php?772
Prakrithee neeyoru,Saraswatheeyaamam,1980,Pahadi,AT Ummer,Vellanad Narayanan,KJ Yesudas,5647,3598,https://en.msidb.org/s.php?5647,https://en.msidb.org/m.php?3598
Poovalla Poonthaliralla,Kaattupothu,1981,Pahadi,Jerry Amaldev,P Bhaskaran,KJ Yesudas,6108,1627,https://en.msidb.org/s.php?6108,https://en.msidb.org/m.php?1627
Punnare Poonthinkale,Kadathu,1981,Pahadi,Shyam,Bichu Thirumala,Unni Menon,6037,4976,https://en.msidb.org/s.php?6037,https://en.msidb.org/m.php?4976
Jalaleela Jalaleela,Parankimala,1981,Pahadi,G Devarajan,P Bhaskaran,"KJ Yesudas, P Madhuri",5954,3197,https://en.msidb.org/s.php?5954,https://en.msidb.org/m.php?3197
Aagraham oreyoraagram,Aagraham,1984,Pahadi,AT Ummer,Poovachal Khader,"KJ Yesudas, P Susheela",7276,4563,https://en.msidb.org/s.php?7276,https://en.msidb.org/m.php?4563
Poonullum kaatte,Ethirppukal,1984,Pahadi,TS Radhakrishnan,Unni Aranmula,Vani Jairam,7340,4290,https://en.msidb.org/s.php?7340,https://en.msidb.org/m.php?4290
Onnaanaam Mala mamarakkombil,Principal Olivil,1985,Pahadi,Alleppey Ranganath,Bichu Thirumala,"KJ Yesudas, KS Chithra",6610,546,https://en.msidb.org/s.php?6610,https://en.msidb.org/m.php?546
Kodanaadan Malayile,Vellam,1985,Pahadi,G Devarajan,Mullanezhi,KJ Yesudas,6580,2430,https://en.msidb.org/s.php?6580,https://en.msidb.org/m.php?2430
Etho Nadiyude Theerathil,Kochuthemmaadi,1986,Pahadi,G Devarajan,P Bhaskaran,P Madhuri,14410,4339,https://en.msidb.org/s.php?14410,https://en.msidb.org/m.php?4339
Ananthamaam agaadhamaam,Nagarangalil Chennu Raappaarkaam,1989,Pahadi,Raveendran,Bichu Thirumala,KJ Yesudas,6946,1093,https://en.msidb.org/s.php?6946,https://en.msidb.org/m.php?1093
Maayaamayooram,Vadakkunokkiyanthram,1989,Pahadi,Johnson,Kaithapram,MG Sreekumar,6909,3231,https://en.msidb.org/s.php?6909,https://en.msidb.org/m.php?3231
Kinaavinte Koodin,Shubhayaathra,1990,Pahadi,Johnson,PK Gopi,"G Venugopal, KS Chithra",14248,885,https://en.msidb.org/s.php?14248,https://en.msidb.org/m.php?885
Kinaavinte Koodin [F],Shubhayaathra,1990,Pahadi,Johnson,PK Gopi,KS Chithra,5431,885,https://en.msidb.org/s.php?5431,https://en.msidb.org/m.php?885
Randu Poovithal Chundil Virinju,My Dear Mutthachan,1992,Pahadi,Johnson,Bichu Thirumala,KJ Yesudas,12476,317,https://en.msidb.org/s.php?12476,https://en.msidb.org/m.php?317
Chandanacholayil mungi,Sallaapam,1996,Pahadi,Johnson,Kaithapram,KJ Yesudas,9829,4331,https://en.msidb.org/s.php?9829,https://en.msidb.org/m.php?4331
Ekaantha Raavin Pinvaathil,Udyaanapaalakan,1996,Pahadi,Johnson,Kaithapram,KJ Yesudas,11907,1671,https://en.msidb.org/s.php?11907,https://en.msidb.org/m.php?1671
Ethra Nermaay Njaan,Irattakkuttikalude Achan,1997,Pahadi,Johnson,Kaithapram,KJ Yesudas,13226,242,https://en.msidb.org/s.php?13226,https://en.msidb.org/m.php?242
Unmaadam karalilorunmaadam,Ormacheppu,1998,Pahadi,Johnson,Kaithapram,"KJ Yesudas, KS Chithra",9588,2301,https://en.msidb.org/s.php?9588,https://en.msidb.org/m.php?2301
Puthumazhayai,Aakaashaganga,1999,Pahadi,Berny Ignatius,S Ramesan Nair,KS Chithra,9532,1349,https://en.msidb.org/s.php?9532,https://en.msidb.org/m.php?1349
Puthumazhayai,Aakaashaganga,1999,Pahadi,Berny Ignatius,S Ramesan Nair,KJ Yesudas,19040,1349,https://en.msidb.org/s.php?19040,https://en.msidb.org/m.php?1349
Vilakku vaykkum [M],Megham,1999,Pahadi,Ouseppachan,Gireesh Puthenchery,MG Sreekumar,9465,2037,https://en.msidb.org/s.php?9465,https://en.msidb.org/m.php?2037
Nishaagandhi Poothu (F),Nakshathrangal Parayaathirunnathu,2001,Pahadi,Mohan Sithara,Kaithapram,KS Chithra,9118,4644,https://en.msidb.org/s.php?9118,https://en.msidb.org/m.php?4644
Nishagandhi Poothu (M),Nakshathrangal Parayaathirunnathu,2001,Pahadi,Mohan Sithara,Kaithapram,KJ Yesudas,14721,4644,https://en.msidb.org/s.php?14721,https://en.msidb.org/m.php?4644
Enthinee Paattinu,Ammakkilikoodu,2003,Pahadi,Raveendran,Kaithapram,Radhika Thilak,11842,1782,https://en.msidb.org/s.php?11842,https://en.msidb.org/m.php?1782
Enthinee paattinu,Ammakkilikoodu,2003,Pahadi,Raveendran,Kaithapram,"Vijay Yesudas, Radhika Thilak",11794,1782,https://en.msidb.org/s.php?11794,https://en.msidb.org/m.php?1782
Ennodichathi,Janakeeyam [Rajasabha],2003,Pahadi,Devadas,PK Gopi,Unni Menon,10100,5496,https://en.msidb.org/s.php?10100,https://en.msidb.org/m.php?5496
Melleyonnu Paadi Ninne [D],Manassinakkare,2003,Pahadi,Ilayaraja,Gireesh Puthenchery,"KJ Yesudas, Jyotsna Radhakrishnan",8578,46,https://en.msidb.org/s.php?8578,https://en.msidb.org/m.php?46
Nanda kishora,Meerayude Dukhavum Muthuvinte Swapnavum,2003,Pahadi,Mohan Sithara,Yusufali Kecheri,KS Chithra,8768,4224,https://en.msidb.org/s.php?8768,https://en.msidb.org/m.php?4224
Kallaayikkadavathe,Perumazhakkaalam,2004,Pahadi,M Jayachandran,Kaithapram,"P Jayachandran, Sujatha Mohan",8525,2434,https://en.msidb.org/s.php?8525,https://en.msidb.org/m.php?2434
Pahaadi paadu,Chakkaramuthu,2006,Pahadi,M Jayachandran,AK Lohithadas,"KJ Yesudas, KS Chithra",12006,5413,https://en.msidb.org/s.php?12006,https://en.msidb.org/m.php?5413
Pahaadi paadu,Chakkaramuthu,2006,Pahadi,M Jayachandran,AK Lohithadas,KJ Yesudas,12008,5413,https://en.msidb.org/s.php?12008,https://en.msidb.org/m.php?5413
Aazhithirathannil,Bhaagyadevatha,2009,Pahadi,Ilayaraja,Sarath Vayalar,Karthik,19274,6560,https://en.msidb.org/s.php?19274,https://en.msidb.org/m.php?6560
Swapnangal Kannezhuthiya,Bhaagyadevatha,2009,Pahadi,Ilayaraja,Sarath Vayalar,"Rahul Nambiar, KS Chithra, Chorus",19273,6560,https://en.msidb.org/s.php?19273,https://en.msidb.org/m.php?6560
Kaattaarinu Thoraathoru [D],Loudspeaker,2009,Pahadi,Bijibal Maniyil,Anil Panachooran,"P Jayachandran, Rakhi R Nath",190084,6607,https://en.msidb.org/s.php?190084,https://en.msidb.org/m.php?6607
Sreekovil Chumarukal,Kenalum Collectorum,1976,Panthuvarali,G Devarajan,Mankombu Gopalakrishnan,KJ Yesudas,3993,2273,https://en.msidb.org/s.php?3993,https://en.msidb.org/m.php?2273
Srishtithan Soundarya,Srishti,1976,Panthuvarali,MS Baburaj,ONV Kurup,KJ Yesudas,3819,4347,https://en.msidb.org/s.php?3819,https://en.msidb.org/m.php?4347
Saarasaaksha Paripaalayamaamayi,Poojakkedukkaatha Pookkal,1977,Panthuvarali,K Raghavan,Traditional (Swathi Thirunal),M Balamuralikrishna,12997,2116,https://en.msidb.org/s.php?12997,https://en.msidb.org/m.php?2116
Sapthaswarangalaadum,Sankhupushpam,1977,Panthuvarali,MK Arjunan,Sreekumaran Thampi,Vani Jairam,4184,1965,https://en.msidb.org/s.php?4184,https://en.msidb.org/m.php?1965
Daivam Bhoomiyil,Kudumbam Namukku Sreekovil,1978,Panthuvarali,V Dakshinamoorthy,Mankombu Gopalakrishnan,"KJ Yesudas, P Jayachandran",4514,4963,https://en.msidb.org/s.php?4514,https://en.msidb.org/m.php?4963
Amme Naaraayana,Randu Mukhangal,1981,Panthuvarali,MK Arjunan,Appan Thachethu,Vani Jairam,6054,4502,https://en.msidb.org/s.php?6054,https://en.msidb.org/m.php?4502
Raghuvara,Ente Mohangal Poovaninju,1982,Panthuvarali,V Dakshinamoorthy,Traditional (Thyagaraja),"M Balamuralikrishna, KJ Yesudas, S Janaki",13025,890,https://en.msidb.org/s.php?13025,https://en.msidb.org/m.php?890
Sarvardhu Ramaneeya,Gaanam,1982,Panthuvarali,V Dakshinamoorthy,Traditional (Unnayi Warrier),"Kalanilayam Unnikrishnan, Kalamandalam Sukumaran",6187,1710,https://en.msidb.org/s.php?6187,https://en.msidb.org/m.php?1710
Chandana charchitha,Ashtapadi,1983,Panthuvarali,Vidyadharan,Traditional (Jayadevar),Kavalam Sreekumar,7460,2394,https://en.msidb.org/s.php?7460,https://en.msidb.org/m.php?2394
Aruna kirana mani gopura vaathilil,Naseema (Thamburu),1983,Panthuvarali,Johnson,P Bhaskaran,KJ Yesudas,7673,3711,https://en.msidb.org/s.php?7673,https://en.msidb.org/m.php?3711
Sasa Riri GaGa Mama,Prasnam Gurutharam,1983,Panthuvarali,Raveendran,Bichu Thirumala,KJ Yesudas,7415,4749,https://en.msidb.org/s.php?7415,https://en.msidb.org/m.php?4749
Chiriyil njaan,Manasse Ninakku Mangalam,1984,Panthuvarali,Raveendran,Poovachal Khader,"KJ Yesudas, S Janaki",7336,167,https://en.msidb.org/s.php?7336,https://en.msidb.org/m.php?167
Naaga Panchami Naalil,Snehamulla Maaman (Vishuppakshi),1984,Panthuvarali,MK Arjunan,Nelson Fernandez,KJ Yesudas,8078,5221,https://en.msidb.org/s.php?8078,https://en.msidb.org/m.php?5221
Vilichathaaru,Vilichu Vili Kettu,1985,Panthuvarali,Raveendran,Sreekumaran Thampi,KJ Yesudas,6807,3372,https://en.msidb.org/s.php?6807,https://en.msidb.org/m.php?3372
Mizhimunakondu,Sree Naaraayanaguru,1986,Panthuvarali,G Devarajan,Sreenarayana Guru,M Balamuralikrishna,7867,2405,https://en.msidb.org/s.php?7867,https://en.msidb.org/m.php?2405
Sindooravaanil Mullappoonkaavil,Bhoomiyile Raajakkanmar,1987,Panthuvarali,SP Venkitesh,Shibu Chakravarthy,Unni Menon,7084,2712,https://en.msidb.org/s.php?7084,https://en.msidb.org/m.php?2712
Ponnushassinte,January Oru Orma,1987,Panthuvarali,Ouseppachan,Shibu Chakravarthy,KJ Yesudas,7018,2281,https://en.msidb.org/s.php?7018,https://en.msidb.org/m.php?2281
Rathipathiyaay,Aazhikkoru Muthu,1989,Panthuvarali,MG Radhakrishnan,Chunakkara Ramankutty,"MG Sreekumar, S Janaki",15730,3273,https://en.msidb.org/s.php?15730,https://en.msidb.org/m.php?3273
Devasabhaathalam,His Highness Abdulla,1990,Panthuvarali,Raveendran,Kaithapram,"KJ Yesudas, Raveendran, Sharreth",5492,4780,https://en.msidb.org/s.php?5492,https://en.msidb.org/m.php?4780
Devasabhaathalam,His Highness Abdulla,1990,Panthuvarali,Raveendran,Kaithapram,"KJ Yesudas, MG Sreekumar, Sharreth",15450,4780,https://en.msidb.org/s.php?15450,https://en.msidb.org/m.php?4780
Kaattodum kannippaadam,Mindaapoochakku Kalyanam (Ellaam Angayude Ishtam),1990,Panthuvarali,Raveendran,Poovachal Khader,"KJ Yesudas, KS Chithra",5421,1038,https://en.msidb.org/s.php?5421,https://en.msidb.org/m.php?1038
Thulaseemaala,Aakaashakottayile Sulthaan,1991,Panthuvarali,Raveendran,ONV Kurup,KS Chithra,11539,604,https://en.msidb.org/s.php?11539,https://en.msidb.org/m.php?604
Aathiravaravaayi,Thudarkadha,1991,Panthuvarali,SP Venkitesh,ONV Kurup,"MG Sreekumar, KS Chithra",10505,3959,https://en.msidb.org/s.php?10505,https://en.msidb.org/m.php?3959
Smarahara Gowreeshavibho [Sooryam Sundaraloka],Veendumoru Geetham,1991,Panthuvarali,V Dakshinamoorthy,V Dakshinamoorthy,KJ Yesudas,189668,5168,https://en.msidb.org/s.php?189668,https://en.msidb.org/m.php?5168
Naadam maninaadam,Naadodi,1992,Panthuvarali,SP Venkitesh,ONV Kurup,MG Sreekumar,10408,3066,https://en.msidb.org/s.php?10408,https://en.msidb.org/m.php?3066
Chaayam poya,Aachaaryan,1993,Panthuvarali,Ouseppachan,Bichu Thirumala,KS Chithra,14117,1741,https://en.msidb.org/s.php?14117,https://en.msidb.org/m.php?1741
Paal saranikalil,Mannar Mathai Speaking,1995,Panthuvarali,SP Venkitesh,Bichu Thirumala,KJ Yesudas,9964,1972,https://en.msidb.org/s.php?9964,https://en.msidb.org/m.php?1972
Paal saranikalil,Mannar Mathai Speaking,1995,Panthuvarali,SP Venkitesh,Bichu Thirumala,"KJ Yesudas, KS Chithra, Chorus",9965,1972,https://en.msidb.org/s.php?9965,https://en.msidb.org/m.php?1972
Padavarnna tharivalayilaki,Sreeraagam,1995,Panthuvarali,Kanhangad Ramachandran,Kaithapram,"KJ Yesudas, KS Chithra",11651,3499,https://en.msidb.org/s.php?11651,https://en.msidb.org/m.php?3499
Marumozhi Thedum Kilimakale,Super Man,1997,Panthuvarali,SP Venkitesh,S Ramesan Nair,MG Sreekumar,15708,4443,https://en.msidb.org/s.php?15708,https://en.msidb.org/m.php?4443
Mangala deepavumaay,Kaikkudanna Nilaavu,1998,Panthuvarali,Kaithapram,Gireesh Puthenchery,MG Sreekumar,9644,82,https://en.msidb.org/s.php?9644,https://en.msidb.org/m.php?82
Mangala deepavumaay,Kaikkudanna Nilaavu,1998,Panthuvarali,Kaithapram,Gireesh Puthenchery,"KS Chithra, Shabnam Riyaz",15197,82,https://en.msidb.org/s.php?15197,https://en.msidb.org/m.php?82
Sreepaadame gathi jagadambike,Thattakam,1998,Panthuvarali,Kaithapram,Kaithapram,KJ Yesudas,12950,3172,https://en.msidb.org/s.php?12950,https://en.msidb.org/m.php?3172
Arumayaam,Uthram Nakshathram,1999,Panthuvarali,Sunny Stephen,K Jayakumar,KJ Yesudas,15637,4907,https://en.msidb.org/s.php?15637,https://en.msidb.org/m.php?4907
Paadunnu vishuppakshikal,Punaradhivaasam,2000,Panthuvarali,G Venugopal,Gireesh Puthenchery,G Venugopal,9267,3,https://en.msidb.org/s.php?9267,https://en.msidb.org/m.php?3
Daiva Sneham,Kanalkkireedam,2002,Panthuvarali,Berny Ignatius,S Ramesan Nair,KJ Yesudas,14859,1900,https://en.msidb.org/s.php?14859,https://en.msidb.org/m.php?1900
Bhaavayaami,Meghatheertham,2009,Panthuvarali,Sharreth,Gireesh Puthenchery,Sharreth,19030,6535,https://en.msidb.org/s.php?19030,https://en.msidb.org/m.php?6535
Aadi Gurunaadhe,Bhakthajanangalude Sradhaykku,2011,Panthuvarali,Natesh Shankar,Mullanezhi,"Vidyadharan, Chorus",192880,6844,https://en.msidb.org/s.php?192880,https://en.msidb.org/m.php?6844
Vijana Surabhee,Bachelor Party,2012,Panthuvarali,Rahul Raj,Rafeeq Ahamed,"Ramya Nambeesan, Kalamandalam Kolathapally, KM Udayan",193686,6984,https://en.msidb.org/s.php?193686,https://en.msidb.org/m.php?6984
Kumkuma Poovithalil,Njaanum Ente Familiyum,2012,Panthuvarali,MG Sreekumar,Rajeev Alunkal,"MG Sreekumar, KS Chithra",193449,6980,https://en.msidb.org/s.php?193449,https://en.msidb.org/m.php?6980
Kumkuma Poovithalil,Njaanum Ente Familiyum,2012,Panthuvarali,MG Sreekumar,Rajeev Alunkal,KS Chithra,193452,6980,https://en.msidb.org/s.php?193452,https://en.msidb.org/m.php?6980
Ormakale,Pratheeksha,1979,Patdeep,Salil Chowdhary,ONV Kurup,KJ Yesudas,5303,2277,https://en.msidb.org/s.php?5303,https://en.msidb.org/m.php?2277
Thu badi masha,His Highness Abdulla,1990,Patdeep,Raveendran,Madhu (Bihar),"KJ Yesudas, Chorus",5490,4780,https://en.msidb.org/s.php?5490,https://en.msidb.org/m.php?4780
Ponnum Noolil,Paattinte Paalaazhi,2010,Patdeep,Dr Suresh Manimala,ONV Kurup,KS Chithra,190514,6646,https://en.msidb.org/s.php?190514,https://en.msidb.org/m.php?6646
Orma Peyyukayayi,Ammakkoru Thaaraattu,2015,Patdeep,Sreekumaran Thampi,Sreekumaran Thampi,"KJ Yesudas, KS Chithra",1953721,7721,https://en.msidb.org/s.php?1953721,https://en.msidb.org/m.php?7721
Kadhayithu Kelkkaan Sahajare Vaa,Jnaanaambika,1940,Peelu,TK Jayarama Iyer,Puthankavu Mathan Tharakan,Sebastian Kunju Kunju Bhagavathar,2117,3911,https://en.msidb.org/s.php?2117,https://en.msidb.org/m.php?3911
Padmaasanathil,Kumaarasambhavam,1969,Peelu,G Devarajan,Vayalar Ramavarma,PB Sreenivas,1403,557,https://en.msidb.org/s.php?1403,https://en.msidb.org/m.php?557
Daivam Thanna Veedu,Aval Oru Thudarkadha,1975,Peelu,MS Viswanathan,Vayalar Ramavarma,KJ Yesudas,13082,5823,https://en.msidb.org/s.php?13082,https://en.msidb.org/m.php?5823
Thaalolam Paithal,Ezhuthaappurangal,1987,Peelu,Vidyadharan,ONV Kurup,KS Chithra,7152,3385,https://en.msidb.org/s.php?7152,https://en.msidb.org/m.php?3385
Thaalolam Paithal [Bit],Ezhuthaappurangal,1987,Peelu,Vidyadharan,ONV Kurup,KS Chithra,16286,3385,https://en.msidb.org/s.php?16286,https://en.msidb.org/m.php?3385
Arabikkadhayile,Sadayam,1992,Peelu,Johnson,Kaithapram,KG Markose,12490,4967,https://en.msidb.org/s.php?12490,https://en.msidb.org/m.php?4967
Madhuram jeevaamritha bindu,Chenkol,1993,Peelu,Johnson,Kaithapram,KJ Yesudas,10326,4179,https://en.msidb.org/s.php?10326,https://en.msidb.org/m.php?4179
Madhuram jeevaamritha bindu [F],Chenkol,1993,Peelu,Johnson,Kaithapram,KS Chithra,15765,4179,https://en.msidb.org/s.php?15765,https://en.msidb.org/m.php?4179
Annaarakanna Vaa,Bhramaram,2009,Peelu,Mohan Sithara,Anil Panachooran,"Vijay Yesudas, Poornasree, Vishnu Sithara, Dr T Unnikrishnan",189826,6581,https://en.msidb.org/s.php?189826,https://en.msidb.org/m.php?6581
Enikku Paadaan,Ivar Vivaahitharaayaal,2009,Peelu,M Jayachandran,Gireesh Puthenchery,TT Sainoj,189821,6580,https://en.msidb.org/s.php?189821,https://en.msidb.org/m.php?6580
Shambho Njan,Nallathanka,1950,Poorvi Kalyani,"Ramarao, V Dakshinamoorthy",Abhayadev,P Leela,1517,2349,https://en.msidb.org/s.php?1517,https://en.msidb.org/m.php?2349
Manassilunaroo,Marunaattil Oru Malayaali,1971,Poorvi Kalyani,V Dakshinamoorthy,Sreekumaran Thampi,"KJ Yesudas, S Janaki",2553,1385,https://en.msidb.org/s.php?2553,https://en.msidb.org/m.php?1385
Padmatheerthame Unaroo,Gaayathri,1973,Poorvi Kalyani,G Devarajan,Vayalar Ramavarma,"KJ Yesudas, Chorus",2962,945,https://en.msidb.org/s.php?2962,https://en.msidb.org/m.php?945
Devi Kanyakumaari,Devi Kanyaakumaari,1974,Poorvi Kalyani,G Devarajan,Vayalar Ramavarma,"KJ Yesudas, Chorus",3383,1291,https://en.msidb.org/s.php?3383,https://en.msidb.org/m.php?1291
Puzhayil Mungi Thazhum,Ulkadal,1979,Poorvi Kalyani,MB Sreenivasan,ONV Kurup,KJ Yesudas,12244,1023,https://en.msidb.org/s.php?12244,https://en.msidb.org/m.php?1023
Pachilachaarthaam,Karayilekku Oru Kadaldooram,2010,Poorvi Kalyani,M Jayachandran,Vinod Mankara,Sujatha Mohan,192393,6775,https://en.msidb.org/s.php?192393,https://en.msidb.org/m.php?6775
Pachilachaarthaam [M],Karayilekku Oru Kadaldooram,2010,Poorvi Kalyani,M Jayachandran,Vinod Mankara,G Venugopal,192394,6775,https://en.msidb.org/s.php?192394,https://en.msidb.org/m.php?6775
Kaminee Mani Sakhi,Swapaanam,2014,Poorvi Kamboji,Sreevalsan J Menon,Traditional (Swathi Thirunal),"Meera Ram Mohan, Kalyani Menon",195133,7384,https://en.msidb.org/s.php?195133,https://en.msidb.org/m.php?7384
Thekkumkooradiyaathi,Ashwamedham,1967,Punnagavaraali,G Devarajan,Vayalar Ramavarma,B Vasantha,955,653,https://en.msidb.org/s.php?955,https://en.msidb.org/m.php?653
Enthucheyyendu,Thuruppugulaan,1977,Punnagavaraali,V Dakshinamoorthy,Sreekumaran Thampi,"KJ Yesudas, S Janaki",10865,697,https://en.msidb.org/s.php?10865,https://en.msidb.org/m.php?697
Aadiyushassil,Manushyan,1979,Punnagavaraali,V Dakshinamoorthy,Bharanikkavu Sivakumar,KJ Yesudas,5053,2678,https://en.msidb.org/s.php?5053,https://en.msidb.org/m.php?2678
Manikkuyile,Vaalkkannaadi,2002,Punnagavaraali,M Jayachandran,S Ramesan Nair,"KJ Yesudas, Sujatha Mohan",8855,488,https://en.msidb.org/s.php?8855,https://en.msidb.org/m.php?488
Manikkuyile,Vaalkkannaadi,2002,Punnagavaraali,M Jayachandran,S Ramesan Nair,Sujatha Mohan,8856,488,https://en.msidb.org/s.php?8856,https://en.msidb.org/m.php?488
Paalkkadalil pallikollum,Goureeshankaram,2003,Punnagavaraali,M Jayachandran,Traditional (pulluvan pattu),"M Jayachandran, B Arundhathi",13015,4100,https://en.msidb.org/s.php?13015,https://en.msidb.org/m.php?4100
Sundarana (D),Kanaka Simhaasanam,2006,Punnagavaraali,M Jayachandran,Rajeev Alunkal,"M Jayachandran, Sujatha Mohan, Chorus",12248,5529,https://en.msidb.org/s.php?12248,https://en.msidb.org/m.php?5529
Sundarano,Kanaka Simhaasanam,2006,Punnagavaraali,M Jayachandran,Rajeev Alunkal,Sujatha Mohan,12246,5529,https://en.msidb.org/s.php?12246,https://en.msidb.org/m.php?5529
Dukhathinundoru,Naadabrahmam,2011,Punnagavaraali,Mohan Sithara,Yusufali Kecheri,Madhu Balakrishnan,193351,6967,https://en.msidb.org/s.php?193351,https://en.msidb.org/m.php?6967
Manassu Manassinte,Chottaanikkara Amma,1976,Pushpalathika,RK Sekhar,Bharanikkavu Sivakumar,"KJ Yesudas, P Susheela",3949,279,https://en.msidb.org/s.php?3949,https://en.msidb.org/m.php?279
Kalabham Tharaam,Vadakkumnathan,2006,Pushpalathika,Raveendran,Gireesh Puthenchery,KS Chithra,11193,3625,https://en.msidb.org/s.php?11193,https://en.msidb.org/m.php?3625
Kalabham Tharaam [D],Vadakkumnathan,2006,Pushpalathika,Raveendran,Gireesh Puthenchery,"Biju Narayanan, KS Chithra",15867,3625,https://en.msidb.org/s.php?15867,https://en.msidb.org/m.php?3625
Kalabham tharaam (M),Vadakkumnathan,2006,Pushpalathika,Raveendran,Gireesh Puthenchery,Biju Narayanan,11199,3625,https://en.msidb.org/s.php?11199,https://en.msidb.org/m.php?3625
Kannane Kanden Sakhi,Chilamboli,1963,Ranjani,V Dakshinamoorthy,Abhayadev,P Leela,253,4299,https://en.msidb.org/s.php?253,https://en.msidb.org/m.php?4299
Swaathithirunaalin,Sapthaswarangal,1974,Ranjani,V Dakshinamoorthy,Sreekumaran Thampi,P Jayachandran,3409,798,https://en.msidb.org/s.php?3409,https://en.msidb.org/m.php?798
Ravivarma Chithrathin,Raju Rahim,1978,Ranjani,MK Arjunan,RK Damodaran,KJ Yesudas,4577,5050,https://en.msidb.org/s.php?4577,https://en.msidb.org/m.php?5050
Aadiyushassil,Manushyan,1979,Ranjani,V Dakshinamoorthy,Bharanikkavu Sivakumar,KJ Yesudas,5053,2678,https://en.msidb.org/s.php?5053,https://en.msidb.org/m.php?2678
Chirakattu Veenu Pidayum,Adharangal vithumpunnu,1981,Ranjani,PS Divakar,T Thankappan,KJ Yesudas,13550,5602,https://en.msidb.org/s.php?13550,https://en.msidb.org/m.php?5602
Arul Seyya,Aananda Bhairavi,2007,Rasikapriya,Traditional (Koteeswara Iyer),Traditional (Koteeswara Iyer),Arjun Krishna,13120,5505,https://en.msidb.org/s.php?13120,https://en.msidb.org/m.php?5505
Chithrasalabhame,Karayilekku Oru Kadaldooram,2010,Rasikapriya,M Jayachandran,ONV Kurup,"Madhu Balakrishnan, KS Chithra",192390,6775,https://en.msidb.org/s.php?192390,https://en.msidb.org/m.php?6775
Brahmakamalam,Savidham,1992,Rasikaranjani,Johnson,Kaithapram,KJ Yesudas,10378,3935,https://en.msidb.org/s.php?10378,https://en.msidb.org/m.php?3935
Sindooram Peythirangi,Thoovalkkottaaram,1996,Rasikaranjani,Johnson,Kaithapram,KJ Yesudas,9815,1145,https://en.msidb.org/s.php?9815,https://en.msidb.org/m.php?1145
Sindooram Peythirangi,Thoovalkkottaaram,1996,Rasikaranjani,Johnson,Kaithapram,"KJ Yesudas, Lekha R Nair, Raveendran",13601,1145,https://en.msidb.org/s.php?13601,https://en.msidb.org/m.php?1145
Varna Vrindaavanam [F],Kaliyoonjal,1997,Rathipathipriya,Ilayaraja,Kaithapram,Lekha R Nair,9752,2614,https://en.msidb.org/s.php?9752,https://en.msidb.org/m.php?2614
Varna Vrindaavanam [M],Kaliyoonjal,1997,Rathipathipriya,Ilayaraja,Kaithapram,Ilayaraja,17782,2614,https://en.msidb.org/s.php?17782,https://en.msidb.org/m.php?2614
Prabhaatham Vidarum,Velutha Kathreena,1968,Ravichandrika,G Devarajan,Sreekumaran Thampi,KJ Yesudas,1191,3123,https://en.msidb.org/s.php?1191,https://en.msidb.org/m.php?3123
Kunnathe Poomaram,Kalpana,1970,Reethigowla,V Dakshinamoorthy,Vayalar Ramavarma,S Janaki,2243,1711,https://en.msidb.org/s.php?2243,https://en.msidb.org/m.php?1711
Ellupaadam [Neelamizhiyaal ],Vidhichathum Kothichathum (Kasthoori),1982,Reethigowla,Raveendran,Poovachal Khader,"KJ Yesudas, Jency, Raveendran",6330,2801,https://en.msidb.org/s.php?6330,https://en.msidb.org/m.php?2801
Pon Kinaavinu,Kinginikkombu,1983,Reethigowla,Raveendran,Mullanezhi,"KP Brahmanandan, S Janaki",7491,1103,https://en.msidb.org/s.php?7491,https://en.msidb.org/m.php?1103
Hridaya sarovaramunarnnu,Mounaraagam,1983,Reethigowla,KJ Yesudas,Sreekumaran Thampi,KJ Yesudas,7656,5230,https://en.msidb.org/s.php?7656,https://en.msidb.org/m.php?5230
Pudava Njoriyum,Omanikkan Ormmavakkaan,1985,Reethigowla,Raveendran,Poovachal Khader,"KJ Yesudas, N Lathika, Chorus",6602,4554,https://en.msidb.org/s.php?6602,https://en.msidb.org/m.php?4554
Onnaam Raagam Paadi,Thoovaanathumbikal,1987,Reethigowla,Perumbavoor G Ravindranath,Sreekumaran Thampi,"G Venugopal, KS Chithra",7095,96,https://en.msidb.org/s.php?7095,https://en.msidb.org/m.php?96
Aakashappookkal,Adholokam,1988,Reethigowla,Raveendran,Balu Kiriyath,R Usha,8090,1278,https://en.msidb.org/s.php?8090,https://en.msidb.org/m.php?1278
Kandu njan,Abhimanyu,1991,Reethigowla,Raveendran,Kaithapram,MG Sreekumar,10627,2951,https://en.msidb.org/s.php?10627,https://en.msidb.org/m.php?2951
Kaattu thulli,Kaavadiyaattam,1993,Reethigowla,Mohan Sithara,ONV Kurup,"KJ Yesudas, S Janaki",10268,1076,https://en.msidb.org/s.php?10268,https://en.msidb.org/m.php?1076
Sreeparvathey,Rudraaksham,1994,Reethigowla,Sharreth,Ranji Panicker,"KJ Yesudas, KS Chithra",11621,222,https://en.msidb.org/s.php?11621,https://en.msidb.org/m.php?222
Sreeparvathey,Rudraaksham,1994,Reethigowla,Sharreth,Ranji Panicker,KS Chithra,12635,222,https://en.msidb.org/s.php?12635,https://en.msidb.org/m.php?222
Pranathosmi Guruvayupuresham,Sindoorarekha,1995,Reethigowla,Sharreth,Kaithapram,KJ Yesudas,9914,792,https://en.msidb.org/s.php?9914,https://en.msidb.org/m.php?792
Maamava Maadhava,Five Star Hospital,1997,Reethigowla,Bombay Ravi,Yusufali Kecheri,KJ Yesudas,9781,3813,https://en.msidb.org/s.php?9781,https://en.msidb.org/m.php?3813
Sanchararadharasudha,Pallaavoor Devanaaraayanan,1999,Reethigowla,Raveendran,Traditional,KJ Yesudas,9445,749,https://en.msidb.org/s.php?9445,https://en.msidb.org/m.php?749
Poomakale,Bharthaavudyogam,2001,Reethigowla,M Jayachandran,S Ramesan Nair,G Venugopal,8968,3509,https://en.msidb.org/s.php?8968,https://en.msidb.org/m.php?3509
Sarasa Rathi Bhaava,Adheena,2002,Reethigowla,Natesh Shankar,Joffy Tharakan,KJ Yesudas,15000,5431,https://en.msidb.org/s.php?15000,https://en.msidb.org/m.php?5431
Sarasa Rathi Bhaava [D],Adheena,2002,Reethigowla,Natesh Shankar,Joffy Tharakan,"KJ Yesudas, Sony Natesh Shankar",15005,5431,https://en.msidb.org/s.php?15005,https://en.msidb.org/m.php?5431
Naarayaneeyamam,Vaalkkannaadi,2002,Reethigowla,M Jayachandran,S Ramesan Nair,G Venugopal,8857,488,https://en.msidb.org/s.php?8857,https://en.msidb.org/m.php?488
Thakilu [M],Greetings,2004,Reethigowla,Raveendran,Gireesh Puthenchery,MG Sreekumar,15966,942,https://en.msidb.org/s.php?15966,https://en.msidb.org/m.php?942
Thakilu thimila thabala bandu,Greetings,2004,Reethigowla,Raveendran,Gireesh Puthenchery,"MG Sreekumar, Ranjini Jose",8616,942,https://en.msidb.org/s.php?8616,https://en.msidb.org/m.php?942
Thaam Tharikida,Gulumaal - The Escape,2009,Reethigowla,Manu Ramesan,S Ramesan Nair,"G Venugopal, Salim Kumar, Anoop Shankar",190247,6627,https://en.msidb.org/s.php?190247,https://en.msidb.org/m.php?6627
Varavaay Thozhi,Arike - So Close,2012,Reethigowla,Ouseppachan,Shibu Chakravarthy,Nithyashree Mahadevan,193838,6992,https://en.msidb.org/s.php?193838,https://en.msidb.org/m.php?6992
Oru Vela Veendumee,White,2016,Reethigowla,Rahul Raj,Rafeeq Ahamed,Shweta Mohan,1954648,8005,https://en.msidb.org/s.php?1954648,https://en.msidb.org/m.php?8005
Ekayaay Nee,Kaattu,2017,Reethigowla,Deepak Dev,Rafeeq Ahamed,P Unnikrishnan,1955873,8474,https://en.msidb.org/s.php?1955873,https://en.msidb.org/m.php?8474
Jeevamshamaayi,Theevandi,2018,Reethigowla,Kailas Menon,BK Harinarayanan,"KS Harishankar, Shreya Ghoshal",1956329,8750,https://en.msidb.org/s.php?1956329,https://en.msidb.org/m.php?8750
Aadiyil Malsyamaay,Sree Guruvayoorappan,1972,Revagupthi,V Dakshinamoorthy,ONV Kurup,KJ Yesudas,2785,790,https://en.msidb.org/s.php?2785,https://en.msidb.org/m.php?790
Thripurasundari,Divyadarshanam,1973,Revagupthi,MS Viswanathan,Sreekumaran Thampi,P Leela,3143,3458,https://en.msidb.org/s.php?3143,https://en.msidb.org/m.php?3458
Suprabhaathamaayi,Prethangalude Thaazhvara,1973,Revagupthi,G Devarajan,Sreekumaran Thampi,P Madhuri,3090,2799,https://en.msidb.org/s.php?3090,https://en.msidb.org/m.php?2799
Amrithaprabhaatham Virinju,College Girl,1974,Revagupthi,AT Ummer,Dr Balakrishnan,"Chandrabhanu, Devi Chandra",3347,2577,https://en.msidb.org/s.php?3347,https://en.msidb.org/m.php?2577
Braahma Muhoorthamunarnnu,Veedu Oru Swargam,1977,Revagupthi,G Devarajan,Yusufali Kecheri,KJ Yesudas,4285,2700,https://en.msidb.org/s.php?4285,https://en.msidb.org/m.php?2700
Shankhanaadam Muzhakkunnu,Avalku Maranamilla,1978,Revagupthi,G Devarajan,Mankombu Gopalakrishnan,P Madhuri,4868,3918,https://en.msidb.org/s.php?4868,https://en.msidb.org/m.php?3918
Leela thilakamaninju,Irumbazhikal,1979,Revagupthi,MK Arjunan,RK Damodaran,"KJ Yesudas, Chorus",5074,4556,https://en.msidb.org/s.php?5074,https://en.msidb.org/m.php?4556
Dhyaayedananda,Sree Ayyappanum Vaavarum,1982,Revagupthi,AT Ummer,Traditional (Folk),KJ Yesudas,13606,1558,https://en.msidb.org/s.php?13606,https://en.msidb.org/m.php?1558
Gopaalaka paahimam [D],Raakkuyilin Raagasadassil,1986,Revagupthi,MG Radhakrishnan,Traditional (Swathi Thirunal),"KJ Yesudas, B Arundhathi",189901,3047,https://en.msidb.org/s.php?189901,https://en.msidb.org/m.php?3047
Punarapi jananam,Raajashilpi,1992,Revagupthi,Raveendran,ONV Kurup,P Jayachandran,10389,949,https://en.msidb.org/s.php?10389,https://en.msidb.org/m.php?949
Thamburu Kulir Choodiyo,Sooryagaayathri,1992,Revagupthi,Raveendran,ONV Kurup,"KJ Yesudas, KS Chithra, Mohanlal",10372,727,https://en.msidb.org/s.php?10372,https://en.msidb.org/m.php?727
Varavarnnini,Dhruvam,1993,Revagupthi,SP Venkitesh,Shibu Chakravarthy,KS Chithra,12516,2185,https://en.msidb.org/s.php?12516,https://en.msidb.org/m.php?2185
Naadam,Sindoorarekha,1995,Revagupthi,Sharreth,Kaithapram,KJ Yesudas,9916,792,https://en.msidb.org/s.php?9916,https://en.msidb.org/m.php?792
Sankara Digvijayam,Jagadguru Adisankaran,1977,Revathi,V Dakshinamoorthy,P Bhaskaran,KJ Yesudas,4404,3882,https://en.msidb.org/s.php?4404,https://en.msidb.org/m.php?3882
Moham Mukhapadamaninju,Aarum Anyaralla,1978,Revathi,MK Arjunan,Sathyan Anthikkad,"KJ Yesudas, Chorus",4813,1434,https://en.msidb.org/s.php?4813,https://en.msidb.org/m.php?1434
Makara Samkrama Sooryodayam,Thaaraattu,1981,Revathi,Raveendran,Bharanikkavu Sivakumar,KJ Yesudas,6021,431,https://en.msidb.org/s.php?6021,https://en.msidb.org/m.php?431
Shariyo Ithu Shariyo,Balloon,1982,Revathi,MK Arjunan,Thikkurissi Sukumaran Nair,KJ Yesudas,6116,508,https://en.msidb.org/s.php?6116,https://en.msidb.org/m.php?508
Sharanamayyappaa Sharanamayyappaa,Thuranna Jail,1982,Revathi,Johnson,P Bhaskaran,KJ Yesudas,6139,4789,https://en.msidb.org/s.php?6139,https://en.msidb.org/m.php?4789
Ragavum Thalavum,Veruthe Oru Pinakkam,1984,Revathi,Raveendran,Sathyan Anthikkad,"KJ Yesudas, S Janaki",7364,1948,https://en.msidb.org/s.php?7364,https://en.msidb.org/m.php?1948
Kudajaadriyil Kudikollum,Neelakkadambu,1985,Revathi,Raveendran,K Jayakumar,"KJ Yesudas, Chorus",10751,92,https://en.msidb.org/s.php?10751,https://en.msidb.org/m.php?92
Kudajaadriyil Kudikollum,Neelakkadambu,1985,Revathi,Raveendran,K Jayakumar,"KS Chithra, Chorus",11843,92,https://en.msidb.org/s.php?11843,https://en.msidb.org/m.php?92
Chandrakiranathin,Mizhineerppoovukal,1986,Revathi,MK Arjunan,RK Damodaran,KJ Yesudas,7821,1682,https://en.msidb.org/s.php?7821,https://en.msidb.org/m.php?1682
Sreelathikakal,Sukhamo Devi,1986,Revathi,Raveendran,ONV Kurup,KJ Yesudas,7756,246,https://en.msidb.org/s.php?7756,https://en.msidb.org/m.php?246
Nishaagandhi Neeyethra Dhanya,Neeyethra Dhanya,1987,Revathi,G Devarajan,ONV Kurup,KJ Yesudas,13954,760,https://en.msidb.org/s.php?13954,https://en.msidb.org/m.php?760
Sreeraamakrishna,Bharathinagar May 9,1990,Revathi,Perumbavoor G Ravindranath,Pradeep Ashtamichira,Seema Behan,12149,5249,https://en.msidb.org/s.php?12149,https://en.msidb.org/m.php?5249
Murahara Murali Govinda,Kilukilppambaram,1997,Revathi,SP Venkitesh,Gireesh Puthenchery,KS Chithra,14394,566,https://en.msidb.org/s.php?14394,https://en.msidb.org/m.php?566
Murahara Murali Govinda [M],Kilukilppambaram,1997,Revathi,SP Venkitesh,Gireesh Puthenchery,"KJ Yesudas, Chorus",19312,566,https://en.msidb.org/s.php?19312,https://en.msidb.org/m.php?566
Amme Devi,Aaraam Jaalakam,1998,Revathi,Kaithapram,Kaithapram,"Deepankuran, Chorus",11263,5375,https://en.msidb.org/s.php?11263,https://en.msidb.org/m.php?5375
Gaayathi gaayathi,Udayapuram Sulthan,1999,Revathi,Kaithapram,Kaithapram,"KJ Yesudas, KS Chithra",9409,2429,https://en.msidb.org/s.php?9409,https://en.msidb.org/m.php?2429
Smaraami Vaishnavachaarumoorthe,Valyettan,2000,Revathi,Mohan Sithara,Gireesh Puthenchery,P Jayachandran,11785,3419,https://en.msidb.org/s.php?11785,https://en.msidb.org/m.php?3419
Manjin Thullikal Thaane Peythidum,Koodariyaathe,2001,Revathi,Wilson,Uncategorized,MG Sreekumar,15329,6096,https://en.msidb.org/s.php?15329,https://en.msidb.org/m.php?6096
Manimaalika Mukalil,Swapnahalliyil Orunal,2002,Revathi,Kanhangad Ramachandran,V Vishnudas,KJ Yesudas,12894,5486,https://en.msidb.org/s.php?12894,https://en.msidb.org/m.php?5486
Kodi kodi adimakal,Yugapurushan,2010,Revathi,Mohan Sithara,Kaithapram,Unni Menon,190529,6648,https://en.msidb.org/s.php?190529,https://en.msidb.org/m.php?6648
Ariyaathe,Maathruvandanam,2015,Revathi,KL Sreeram,Baby Sriram,Baby Sriram,1953928,7684,https://en.msidb.org/s.php?1953928,https://en.msidb.org/m.php?7684
Raavinte Vathmeekathil,Su Su Sudhi Valmeekam,2015,Revathi,Bijibal Maniyil,Santhosh Varma,Ganesh Sundaram,1954352,8020,https://en.msidb.org/s.php?1954352,https://en.msidb.org/m.php?8020
Maaruvathille Lokame,Aathmashaanthi,1952,Rishabapriya,TR Pappa,Abhayadev,AP Komala,1608,3505,https://en.msidb.org/s.php?1608,https://en.msidb.org/m.php?3505
Swarangal paadasarangalil,Mahaabali,1983,Rishabapriya,MK Arjunan,Pappanamkodu Lakshmanan,"Vani Jairam, N Lathika",7518,3831,https://en.msidb.org/s.php?7518,https://en.msidb.org/m.php?3831
Aadiyushassandhya,Keralavarma Pazhassi Raaja,2009,Rishivani,Ilayaraja,ONV Kurup,"KJ Yesudas, MG Sreekumar, Vidhu Prathap, Vijitha, Chorus",190127,6220,https://en.msidb.org/s.php?190127,https://en.msidb.org/m.php?6220
Lavanya Rama,Sree Thyagaraja,1981,Rudrapriya,KV Mahadevan,Traditional (Thyagaraja),SP Balasubrahmanyam,5573,3020,https://en.msidb.org/s.php?5573,https://en.msidb.org/m.php?3020
Aadi druthapada thaalam,Laal Salaam,1990,Rugmambari,Raveendran,ONV Kurup,KJ Yesudas,6560,3928,https://en.msidb.org/s.php?6560,https://en.msidb.org/m.php?3928
Sree sivasutha,Ente Sooryaputhrikku,1991,Rugmambari,Ilayaraja,Ilayaraja,P Leela,10590,1273,https://en.msidb.org/s.php?10590,https://en.msidb.org/m.php?1273
Thedivanna vasanthame,Oru Raagam Pala Thaalam,1979,Saaramathi,MS Viswanathan,Sreekumaran Thampi,P Jayachandran,5220,4097,https://en.msidb.org/s.php?5220,https://en.msidb.org/m.php?4097
Mokshamu,Swaathy Thirunaal,1987,Saaramathi,MB Sreenivasan,Traditional (Thyagaraja),M Balamuralikrishna,7132,252,https://en.msidb.org/s.php?7132,https://en.msidb.org/m.php?252
Sumuhoorthamaay [Thrayambakam],Kamaladalam,1992,Saaramathi,Raveendran,Kaithapram,KJ Yesudas,190934,3791,https://en.msidb.org/s.php?190934,https://en.msidb.org/m.php?3791
Moksha Mugalatha,Anna,1995,Saaramathi,Ouseppachan,Traditional (Thyagaraja),KJ Yesudas,15933,5220,https://en.msidb.org/s.php?15933,https://en.msidb.org/m.php?5220
Parayoo,Chaithanyam,1995,Saaramathi,Raveendran,ONV Kurup,KJ Yesudas,10007,4927,https://en.msidb.org/s.php?10007,https://en.msidb.org/m.php?4927
Parayoo Njanengane [F],Chaithanyam,1995,Saaramathi,Raveendran,ONV Kurup,Sujatha Mohan,13809,4927,https://en.msidb.org/s.php?13809,https://en.msidb.org/m.php?4927
Sarggavasanthampole Nenchil,Sargavasantham,1995,Saaramathi,Ouseppachan,Kaithapram,"KJ Yesudas, KS Chithra",9919,238,https://en.msidb.org/s.php?9919,https://en.msidb.org/m.php?238
Himagiri nirakal,Thaandavam,2002,Saaramathi,Perumbavoor G Ravindranath,Kaithapram,MG Sreekumar,8865,2771,https://en.msidb.org/s.php?8865,https://en.msidb.org/m.php?2771
Keshaadipaadam Thozhunnen (Gopala Rathnam),Pakalkkinaavu,1966,Saaranga,BA Chidambaranath,P Bhaskaran,S Janaki,657,1427,https://en.msidb.org/s.php?657,https://en.msidb.org/m.php?1427
Kasthoori Gandhikal (Om Namo Narayananaya),Sethubandhanam,1974,Saaranga,G Devarajan,Sreekumaran Thampi,"KJ Yesudas, P Madhuri, Ayiroor Sadasivan",3295,895,https://en.msidb.org/s.php?3295,https://en.msidb.org/m.php?895
Nithyakanyake Karthike,Makampiranna Manka,1977,Saaranga,V Dakshinamoorthy,Ettumanoor Somadasan,"KJ Yesudas, Kalyani Menon",4168,3483,https://en.msidb.org/s.php?4168,https://en.msidb.org/m.php?3483
Nabhassil Mukilinte,Poojakkedukkaatha Pookkal,1977,Saaranga,K Raghavan,P Bhaskaran,M Balamuralikrishna,4221,2116,https://en.msidb.org/s.php?4221,https://en.msidb.org/m.php?2116
Anumodanathinte,Rowdy Raajamma,1977,Saaranga,G Devarajan,Sreekumaran Thampi,KJ Yesudas,4486,465,https://en.msidb.org/s.php?4486,https://en.msidb.org/m.php?465
Iniyumee Bhoomi,Moham enna pakshi,1979,Saaranga,MK Arjunan,ONV Kurup,KJ Yesudas,13178,5640,https://en.msidb.org/s.php?13178,https://en.msidb.org/m.php?5640
Baale edi baale,Ente Shathrukkal (Porattam),1982,Saaranga,MK Arjunan,Poovachal Khader,"KJ Yesudas, Ambili Rajasekharan",6233,2345,https://en.msidb.org/s.php?6233,https://en.msidb.org/m.php?2345
Thankathinkal,Indraprastham,1996,Saaranga,Vidyasagar,Gireesh Puthenchery,"MG Sreekumar, KS Chithra",8986,1476,https://en.msidb.org/s.php?8986,https://en.msidb.org/m.php?1476
Himagiri,Sahadharmini,1967,Sahana,BA Chidambaranath,Vayalar Ramavarma,P Leela,832,4877,https://en.msidb.org/s.php?832,https://en.msidb.org/m.php?4877
Nirapara Chaarthiya,Samasya,1976,Sahana,KP Udayabhanu,ONV Kurup,P Susheela,3824,2263,https://en.msidb.org/s.php?3824,https://en.msidb.org/m.php?2263
Dhyaaye chaaru,Sree Ayyappanum Vaavarum,1982,Sahana,AT Ummer,Traditional (Folk),KJ Yesudas,6391,1558,https://en.msidb.org/s.php?6391,https://en.msidb.org/m.php?1558
Krishna Krishna Mukunda,Sree Guruvayoor Maahaathmyam,1984,Sahana,V Dakshinamoorthy,Traditional (Poonthanam),"V Dakshinamoorthy, MG Radhakrishnan, Chorus",192447,2756,https://en.msidb.org/s.php?192447,https://en.msidb.org/m.php?2756
Gange nee parayalle,Customs Diary,1993,Sahana,Raveendran,Chunakkara Ramankutty,KJ Yesudas,10323,859,https://en.msidb.org/s.php?10323,https://en.msidb.org/m.php?859
Sooryabimbam,Hima Nandini,1995,Sahana,Pukazhenthi,CP Rajasekharan,KS Chithra,13978,6011,https://en.msidb.org/s.php?13978,https://en.msidb.org/m.php?6011
Thaamarappoovil Vaazhum,Chandralekha,1997,Sahana,Berny Ignatius,Gireesh Puthenchery,MG Sreekumar,9791,3143,https://en.msidb.org/s.php?9791,https://en.msidb.org/m.php?3143
Ennodenthinee Pinakkam,Kaliyaattam,1997,Sahana,Kaithapram,Kaithapram,Bhavana Radhakrishnan,9632,721,https://en.msidb.org/s.php?9632,https://en.msidb.org/m.php?721
Ennodenthinee Pinakkam,Kaliyaattam,1997,Sahana,Kaithapram,Kaithapram,KJ Yesudas,13902,721,https://en.msidb.org/s.php?13902,https://en.msidb.org/m.php?721
Sindooraaruna Vigrahaam,Pallaavoor Devanaaraayanan,1999,Sahana,Raveendran,Traditional (Lalitha Sahasranamam),KS Chithra,9447,749,https://en.msidb.org/s.php?9447,https://en.msidb.org/m.php?749
Chelulla Vallathil,Karumaadikkuttan,2001,Sahana,Mohan Sithara,Yusufali Kecheri,"P Jayachandran, KS Chithra",16446,1352,https://en.msidb.org/s.php?16446,https://en.msidb.org/m.php?1352
Aravindanayana,Kayyethum Doorathu,2002,Sahana,Ouseppachan,S Ramesan Nair,Sujatha Mohan,10711,2623,https://en.msidb.org/s.php?10711,https://en.msidb.org/m.php?2623
Oonjal Aadinaal (Chenthaarmizhi),Perumazhakkaalam,2004,Sahana,M Jayachandran,Kaithapram,"Madhu Balakrishnan, KS Chithra, Sharada Kalyanasundaram",8522,2434,https://en.msidb.org/s.php?8522,https://en.msidb.org/m.php?2434
Naadha,Vaasthavam,2006,Sahana,Alex Paul,Gireesh Puthenchery,"KS Chithra, Pradeep Palluruthy",11189,5311,https://en.msidb.org/s.php?11189,https://en.msidb.org/m.php?5311
Karukare Kaarmukil,Kummaatti,1979,Samanthamalahari,"MG Radhakrishnan, Kavalam Narayana Panicker, G Aravindan",Kavalam Narayana Panicker,Kavalam Narayana Panicker,5167,1048,https://en.msidb.org/s.php?5167,https://en.msidb.org/m.php?1048
Vande mukunda,Devaasuram,1993,Samanthamalahari,MG Radhakrishnan,Gireesh Puthenchery,MG Radhakrishnan,10314,5052,https://en.msidb.org/s.php?10314,https://en.msidb.org/m.php?5052
Neelakandhamanohare,Paithrukam,1993,Samanthamalahari,SP Venkitesh,Traditional (Folk),Kaithapram,17677,1132,https://en.msidb.org/s.php?17677,https://en.msidb.org/m.php?1132
Vande mukunda hare,Raavanaprabhu,2001,Samanthamalahari,Suresh Peters,Gireesh Puthenchery,Nikhil,9068,332,https://en.msidb.org/s.php?9068,https://en.msidb.org/m.php?332
Karunaakara,Nirmala,1948,Sankarabharanam,EI Warrier,G Sankara Kurup,"Sarojini Menon, Vimala B Varma",2148,3395,https://en.msidb.org/s.php?2148,https://en.msidb.org/m.php?3395
Jaathivairam Neethirahitham,Prasanna,1950,Sankarabharanam,Jnanamani,Abhayadev,ML Vasanthakumari,1549,2058,https://en.msidb.org/s.php?1549,https://en.msidb.org/m.php?2058
Kanivolum Kamaneeyahridayam,Snehaseema,1954,Sankarabharanam,V Dakshinamoorthy,Abhayadev,P Leela,1770,342,https://en.msidb.org/s.php?1770,https://en.msidb.org/m.php?342
Daivathin,Neelisaali,1960,Sankarabharanam,K Raghavan,P Bhaskaran,AM Raja,44,4779,https://en.msidb.org/s.php?44,https://en.msidb.org/m.php?4779
Maanikyaveenayumaay,Kaattupookkal,1965,Sankarabharanam,G Devarajan,ONV Kurup,KJ Yesudas,541,2818,https://en.msidb.org/s.php?541,https://en.msidb.org/m.php?2818
Alliyaambal,Rosi,1965,Sankarabharanam,KV Job,P Bhaskaran,KJ Yesudas,513,1697,https://en.msidb.org/s.php?513,https://en.msidb.org/m.php?1697
Anupama Kripaanidhi,Karuna,1966,Sankarabharanam,G Devarajan,Kumaranasan,G Devarajan,770,2903,https://en.msidb.org/s.php?770,https://en.msidb.org/m.php?2903
Gokulapaala,Rowdy,1966,Sankarabharanam,G Devarajan,Vayalar Ramavarma,P Susheela,662,4885,https://en.msidb.org/s.php?662,https://en.msidb.org/m.php?4885
Swargathekkal,Dathuputhran,1970,Sankarabharanam,G Devarajan,Vayalar Ramavarma,KJ Yesudas,2285,3011,https://en.msidb.org/s.php?2285,https://en.msidb.org/m.php?3011
Thiruvegappurayulla,Kurukshethram,1970,Sankarabharanam,K Raghavan,P Bhaskaran,S Janaki,2234,4862,https://en.msidb.org/s.php?2234,https://en.msidb.org/m.php?4862
Ponveyil,Nrithasaala,1972,Sankarabharanam,V Dakshinamoorthy,Sreekumaran Thampi,KJ Yesudas,2802,3120,https://en.msidb.org/s.php?2802,https://en.msidb.org/m.php?3120
Navami Mahaanavami,Oru Sundariyude Kadha,1972,Sankarabharanam,G Devarajan,Vayalar Ramavarma,P Susheela,2751,3386,https://en.msidb.org/s.php?2751,https://en.msidb.org/m.php?3386
Aadiyil Malsyamaay,Sree Guruvayoorappan,1972,Sankarabharanam,V Dakshinamoorthy,ONV Kurup,KJ Yesudas,2785,790,https://en.msidb.org/s.php?2785,https://en.msidb.org/m.php?790
Maveli Naduvaneedum Kalam,Maadhavikkutty,1973,Sankarabharanam,G Devarajan,Vayalar Ramavarma,"P Leela, Chorus",3164,4791,https://en.msidb.org/s.php?3164,https://en.msidb.org/m.php?4791
Pranayakala Vallabha,Thenaruvi,1973,Sankarabharanam,G Devarajan,Vayalar Ramavarma,P Susheela,3048,1260,https://en.msidb.org/s.php?3048,https://en.msidb.org/m.php?1260
Neelaambujaakshimaare,Devi Kanyaakumaari,1974,Sankarabharanam,G Devarajan,Vayalar Ramavarma,"P Susheela, Chorus",3387,1291,https://en.msidb.org/s.php?3387,https://en.msidb.org/m.php?1291
Keshabhaaram Kabariyil,Raajahamsam,1974,Sankarabharanam,G Devarajan,Vayalar Ramavarma,Aroor PK Manoharan,3393,834,https://en.msidb.org/s.php?3393,https://en.msidb.org/m.php?834
Arayannakkilichundan,Thumbolaarcha,1974,Sankarabharanam,G Devarajan,Vayalar Ramavarma,"P Madhuri, Chorus",3367,3199,https://en.msidb.org/s.php?3367,https://en.msidb.org/m.php?3199
Manipravaala,Maanishaada,1975,Sankarabharanam,G Devarajan,Vayalar Ramavarma,KJ Yesudas,3496,4715,https://en.msidb.org/s.php?3496,https://en.msidb.org/m.php?4715
Poothulayum Poomaram,Amma,1976,Sankarabharanam,MK Arjunan,Sreekumaran Thampi,P Susheela,3799,5323,https://en.msidb.org/s.php?3799,https://en.msidb.org/m.php?5323
Malarilum Manassilum,Kuttavum Sikshayum,1976,Sankarabharanam,MS Viswanathan,Mankombu Gopalakrishnan,Vani Jairam,3925,4902,https://en.msidb.org/s.php?3925,https://en.msidb.org/m.php?4902
Thappukottippaadunna,Aasheervaadam,1977,Sankarabharanam,MK Arjunan,Bharanikkavu Sivakumar,N Sreekanth,4141,4015,https://en.msidb.org/s.php?4141,https://en.msidb.org/m.php?4015
Keralam Keralam,Minimol,1977,Sankarabharanam,G Devarajan,Sreekumaran Thampi,KJ Yesudas,4256,1127,https://en.msidb.org/s.php?4256,https://en.msidb.org/m.php?1127
Thriprayaarappa Sree Rama,Ormakal Marikkumo,1977,Sankarabharanam,MS Viswanathan,Mankombu Gopalakrishnan,Vani Jairam,4326,1283,https://en.msidb.org/s.php?4326,https://en.msidb.org/m.php?1283
Nrithyathi Nrithyathi,Sreedevi,1977,Sankarabharanam,G Devarajan,Traditional (Swathi Thirunal),P Leela,14098,1009,https://en.msidb.org/s.php?14098,https://en.msidb.org/m.php?1009
Paraa Paraa Paraa,Sreemad Bhagavadgeetha,1977,Sankarabharanam,V Dakshinamoorthy,P Bhaskaran,"KJ Yesudas, Chorus",4106,1568,https://en.msidb.org/s.php?4106,https://en.msidb.org/m.php?1568
Muraleelola Gopaala,Veedu Oru Swargam,1977,Sankarabharanam,G Devarajan,Yusufali Kecheri,P Jayachandran,4283,2700,https://en.msidb.org/s.php?4283,https://en.msidb.org/m.php?2700
Anaghasankalpa Gaayike,Aniyara,1978,Sankarabharanam,G Devarajan,P Bhaskaran,KJ Yesudas,4671,4989,https://en.msidb.org/s.php?4671,https://en.msidb.org/m.php?4989
Navaneetha Chandrike,Avalku Maranamilla,1978,Sankarabharanam,G Devarajan,Mankombu Gopalakrishnan,KJ Yesudas,4867,3918,https://en.msidb.org/s.php?4867,https://en.msidb.org/m.php?3918
Pallava Komala,Thamburaatti,1978,Sankarabharanam,G Devarajan,Kavalam Narayana Panicker,P Madhuri,4792,4441,https://en.msidb.org/s.php?4792,https://en.msidb.org/m.php?4441
Chandanam kadanjedutha,Alaavudeenum Albuthavilakkum,1979,Sankarabharanam,G Devarajan,Yusufali Kecheri,"P Madhuri, Chorus",5087,2944,https://en.msidb.org/s.php?5087,https://en.msidb.org/m.php?2944
Bhakthavalsala,Maanavadharmam,1979,Sankarabharanam,G Devarajan,Pappanamkodu Lakshmanan,"P Jayachandran, Chorus",5229,2377,https://en.msidb.org/s.php?5229,https://en.msidb.org/m.php?2377
Aalolalochanakal,Vellaayani Paramu,1979,Sankarabharanam,G Devarajan,Sreekumaran Thampi,"KJ Yesudas, P Madhuri",5002,3977,https://en.msidb.org/s.php?5002,https://en.msidb.org/m.php?3977
Sandhyaa Vihagam,Bhaktha Hanumaan,1980,Sankarabharanam,V Dakshinamoorthy,Sreekumaran Thampi,Vani Jairam,5727,2890,https://en.msidb.org/s.php?5727,https://en.msidb.org/m.php?2890
Omkaaranaadhaanu,Sankaraabharanam,1980,Sankarabharanam,KV Mahadevan,Vetturi Sundararamamoorthy,"SP Balasubrahmanyam, S Janaki",10838,843,https://en.msidb.org/s.php?10838,https://en.msidb.org/m.php?843
Himashaila Saikatha,Shaalini Ente Koottukaari,1980,Sankarabharanam,G Devarajan,MD Rajendran,P Madhuri,5598,3416,https://en.msidb.org/s.php?5598,https://en.msidb.org/m.php?3416
Pankajaakshi Unnineeli,Sooryadaham,1980,Sankarabharanam,G Devarajan,Bichu Thirumala,"Latha Raju, Chorus",5668,3595,https://en.msidb.org/s.php?5668,https://en.msidb.org/m.php?3595
Puthilanjikkaattile Thathamme,Sreemaan Sreemathi,1981,Sankarabharanam,G Devarajan,Mankombu Gopalakrishnan,P Madhuri,5975,4458,https://en.msidb.org/s.php?5975,https://en.msidb.org/m.php?4458
Sindooraaruna Vigrahaam,Gaanam,1982,Sankarabharanam,V Dakshinamoorthy,Traditional (Lalitha Sahasranamam),S Janaki,6184,1710,https://en.msidb.org/s.php?6184,https://en.msidb.org/m.php?1710
Maveli Naadu Vaaneedum Kaalam,Mahaabali,1983,Sankarabharanam,MK Arjunan,Traditional (Folk),"P Madhuri, Chorus",17651,3831,https://en.msidb.org/s.php?17651,https://en.msidb.org/m.php?3831
Aayiram kannumaay,Nokkethaadoorathu Kannumnattu,1985,Sankarabharanam,Jerry Amaldev,Bichu Thirumala,"KS Chithra, Chorus",1436,4493,https://en.msidb.org/s.php?1436,https://en.msidb.org/m.php?4493
Aayiram kannumaay,Nokkethaadoorathu Kannumnattu,1985,Sankarabharanam,Jerry Amaldev,Bichu Thirumala,"KJ Yesudas, Chorus",1439,4493,https://en.msidb.org/s.php?1439,https://en.msidb.org/m.php?4493
Kiliye kiliye,Dheem Tharikidathom,1986,Sankarabharanam,MG Radhakrishnan,S Ramesan Nair,"MG Sreekumar, B Arundhathi",7804,3140,https://en.msidb.org/s.php?7804,https://en.msidb.org/m.php?3140
Prasadamenthinu vere,Aadyaraathrikkumumbu (Irupatham Noottandu),1987,Sankarabharanam,G Devarajan,Poovachal Khader,"KJ Yesudas, P Madhuri",11526,664,https://en.msidb.org/s.php?11526,https://en.msidb.org/m.php?664
Pannagendra Shayana,Swaathy Thirunaal,1987,Sankarabharanam,MB Sreenivasan,Traditional (Swathi Thirunal),"M Balamuralikrishna, KJ Yesudas, Neyyatinkara Vasudevan",7121,252,https://en.msidb.org/s.php?7121,https://en.msidb.org/m.php?252
Ga ma ga  ri ga pa[Ezhu Suswarangalaay],Ayitham,1988,Sankarabharanam,MG Radhakrishnan,ONV Kurup,"KJ Yesudas, BA Chidambaranath, Chorus",8133,1815,https://en.msidb.org/s.php?8133,https://en.msidb.org/m.php?1815
Omanathinkalkkidaavo,Indulekha,1988,Sankarabharanam,MB Sreenivasan,Traditional (Irayimman Thampi),KJ Yesudas,13454,5773,https://en.msidb.org/s.php?13454,https://en.msidb.org/m.php?5773
Omanathinkalkkidaavo [F],Indulekha,1988,Sankarabharanam,MB Sreenivasan,Traditional (Irayimman Thampi),Ashalatha,13455,5773,https://en.msidb.org/s.php?13455,https://en.msidb.org/m.php?5773
Kunnimani Cheppu,Ponmuttayidunna Thaaravu,1988,Sankarabharanam,Johnson,ONV Kurup,KS Chithra,8198,3763,https://en.msidb.org/s.php?8198,https://en.msidb.org/m.php?3763
Vellaarappoomala mele,Varavelpu,1989,Sankarabharanam,Johnson,Kaithapram,KJ Yesudas,6881,377,https://en.msidb.org/s.php?6881,https://en.msidb.org/m.php?377
Devasabhaathalam,His Highness Abdulla,1990,Sankarabharanam,Raveendran,Kaithapram,"KJ Yesudas, Raveendran, Sharreth",5492,4780,https://en.msidb.org/s.php?5492,https://en.msidb.org/m.php?4780
Raghuvamsapathe,Bharatham,1991,Sankarabharanam,Raveendran,Kaithapram,KJ Yesudas,10610,2576,https://en.msidb.org/s.php?10610,https://en.msidb.org/m.php?2576
Ambalappuzhe,Adwaitham,1992,Sankarabharanam,MG Radhakrishnan,Kaithapram,"MG Sreekumar, KS Chithra",10482,4111,https://en.msidb.org/s.php?10482,https://en.msidb.org/m.php?4111
Champakkulam thachan,Chambakkulam Thachan,1992,Sankarabharanam,Raveendran,Bichu Thirumala,"KJ Yesudas, MG Sreekumar",10465,4168,https://en.msidb.org/s.php?10465,https://en.msidb.org/m.php?4168
Oonjaalurangi [F],Kudumbasametham,1992,Sankarabharanam,Johnson,Kaithapram,Minmini Joy,10421,4053,https://en.msidb.org/s.php?10421,https://en.msidb.org/m.php?4053
Oonjaalurangi [M],Kudumbasametham,1992,Sankarabharanam,Johnson,Kaithapram,KJ Yesudas,12465,4053,https://en.msidb.org/s.php?12465,https://en.msidb.org/m.php?4053
Ellaarkkum Kittiya,Aayirappara,1993,Sankarabharanam,Raveendran,Kavalam Narayana Panicker,"MG Sreekumar, B Arundhathi, Chorus",10319,1575,https://en.msidb.org/s.php?10319,https://en.msidb.org/m.php?1575
Sarojadalanethri Himagiriputhri,Sopaanam,1994,Sankarabharanam,SP Venkitesh,Traditional (Shyaama Shasthri),KJ Yesudas,12221,4602,https://en.msidb.org/s.php?12221,https://en.msidb.org/m.php?4602
Aananda hemantha,Samudaayam,1995,Sankarabharanam,G Devarajan,ONV Kurup,"KJ Yesudas, KS Chithra",9924,706,https://en.msidb.org/s.php?9924,https://en.msidb.org/m.php?706
Surya Naalam [M],Thacholi Vargheese Chekavar,1995,Sankarabharanam,Sharreth,Gireesh Puthenchery,KJ Yesudas,15857,2351,https://en.msidb.org/s.php?15857,https://en.msidb.org/m.php?2351
Surya naalam,Thacholi Vargheese Chekavar,1995,Sankarabharanam,Sharreth,Gireesh Puthenchery,"KJ Yesudas, Sujatha Mohan",11663,2351,https://en.msidb.org/s.php?11663,https://en.msidb.org/m.php?2351
Vennilaa  chandanakkinnam (D),Azhakiya Raavanan,1996,Sankarabharanam,Vidyasagar,Kaithapram,"KJ Yesudas, Shabnam Riyaz",9886,3113,https://en.msidb.org/s.php?9886,https://en.msidb.org/m.php?3113
Devakanyaka [M],Ee Puzhayum Kadannu,1996,Sankarabharanam,Johnson,Gireesh Puthenchery,KJ Yesudas,14018,158,https://en.msidb.org/s.php?14018,https://en.msidb.org/m.php?158
Sreelalolayam,Ee Puzhayum Kadannu,1996,Sankarabharanam,Johnson,Gireesh Puthenchery,KS Chithra,9871,158,https://en.msidb.org/s.php?9871,https://en.msidb.org/m.php?158
Kakkaala kannama,Oru Yaathramozhi,1997,Sankarabharanam,Ilayaraja,Gireesh Puthenchery,"SP Balasubrahmanyam, MG Sreekumar",11719,1457,https://en.msidb.org/s.php?11719,https://en.msidb.org/m.php?1457
Palappoomazha,Kochu Kochu Santhoshangal,2000,Sankarabharanam,Ilayaraja,Kaithapram,Bhavatharani,9324,1768,https://en.msidb.org/s.php?9324,https://en.msidb.org/m.php?1768
Shivashailam Kireedam,Kaalachakram (New),2002,Sankarabharanam,Sonu Sisupal,Kaithapram,K Krishnakumar,11345,5387,https://en.msidb.org/s.php?11345,https://en.msidb.org/m.php?5387
Ennu varum nee,Kannaki,2002,Sankarabharanam,Kaithapram Viswanath,Kaithapram,KJ Yesudas,19057,4997,https://en.msidb.org/s.php?19057,https://en.msidb.org/m.php?4997
Kaanthaa (Ambili Maamane),Maambazhakkaalam,2004,Sankarabharanam,M Jayachandran,Gireesh Puthenchery,"MG Sreekumar, Chorus",15992,2661,https://en.msidb.org/s.php?15992,https://en.msidb.org/m.php?2661
Enthu Paranjaalum [F],Achuvinte Amma,2005,Sankarabharanam,Ilayaraja,Gireesh Puthenchery,KS Chithra,8392,236,https://en.msidb.org/s.php?8392,https://en.msidb.org/m.php?236
Enthu Paranjaalum [M],Achuvinte Amma,2005,Sankarabharanam,Ilayaraja,Gireesh Puthenchery,Vijay Yesudas,8391,236,https://en.msidb.org/s.php?8391,https://en.msidb.org/m.php?236
Pinakkamaano,Ananthabhadram,2005,Sankarabharanam,MG Radhakrishnan,Gireesh Puthenchery,"MG Sreekumar, Manjari",8385,1013,https://en.msidb.org/s.php?8385,https://en.msidb.org/m.php?1013
Then Panimathiye,Kodathi Samaksham Balan Vakkeel,2019,Sankarabharanam,Rahul Raj,BK Harinarayanan,"KS Harishankar, Poornasree",1956872,8903,https://en.msidb.org/s.php?1956872,https://en.msidb.org/m.php?8903
Maanathin Muttathu,Karutha Pournami,1968,Sarasangi,MK Arjunan,P Bhaskaran,KJ Yesudas,1057,5009,https://en.msidb.org/s.php?1057,https://en.msidb.org/m.php?5009
Maanathin Muttathu(F),Karutha Pournami,1968,Sarasangi,MK Arjunan,P Bhaskaran,S Janaki,1061,5009,https://en.msidb.org/s.php?1061,https://en.msidb.org/m.php?5009
Thulliyodum Pullimaane,Kannoor Deluxe,1969,Sarasangi,V Dakshinamoorthy,Sreekumaran Thampi,P Jayachandran,1319,1096,https://en.msidb.org/s.php?1319,https://en.msidb.org/m.php?1096
Sarigamapadhani Sapthaswarangale,Homakundam (Pathamudayam),1976,Sarasangi,V Dakshinamoorthy,Appan Thachethu,KJ Yesudas,16504,6216,https://en.msidb.org/s.php?16504,https://en.msidb.org/m.php?6216
Manassil Theenaalam,Hridayam Oru Kshethram,1976,Sarasangi,G Devarajan,Sreekumaran Thampi,P Madhuri,4082,302,https://en.msidb.org/s.php?4082,https://en.msidb.org/m.php?302
Malankaavil poorathinte,Agnisharam,1981,Sarasangi,MK Arjunan,Sreekumaran Thampi,"Swarna, Chorus",5923,1716,https://en.msidb.org/s.php?5923,https://en.msidb.org/m.php?1716
Jaya Jaya Padmanaabha Murare (F),Indulekha,1988,Sarasangi,Vidyadharan,Traditional (Swathi Thirunal),KS Chithra,13451,5773,https://en.msidb.org/s.php?13451,https://en.msidb.org/m.php?5773
Jaya Jaya Padmanaabha Murare (M),Indulekha,1988,Sarasangi,Vidyadharan,Traditional (Swathi Thirunal),M Balamuralikrishna,13452,5773,https://en.msidb.org/s.php?13452,https://en.msidb.org/m.php?5773
Piriyunnitha,Vamshaantharam,1990,Sarasangi,Murali Sithara,Ooruttambalam Balakrishnan,KJ Yesudas,12717,5741,https://en.msidb.org/s.php?12717,https://en.msidb.org/m.php?5741
Chandirane Kayyileduth,Mahaasamudram,2006,Sarasangi,M Jayachandran,Kaithapram,Alex Kayyalakkal,11120,5183,https://en.msidb.org/s.php?11120,https://en.msidb.org/m.php?5183
Manasse Manasse,Sooryan,2007,Sarasangi,Ilayaraja,Gireesh Puthenchery,KJ Yesudas,14120,6016,https://en.msidb.org/s.php?14120,https://en.msidb.org/m.php?6016
Brahmanandini,Jeevikkaan Marannu Poya Sthree,1974,Saraswathi,MS Viswanathan,Vayalar Ramavarma,"KJ Yesudas, B Vasantha, MS Raju",3235,3454,https://en.msidb.org/s.php?3235,https://en.msidb.org/m.php?3454
Saraswatheeyaamam Kazhinju,Anaavaranam,1976,Saraswathi,G Devarajan,Vayalar Ramavarma,KJ Yesudas,3871,2327,https://en.msidb.org/s.php?3871,https://en.msidb.org/m.php?2327
Rajanee Kadambam Pookkum,Poojakkedukkaatha Pookkal,1977,Saraswathi,K Raghavan,P Bhaskaran,"Ambili Rajasekharan, Padmini Warrier",4220,2116,https://en.msidb.org/s.php?4220,https://en.msidb.org/m.php?2116
Aayiram Ajantha,Sankhupushpam,1977,Saraswathi,MK Arjunan,Sreekumaran Thampi,KJ Yesudas,4186,1965,https://en.msidb.org/s.php?4186,https://en.msidb.org/m.php?1965
Aayiram Ajantha,Sankhupushpam,1977,Saraswathi,MK Arjunan,Sreekumaran Thampi,"KJ Yesudas, S Janaki",14097,1965,https://en.msidb.org/s.php?14097,https://en.msidb.org/m.php?1965
Aadiyushassil,Manushyan,1979,Saraswathi,V Dakshinamoorthy,Bharanikkavu Sivakumar,KJ Yesudas,5053,2678,https://en.msidb.org/s.php?5053,https://en.msidb.org/m.php?2678
Yaamangal,Cover Story,2000,Saraswathi,Sharreth,Gireesh Puthenchery,"MG Sreekumar, KS Chithra",9507,831,https://en.msidb.org/s.php?9507,https://en.msidb.org/m.php?831
Keranirakalaadum,Jalolsavam,2004,Saraswathi,Alphonse Joseph,Beeyar Prasad,P Jayachandran,8605,4521,https://en.msidb.org/s.php?8605,https://en.msidb.org/m.php?4521
Shankhin Oli Kelkkum,Kanne Madanguka,2005,Saraswathi,Jayan Pisharadi,Prasad Shaarath,Shoba Shivani,14459,5109,https://en.msidb.org/s.php?14459,https://en.msidb.org/m.php?5109
Deenadayaaparane,Balan,1938,Saveri,"KK Aroor, Ibrahim",Muthukulam Raghavan Pillai,Uncategorized,14235,1204,https://en.msidb.org/s.php?14235,https://en.msidb.org/m.php?1204
Swararagamadhuthoovum,Youvanam,1974,Saveri,V Dakshinamoorthy,Sreekumaran Thampi,KJ Yesudas,3279,757,https://en.msidb.org/s.php?3279,https://en.msidb.org/m.php?757
Sandhyaa Pushpangal,Aanakkalari,1978,Saveri,MK Arjunan,Sreekumaran Thampi,KJ Yesudas,4903,1882,https://en.msidb.org/s.php?4903,https://en.msidb.org/m.php?1882
Aanjaneya,Swaathy Thirunaal,1987,Saveri,MB Sreenivasan,Traditional (Swathi Thirunal),KJ Yesudas,12441,252,https://en.msidb.org/s.php?12441,https://en.msidb.org/m.php?252
Chenthar Nermukhi,Kamboji,2017,Saveri,M Jayachandran,ONV Kurup,"Sreevalsan J Menon, KS Chithra",1954597,8173,https://en.msidb.org/s.php?1954597,https://en.msidb.org/m.php?8173
Ushassaam Swarnathaamara,Padmaraagam,1975,Savithri,MK Arjunan,Sreekumaran Thampi,KJ Yesudas,3754,1970,https://en.msidb.org/s.php?3754,https://en.msidb.org/m.php?1970
Malarum Kiliyum Oru,Aattakkalaasham,1983,Savithri,Raveendran,Poovachal Khader,"KJ Yesudas, Chorus",7445,3462,https://en.msidb.org/s.php?7445,https://en.msidb.org/m.php?3462
Maadhavanin Malaradiye,Prahlaada,1941,Shanmukhapriya,Vidwan VS Parthasarathy Ayyankar,K Madhava Warrier,-,2137,181,https://en.msidb.org/s.php?2137,https://en.msidb.org/m.php?181
Devi Sarweshwari,Newspaper Boy,1955,Shanmukhapriya,"A Vijayan, A Ramachandran",P Gangadharan Nair,Shyamala,17741,5843,https://en.msidb.org/s.php?17741,https://en.msidb.org/m.php?5843
Kandathundo Sakhee,Manthravaadi,1956,Shanmukhapriya,Br Lakshmanan,Thirunayinaarkurichi Madhavan Nair,P Leela,1845,2284,https://en.msidb.org/s.php?1845,https://en.msidb.org/m.php?2284
Swapnangal Swapnangale,Kaavyamela,1965,Shanmukhapriya,V Dakshinamoorthy,Vayalar Ramavarma,"KJ Yesudas, P Leela",598,4702,https://en.msidb.org/s.php?598,https://en.msidb.org/m.php?4702
Sharavanappoykayil Avathaaram,Kumaarasambhavam,1969,Shanmukhapriya,G Devarajan,Vayalar Ramavarma,"Kamukara Purushothaman, P Leela",1404,557,https://en.msidb.org/s.php?1404,https://en.msidb.org/m.php?557
Kaattile Paazhmulam,Vilaykku Vaangiya Veena,1971,Shanmukhapriya,V Dakshinamoorthy,P Bhaskaran,KJ Yesudas,2611,1654,https://en.msidb.org/s.php?2611,https://en.msidb.org/m.php?1654
Aadiyil Malsyamaay,Sree Guruvayoorappan,1972,Shanmukhapriya,V Dakshinamoorthy,ONV Kurup,KJ Yesudas,2785,790,https://en.msidb.org/s.php?2785,https://en.msidb.org/m.php?790
Uthara Madhuraapuriyil,Interview,1973,Shanmukhapriya,V Dakshinamoorthy,Vayalar Ramavarma,"KJ Yesudas, P Susheela, Chorus",3101,4227,https://en.msidb.org/s.php?3101,https://en.msidb.org/m.php?4227
Kanakasimhaasanathil,Arakkallan Mukkaalkkallan,1974,Shanmukhapriya,V Dakshinamoorthy,P Bhaskaran,"KJ Yesudas, P Jayachandran",3426,3046,https://en.msidb.org/s.php?3426,https://en.msidb.org/m.php?3046
Amrithaprabhaatham Virinju,College Girl,1974,Shanmukhapriya,AT Ummer,Dr Balakrishnan,"Chandrabhanu, Devi Chandra",3347,2577,https://en.msidb.org/s.php?3347,https://en.msidb.org/m.php?2577
Paanchajanyam,Dharmakshethre Kurukshethre,1975,Shanmukhapriya,MS Viswanathan,Vayalar Ramavarma,KJ Yesudas,3687,2685,https://en.msidb.org/s.php?3687,https://en.msidb.org/m.php?2685
Pranayamalarkkaavil,Mallanum Mathevanum,1976,Shanmukhapriya,K Raghavan,P Bhaskaran,"KJ Yesudas, KP Brahmanandan, Selma George",3982,1846,https://en.msidb.org/s.php?3982,https://en.msidb.org/m.php?1846
Sankara Digvijayam,Jagadguru Adisankaran,1977,Shanmukhapriya,V Dakshinamoorthy,P Bhaskaran,KJ Yesudas,4404,3882,https://en.msidb.org/s.php?4404,https://en.msidb.org/m.php?3882
Raghupathiraghava,Vezhambal (Ahalyamoksham),1977,Shanmukhapriya,MK Arjunan,Vayalar Ramavarma,P Susheela,4376,4599,https://en.msidb.org/s.php?4376,https://en.msidb.org/m.php?4599
Arayaal Mandapam,Jayikkaanaay Janichavan,1978,Shanmukhapriya,MK Arjunan,Sreekumaran Thampi,KJ Yesudas,4556,4561,https://en.msidb.org/s.php?4556,https://en.msidb.org/m.php?4561
Aanandanadanam,Kadathanaattu Maakkam,1978,Shanmukhapriya,G Devarajan,P Bhaskaran,"KJ Yesudas, P Leela, P Susheela, P Madhuri, B Vasantha",4620,1420,https://en.msidb.org/s.php?4620,https://en.msidb.org/m.php?1420
Ushasse,Paadasaram,1978,Shanmukhapriya,G Devarajan,AP Gopalan,KJ Yesudas,4929,1176,https://en.msidb.org/s.php?4929,https://en.msidb.org/m.php?1176
Gokula Nikunjathil,Raajanarthaki,1980,Shanmukhapriya,MK Arjunan,P Bhaskaran,S Janaki,10700,5341,https://en.msidb.org/s.php?10700,https://en.msidb.org/m.php?5341
Shivashaila Shringamaam,Kilukilukkam,1982,Shanmukhapriya,Johnson,ONV Kurup,KJ Yesudas,6215,3592,https://en.msidb.org/s.php?6215,https://en.msidb.org/m.php?3592
Thathraagathaashwa,Sree Ayyappanum Vaavarum,1982,Shanmukhapriya,AT Ummer,Traditional (Folk),KJ Yesudas,13607,1558,https://en.msidb.org/s.php?13607,https://en.msidb.org/m.php?1558
Leela Thilakam Chaarthi,Prasnam Gurutharam,1983,Shanmukhapriya,Raveendran,Bichu Thirumala,"KJ Yesudas, S Janaki",7416,4749,https://en.msidb.org/s.php?7416,https://en.msidb.org/m.php?4749
Udayasangeetha Dhaara,Priyasakhi (Priyasakhikkoru Lekhanam),1983,Shanmukhapriya,Alleppey Ranganath,Alleppey Ranganath,KJ Yesudas,13822,5985,https://en.msidb.org/s.php?13822,https://en.msidb.org/m.php?5985
Hemantha Geetham,Thaalam Thettiya Thaaraattu,1983,Shanmukhapriya,Raveendran,RK Damodaran,"KJ Yesudas, S Janaki",6525,4364,https://en.msidb.org/s.php?6525,https://en.msidb.org/m.php?4364
Aakaashamounam,Mynaakam,1984,Shanmukhapriya,Raveendran,Bichu Thirumala,"KG Markose, KS Chithra",7240,1842,https://en.msidb.org/s.php?7240,https://en.msidb.org/m.php?1842
Kannane kandu sakhi,Poochaykkoru Mookkuthi,1984,Shanmukhapriya,MG Radhakrishnan,Chunakkara Ramankutty,MG Sreekumar,7258,1534,https://en.msidb.org/s.php?7258,https://en.msidb.org/m.php?1534
Thakida Thadhimi,Saagara Sangamam,1984,Shanmukhapriya,Ilayaraja,Sreekumaran Thampi,"P Jayachandran, Chorus",12987,5822,https://en.msidb.org/s.php?12987,https://en.msidb.org/m.php?5822
Ethra pookkaalam (M),Raakkuyilin Raagasadassil,1986,Shanmukhapriya,MG Radhakrishnan,S Ramesan Nair,KJ Yesudas,7719,3047,https://en.msidb.org/s.php?7719,https://en.msidb.org/m.php?3047
Ethra pookkaalam [F Dominant],Raakkuyilin Raagasadassil,1986,Shanmukhapriya,MG Radhakrishnan,S Ramesan Nair,"KJ Yesudas, B Arundhathi",7723,3047,https://en.msidb.org/s.php?7723,https://en.msidb.org/m.php?3047
Dhoomam vallaatha dhoomam,Naaradan Keralathil,1987,Shanmukhapriya,MK Arjunan,P Bhaskaran,KJ Yesudas,7112,339,https://en.msidb.org/s.php?7112,https://en.msidb.org/m.php?339
Thaarame,The News,1989,Shanmukhapriya,Rajamani,Kaithapram,"MG Sreekumar, N Lathika, Chorus",7014,443,https://en.msidb.org/s.php?7014,https://en.msidb.org/m.php?443
Devasabhaathalam,His Highness Abdulla,1990,Shanmukhapriya,Raveendran,Kaithapram,"KJ Yesudas, Raveendran, Sharreth",5492,4780,https://en.msidb.org/s.php?5492,https://en.msidb.org/m.php?4780
Gopikaa vasantham,His Highness Abdulla,1990,Shanmukhapriya,Raveendran,Kaithapram,"KJ Yesudas, KS Chithra",5493,4780,https://en.msidb.org/s.php?5493,https://en.msidb.org/m.php?4780
Aanaykkeduppathu ponnunde,Dhanam,1991,Shanmukhapriya,Raveendran,PK Gopi,KJ Yesudas,10597,3960,https://en.msidb.org/s.php?10597,https://en.msidb.org/m.php?3960
Kamaladalam mizhiyil,Kamaladalam,1992,Shanmukhapriya,Raveendran,Kaithapram,"MG Sreekumar, Sujatha Mohan",10433,3791,https://en.msidb.org/s.php?10433,https://en.msidb.org/m.php?3791
Devi ninroopam,Kanyakumariyil Oru Kavitha,1993,Shanmukhapriya,Kannur Rajan,Chunakkara Ramankutty,KJ Yesudas,10270,1774,https://en.msidb.org/s.php?10270,https://en.msidb.org/m.php?1774
Thiruvaanikkaavilu,Chaithanyam,1995,Shanmukhapriya,Raveendran,Jayan Adiyattu,"Biju Narayanan, Alby Abraham",11679,4927,https://en.msidb.org/s.php?11679,https://en.msidb.org/m.php?4927
Indumaalini,Kaattathoru Penpoovu,1998,Shanmukhapriya,Kaithapram,Kaithapram,KJ Yesudas,11737,2992,https://en.msidb.org/s.php?11737,https://en.msidb.org/m.php?2992
Confusion Theerkkaname(Pachakkili),Summer in Bethlehem,1998,Shanmukhapriya,Vidyasagar,Gireesh Puthenchery,"MG Sreekumar, Chorus",12961,1928,https://en.msidb.org/s.php?12961,https://en.msidb.org/m.php?1928
Shivamallippoove Innenthekopam,Friends,1999,Shanmukhapriya,Ilayaraja,Kaithapram,KS Chithra,9485,1155,https://en.msidb.org/s.php?9485,https://en.msidb.org/m.php?1155
Sindoorathilakaanjithe,Theerthaadanam,2001,Shanmukhapriya,Kaithapram,Kaithapram,KJ Yesudas,9027,4911,https://en.msidb.org/s.php?9027,https://en.msidb.org/m.php?4911
Chingamaasam vannu chernnaal,Meesa Madhavan,2002,Shanmukhapriya,Vidyasagar,Gireesh Puthenchery,"Shankar Mahadevan, Rimi Tomy",8929,5004,https://en.msidb.org/s.php?8929,https://en.msidb.org/m.php?5004
Annakkili,4 The People,2004,Shanmukhapriya,Jassie Gift,Kaithapram,Jassie Gift,8681,3291,https://en.msidb.org/s.php?8681,https://en.msidb.org/m.php?3291
Annakkili (Version 2),4 The People,2004,Shanmukhapriya,Jassie Gift,Kaithapram,V Devanand,15108,3291,https://en.msidb.org/s.php?15108,https://en.msidb.org/m.php?3291
Shivapadam Thozhuthuvaa,Kalabham,2006,Shanmukhapriya,Raveendran,S Ramesan Nair,Ranjini Hari,11088,5190,https://en.msidb.org/s.php?11088,https://en.msidb.org/m.php?5190
Prakritheeshwariyude,Vaamanapuri,2007,Shanmukhapriya,Stilju Arjun,Madhu Alapadambu,Kanhangad Ramachandran,17745,6247,https://en.msidb.org/s.php?17745,https://en.msidb.org/m.php?6247
Neeraattu Kazhinjo,Kousthubham,2008,Shanmukhapriya,Anil Pongummoodu,Sanjeev Kilikulam,MG Sreekumar,18932,6255,https://en.msidb.org/s.php?18932,https://en.msidb.org/m.php?6255
Chenthar Nermukhi,Kamboji,2017,Shanmukhapriya,M Jayachandran,ONV Kurup,"Sreevalsan J Menon, KS Chithra",1954597,8173,https://en.msidb.org/s.php?1954597,https://en.msidb.org/m.php?8173
Kaanjana Kannezhuthi,Njaanum Pinnoru Njaanum,2023,Shanmukhapriya,M Jayachandran,BK Harinarayanan,Madhu Balakrishnan,16963,986,https://en.msidb.org/s.php?16963,https://en.msidb.org/m.php?986
Gopurakkilivaathilil,Vilakuranja Manushyar,1969,Shudh Sarang,Pukazhenthi,P Bhaskaran,KJ Yesudas,1232,4487,https://en.msidb.org/s.php?1232,https://en.msidb.org/m.php?4487
Anuraagagaanam Pole,Udyogastha,1967,Shyam Kalyan,MS Baburaj,Yusufali Kecheri,P Jayachandran,875,2933,https://en.msidb.org/s.php?875,https://en.msidb.org/m.php?2933
Shyaama Meghame,Samayamaayilla Polum,1978,Shyam Kalyan,Salil Chowdhary,ONV Kurup,KJ Yesudas,4953,2842,https://en.msidb.org/s.php?4953,https://en.msidb.org/m.php?2842
Oru kaathilola,Vettam,2004,Shyam Kalyan,Berny Ignatius,Beeyar Prasad,"MG Sreekumar, Sujatha Mohan",8426,3157,https://en.msidb.org/s.php?8426,https://en.msidb.org/m.php?3157
Veyilaayi Oru Naal,Unnam,2011,Shyam Kalyan,John P Varkey,Rafeeq Ahamed,KS Chithra,193474,6958,https://en.msidb.org/s.php?193474,https://en.msidb.org/m.php?6958
Veyilaayi Oru Naal,Unnam,2011,Shyam Kalyan,John P Varkey,Rafeeq Ahamed,Bijeesh Krishna,17213,6958,https://en.msidb.org/s.php?17213,https://en.msidb.org/m.php?6958
Aaghoshangalenthu Cheyyaam,Balan,1938,Shyama,"KK Aroor, Ibrahim",Muthukulam Raghavan Pillai,Palluruthi Lakshmi,2105,1204,https://en.msidb.org/s.php?2105,https://en.msidb.org/m.php?1204
Aathmavidyaalayame,Harischandra,1955,Shyama,Br Lakshmanan,Thirunayinaarkurichi Madhavan Nair,Kamukara Purushothaman,1791,4825,https://en.msidb.org/s.php?1791,https://en.msidb.org/m.php?4825
Kaatte Va Kadale Va,Chathurangam,1959,Shyama,G Devarajan,Vayalar Ramavarma,ML Vasanthakumari,1973,1438,https://en.msidb.org/s.php?1973,https://en.msidb.org/m.php?1438
Kaatte Va Kadale Va,Chathurangam,1959,Shyama,G Devarajan,Vayalar Ramavarma,"KS George, ML Vasanthakumari",1979,1438,https://en.msidb.org/s.php?1979,https://en.msidb.org/m.php?1438
Aanakeramalayilu,Paalaattu Koman (Konkiyamma),1962,Shyama,MS Baburaj,Vayalar Ramavarma,"KS George, KP Udayabhanu, Jikki Krishnaveni",5385,4283,https://en.msidb.org/s.php?5385,https://en.msidb.org/m.php?4283
Omanakkanna,Viyarppinte Vila,1962,Shyama,V Dakshinamoorthy,Abhayadev,P Leela,170,756,https://en.msidb.org/s.php?170,https://en.msidb.org/m.php?756
Akkarappachayile,Sthaanaarthi Saramma,1966,Shyama,LPR Varma,Vayalar Ramavarma,"KJ Yesudas, P Leela",782,2784,https://en.msidb.org/s.php?782,https://en.msidb.org/m.php?2784
Vaarthinkal Kanivekkum,Vidyaarthi,1968,Shyama,BA Chidambaranath,Vayalar Ramavarma,"P Jayachandran, B Vasantha",1054,2668,https://en.msidb.org/s.php?1054,https://en.msidb.org/m.php?2668
Ariyunnilla Bhavaan,Kaattukurangu,1969,Shyama,G Devarajan,P Bhaskaran,P Susheela,1247,1083,https://en.msidb.org/s.php?1247,https://en.msidb.org/m.php?1083
Sharavanappoykayil Avathaaram,Kumaarasambhavam,1969,Shyama,G Devarajan,Vayalar Ramavarma,"Kamukara Purushothaman, P Leela",1404,557,https://en.msidb.org/s.php?1404,https://en.msidb.org/m.php?557
Poornendumukhi,Kurukshethram,1970,Shyama,K Raghavan,P Bhaskaran,P Jayachandran,2235,4862,https://en.msidb.org/s.php?2235,https://en.msidb.org/m.php?4862
Darshanam Punya Darshanam,Sabarimala Sree Dharmashaastha,1970,Shyama,Jaya Vijaya,MP Sivam,KJ Yesudas,15718,1589,https://en.msidb.org/s.php?15718,https://en.msidb.org/m.php?1589
Sharanamayyappaa Swamee,Chembarathi,1972,Shyama,G Devarajan,Vayalar Ramavarma,KJ Yesudas,2740,3591,https://en.msidb.org/s.php?2740,https://en.msidb.org/m.php?3591
Swami Sharanam,Swaami Ayyappan,1975,Shyama,G Devarajan,Vayalar Ramavarma,"P Jayachandran, Chorus",3670,213,https://en.msidb.org/s.php?3670,https://en.msidb.org/m.php?213
Enthinenne Vilichu Veendumee,Hridayam Oru Kshethram,1976,Shyama,G Devarajan,Sreekumaran Thampi,P Madhuri,4084,302,https://en.msidb.org/s.php?4084,https://en.msidb.org/m.php?302
Bhajagovindam,Jagadguru Adisankaran,1977,Shyama,V Dakshinamoorthy,Sankaracharyar,KJ Yesudas,4407,3882,https://en.msidb.org/s.php?4407,https://en.msidb.org/m.php?3882
Aanandanadanam,Kadathanaattu Maakkam,1978,Shyama,G Devarajan,P Bhaskaran,"KJ Yesudas, P Leela, P Susheela, P Madhuri, B Vasantha",4620,1420,https://en.msidb.org/s.php?4620,https://en.msidb.org/m.php?1420
Adithozhunnen,Maamaankam,1979,Shyama,K Raghavan,P Bhaskaran,"KJ Yesudas, Vani Jairam",5206,2015,https://en.msidb.org/s.php?5206,https://en.msidb.org/m.php?2015
Kaavalmaadam kuliraninjey,Maanavadharmam,1979,Shyama,G Devarajan,Poovachal Khader,"P Jayachandran, P Madhuri",5228,2377,https://en.msidb.org/s.php?5228,https://en.msidb.org/m.php?2377
Aathiraappoonkurunninu,Adhikaaram,1980,Shyama,AT Ummer,Sathyan Anthikkad,"Vani Jairam, Chorus",5575,2796,https://en.msidb.org/s.php?5575,https://en.msidb.org/m.php?2796
Maanasa sancharare,Sankaraabharanam,1980,Shyama,KV Mahadevan,Sadasiva Brahmendraswamy,"SP Balasubrahmanyam, Vani Jairam",13535,843,https://en.msidb.org/s.php?13535,https://en.msidb.org/m.php?843
Pookkula choodiya nirapara,Archana Teacher,1981,Shyama,Shyam,Sreekumaran Thampi,Vani Jairam,6026,3954,https://en.msidb.org/s.php?6026,https://en.msidb.org/m.php?3954
Sangeetha Thapasya,Veendumoru Geetham,1991,Shyama,V Dakshinamoorthy,Hari Kudappanakkunnu,KJ Yesudas,10667,5168,https://en.msidb.org/s.php?10667,https://en.msidb.org/m.php?5168
Yaathrayaayi,Deshaadanam,1996,Shyama,Kaithapram,Kaithapram,KJ Yesudas,9877,1486,https://en.msidb.org/s.php?9877,https://en.msidb.org/m.php?1486
Kaalamorajnaatha Kaamukan,Kaalachakram,1973,Simhendra Madhyamam,G Devarajan,Sreekumaran Thampi,KJ Yesudas,2938,2926,https://en.msidb.org/s.php?2938,https://en.msidb.org/m.php?2926
Ente kadinjool pranaya,Ulkadal,1979,Simhendra Madhyamam,MB Sreenivasan,ONV Kurup,"KJ Yesudas, Selma George",5278,1023,https://en.msidb.org/s.php?5278,https://en.msidb.org/m.php?1023
Thaarunya Moham,Panineerppookkal,1981,Simhendra Madhyamam,Ilayaraja,Mankombu Gopalakrishnan,KJ Yesudas,13137,4992,https://en.msidb.org/s.php?13137,https://en.msidb.org/m.php?4992
Vaachaalamaakum Mounam,Ambada Njaane,1985,Simhendra Madhyamam,MK Arjunan,Poovachal Khader,KJ Yesudas,6694,2423,https://en.msidb.org/s.php?6694,https://en.msidb.org/m.php?2423
Ayyappa,Sabarimalayil Thanka Sooryodayam,1992,Simhendra Madhyamam,MS Viswanathan,Sreekumaran Thampi,KJ Yesudas,12579,5770,https://en.msidb.org/s.php?12579,https://en.msidb.org/m.php?5770
Amme Amme,Vaalkkannaadi,2002,Simhendra Madhyamam,M Jayachandran,S Ramesan Nair,Madhu Balakrishnan,8861,488,https://en.msidb.org/s.php?8861,https://en.msidb.org/m.php?488
Gathiyaruluka,Jnaanaambika,1940,Sindhu Bhairavi,TK Jayarama Iyer,Puthankavu Mathan Tharakan,PK Kamalakshi,1955241,3911,https://en.msidb.org/s.php?1955241,https://en.msidb.org/m.php?3911
Ee Lokam [Chinthayenthi],Sthree,1950,Sindhu Bhairavi,BA Chidambaranath,Thikkurissi Sukumaran Nair,Uncategorized,192338,817,https://en.msidb.org/s.php?192338,https://en.msidb.org/m.php?817
Mahal Thyaagame,Harischandra,1955,Sindhu Bhairavi,Br Lakshmanan,Thirunayinaarkurichi Madhavan Nair,PB Sreenivas,1793,4825,https://en.msidb.org/s.php?1793,https://en.msidb.org/m.php?4825
Paavanamaamidamaanee,Kidappaadam,1955,Sindhu Bhairavi,V Dakshinamoorthy,Abhayadev,AM Raja,1784,1392,https://en.msidb.org/s.php?1784,https://en.msidb.org/m.php?1392
Yarushalemin Naayakane,Rebecca,1963,Sindhu Bhairavi,K Raghavan,Vayalar Ramavarma,P Leela,273,4947,https://en.msidb.org/s.php?273,https://en.msidb.org/m.php?4947
Naagaswarathinte,Bharthaavu,1964,Sindhu Bhairavi,V Dakshinamoorthy,P Bhaskaran,"LR Eeswari, Chorus",385,1484,https://en.msidb.org/s.php?385,https://en.msidb.org/m.php?1484
Uthara Madhura Veedhikale,Karuna,1966,Sindhu Bhairavi,G Devarajan,ONV Kurup,KJ Yesudas,771,2903,https://en.msidb.org/s.php?771,https://en.msidb.org/m.php?2903
Praanasakhi Njaan Verumoru,Pareeksha,1967,Sindhu Bhairavi,MS Baburaj,P Bhaskaran,KJ Yesudas,979,3493,https://en.msidb.org/s.php?979,https://en.msidb.org/m.php?3493
Sindhubhairavi Raagarasam,Paadunna Puzha,1968,Sindhu Bhairavi,V Dakshinamoorthy,Sreekumaran Thampi,"P Leela, AP Komala",1106,3299,https://en.msidb.org/s.php?1106,https://en.msidb.org/m.php?3299
Pooja Pushpame,Velutha Kathreena,1968,Sindhu Bhairavi,G Devarajan,Sreekumaran Thampi,KJ Yesudas,1195,3123,https://en.msidb.org/s.php?1195,https://en.msidb.org/m.php?3123
Pooja Pushpame [Movie Version],Velutha Kathreena,1968,Sindhu Bhairavi,G Devarajan,Sreekumaran Thampi,KJ Yesudas,16924,3123,https://en.msidb.org/s.php?16924,https://en.msidb.org/m.php?3123
Noothana Gaanathin,Aalmaram,1969,Sindhu Bhairavi,AT Ummer,P Bhaskaran,"KJ Yesudas, B Vasantha, Chorus",1241,1164,https://en.msidb.org/s.php?1241,https://en.msidb.org/m.php?1164
Naarayanam Bhaje,Adimakal,1969,Sindhu Bhairavi,G Devarajan,Traditional (Bhadrachala Ramdas),"P Jayachandran, Paramasivan Bhagavathar, Chorus",1303,2774,https://en.msidb.org/s.php?1303,https://en.msidb.org/m.php?2774
Kaashithettipoovinoru,Raktha Pushpam,1970,Sindhu Bhairavi,MK Arjunan,Sreekumaran Thampi,"S Janaki, Chorus",2289,1205,https://en.msidb.org/s.php?2289,https://en.msidb.org/m.php?1205
Paadunna Painkilikku,Poompaatta,1971,Sindhu Bhairavi,G Devarajan,Yusufali Kecheri,KJ Yesudas,2452,1826,https://en.msidb.org/s.php?2452,https://en.msidb.org/m.php?1826
Smarikkan Padippicha,Dharmayudham,1973,Sindhu Bhairavi,G Devarajan,P Bhaskaran,P Susheela,3077,3642,https://en.msidb.org/s.php?3077,https://en.msidb.org/m.php?3642
Swarna Gopura,Divyadarshanam,1973,Sindhu Bhairavi,MS Viswanathan,Sreekumaran Thampi,P Jayachandran,3139,3458,https://en.msidb.org/s.php?3139,https://en.msidb.org/m.php?3458
Sreevallabha Sreevalsaankitha,Gaayathri,1973,Sindhu Bhairavi,G Devarajan,Vayalar Ramavarma,P Madhuri,2964,945,https://en.msidb.org/s.php?2964,https://en.msidb.org/m.php?945
Thaarakaroopini,Shaasthram Jayichu Manushyan Thottu,1973,Sindhu Bhairavi,V Dakshinamoorthy,Sreekumaran Thampi,KP Brahmanandan,3098,1640,https://en.msidb.org/s.php?3098,https://en.msidb.org/m.php?1640
En Mandahaasam,Udayam,1973,Sindhu Bhairavi,V Dakshinamoorthy,Sreekumaran Thampi,KJ Yesudas,2932,3156,https://en.msidb.org/s.php?2932,https://en.msidb.org/m.php?3156
Jagadeeshwari Jayajagadeeshwari,Devi Kanyaakumaari,1974,Sindhu Bhairavi,G Devarajan,Vayalar Ramavarma,"P Jayachandran, P Madhuri, Selma George",3385,1291,https://en.msidb.org/s.php?3385,https://en.msidb.org/m.php?1291
Gurudevaa,Durga,1974,Sindhu Bhairavi,G Devarajan,Vayalar Ramavarma,"KJ Yesudas, P Madhuri, Chorus",3270,3951,https://en.msidb.org/s.php?3270,https://en.msidb.org/m.php?3951
Atham Rohini,Thumbolaarcha,1974,Sindhu Bhairavi,G Devarajan,Vayalar Ramavarma,"LR Eeswari, Latha Raju",3372,3199,https://en.msidb.org/s.php?3372,https://en.msidb.org/m.php?3199
Kannaadi Vilakkumaay,Youvanam,1974,Sindhu Bhairavi,V Dakshinamoorthy,Sreekumaran Thampi,KJ Yesudas,3281,757,https://en.msidb.org/s.php?3281,https://en.msidb.org/m.php?757
Suvarnarekha,Alibabayum 41 kallanmaarum,1975,Sindhu Bhairavi,G Devarajan,P Bhaskaran,P Madhuri,3648,1490,https://en.msidb.org/s.php?3648,https://en.msidb.org/m.php?1490
Seemanthini Ninte,Athidhi,1975,Sindhu Bhairavi,G Devarajan,Vayalar Ramavarma,KJ Yesudas,3566,3869,https://en.msidb.org/s.php?3566,https://en.msidb.org/m.php?3869
Urangaan Kidannaal,Padmaraagam,1975,Sindhu Bhairavi,MK Arjunan,Sreekumaran Thampi,KJ Yesudas,3753,1970,https://en.msidb.org/s.php?3753,https://en.msidb.org/m.php?1970
Kannuneer Muthukal,Homakundam (Pathamudayam),1976,Sindhu Bhairavi,V Dakshinamoorthy,Appan Thachethu,Vani Jairam,16502,6216,https://en.msidb.org/s.php?16502,https://en.msidb.org/m.php?6216
Mangalappaalathan,Madhuraswapnam,1977,Sindhu Bhairavi,MK Arjunan,Sreekumaran Thampi,P Jayachandran,4156,3742,https://en.msidb.org/s.php?4156,https://en.msidb.org/m.php?3742
Sharathkaalachandrika Vidaparanju,Ithaa Oru Manushyan,1978,Sindhu Bhairavi,MS Viswanathan,Sreekumaran Thampi,S Janaki,4668,4092,https://en.msidb.org/s.php?4668,https://en.msidb.org/m.php?4092
Ilavannoor Madhathile,Kadathanaattu Maakkam,1978,Sindhu Bhairavi,G Devarajan,P Bhaskaran,KJ Yesudas,4622,1420,https://en.msidb.org/s.php?4622,https://en.msidb.org/m.php?1420
Daivathin Veedevide,Mudramothiram,1978,Sindhu Bhairavi,G Devarajan,Sreekumaran Thampi,KJ Yesudas,4612,4875,https://en.msidb.org/s.php?4612,https://en.msidb.org/m.php?4875
Nakshathrangale,Nakshathrangale Kaaval,1978,Sindhu Bhairavi,G Devarajan,ONV Kurup,KJ Yesudas,13162,2673,https://en.msidb.org/s.php?13162,https://en.msidb.org/m.php?2673
Madhuraangikale,Alaavudeenum Albuthavilakkum,1979,Sindhu Bhairavi,G Devarajan,Yusufali Kecheri,P Susheela,5088,2944,https://en.msidb.org/s.php?5088,https://en.msidb.org/m.php?2944
Swargamundenkil,Kaalam Kaathuninnilla,1979,Sindhu Bhairavi,AT Ummer,Mankombu Gopalakrishnan,Vani Jairam,5046,2559,https://en.msidb.org/s.php?5046,https://en.msidb.org/m.php?2559
Chadukudu chadukudu,Maani Koya Kurup,1979,Sindhu Bhairavi,MS Viswanathan,P Bhaskaran,"P Jayachandran, S Janaki",5123,4642,https://en.msidb.org/s.php?5123,https://en.msidb.org/m.php?4642
Paaladayundilla,Moham enna pakshi,1979,Sindhu Bhairavi,MK Arjunan,ONV Kurup,Selma George,13179,5640,https://en.msidb.org/s.php?13179,https://en.msidb.org/m.php?5640
Ethu panthal kandaalum,Venalil Oru Mazha,1979,Sindhu Bhairavi,MS Viswanathan,Sreekumaran Thampi,Vani Jairam,4976,3889,https://en.msidb.org/s.php?4976,https://en.msidb.org/m.php?3889
Deepamundenkil,Karipuranda Jeevithangal,1980,Sindhu Bhairavi,MK Arjunan,Chirayinkeezhu Ramakrishnan Nair,KJ Yesudas,5568,4081,https://en.msidb.org/s.php?5568,https://en.msidb.org/m.php?4081
Devimayam Sarvam Devimayam,Sreedevi Darsanam,1980,Sindhu Bhairavi,G Devarajan,P Bhaskaran,KJ Yesudas,15133,5362,https://en.msidb.org/s.php?15133,https://en.msidb.org/m.php?5362
Maanam Irundu,Vedikkettu,1980,Sindhu Bhairavi,MK Arjunan,Thevannoor Maniraj,KJ Yesudas,5734,3805,https://en.msidb.org/s.php?5734,https://en.msidb.org/m.php?3805
Aashaada meghangal,Ente Mohangal Poovaninju,1982,Sindhu Bhairavi,V Dakshinamoorthy,Puthiyankam Murali,"KJ Yesudas, S Janaki",6437,890,https://en.msidb.org/s.php?6437,https://en.msidb.org/m.php?890
Dhyaaye Kodi,Sree Ayyappanum Vaavarum,1982,Sindhu Bhairavi,AT Ummer,Traditional (Folk),KJ Yesudas,13605,1558,https://en.msidb.org/s.php?13605,https://en.msidb.org/m.php?1558
Mizhiyina njaanadaykkumpol,Maniyara,1983,Sindhu Bhairavi,AT Ummer,P Bhaskaran,"KJ Yesudas, Ambili Rajasekharan",7442,5000,https://en.msidb.org/s.php?7442,https://en.msidb.org/m.php?5000
Padachon Thanne,Raagasangamam,1983,Sindhu Bhairavi,Kishore,Mankombu Gopalakrishnan,TM Soundararajan,12704,6195,https://en.msidb.org/s.php?12704,https://en.msidb.org/m.php?6195
Shaaleena soundaryame,Aaraante Mulla Kochumulla,1984,Sindhu Bhairavi,Alleppey Ranganath,Madhu Alappuzha,"KJ Yesudas, Chorus",7964,739,https://en.msidb.org/s.php?7964,https://en.msidb.org/m.php?739
Anjana Sreedhara,Krishna Guruvaayoorappa,1984,Sindhu Bhairavi,V Dakshinamoorthy,Traditional (Poonthanam),P Susheela,7388,2808,https://en.msidb.org/s.php?7388,https://en.msidb.org/m.php?2808
Vidhiyo kadamkathayo,Makale Maappu Tharoo,1984,Sindhu Bhairavi,MK Arjunan,Poovachal Khader,KP Brahmanandan,7341,94,https://en.msidb.org/s.php?7341,https://en.msidb.org/m.php?94
Ulakudayon,Aazhi,1985,Sindhu Bhairavi,Raj Kamal,Bichu Thirumala,"CO Anto, Thomas Williams, Chorus",6620,1459,https://en.msidb.org/s.php?6620,https://en.msidb.org/m.php?1459
Enthinaanee Kalla Nanam,Nayakan (Vaa Kuruvi Varu Kuruvi),1985,Sindhu Bhairavi,AT Ummer,Balu Kiriyath,"Kannur Salim, Leena Padmanabhan",6643,3533,https://en.msidb.org/s.php?6643,https://en.msidb.org/m.php?3533
Arayarayarayo kinginiyo,Punnaaram Chollicholli,1985,Sindhu Bhairavi,Jerry Amaldev,ONV Kurup,"KS Chithra, Chorus",1433,3646,https://en.msidb.org/s.php?1433,https://en.msidb.org/m.php?3646
Chellacheru Veedu Tharam,Nyaayavidhi,1986,Sindhu Bhairavi,MK Arjunan,Shibu Chakravarthy,KS Chithra,7754,4388,https://en.msidb.org/s.php?7754,https://en.msidb.org/m.php?4388
Konchi Karayalle,Poomukhappadiyil Ninneyum Kathu,1986,Sindhu Bhairavi,Ilayaraja,Bichu Thirumala,"KJ Yesudas, S Janaki",7841,2055,https://en.msidb.org/s.php?7841,https://en.msidb.org/m.php?2055
Paadaam namukku paadam,Yuvajanolsavam,1986,Sindhu Bhairavi,Raveendran,Sreekumaran Thampi,"KJ Yesudas, SP Shailaja",7797,1979,https://en.msidb.org/s.php?7797,https://en.msidb.org/m.php?1979
Bhaja Bhaja,Swaathy Thirunaal,1987,Sindhu Bhairavi,MB Sreenivasan,Traditional (Swathi Thirunal),M Balamuralikrishna,12439,252,https://en.msidb.org/s.php?12439,https://en.msidb.org/m.php?252
Rathisukhasaaramaay,Dhwani,1988,Sindhu Bhairavi,Naushad Ali,Yusufali Kecheri,KJ Yesudas,8214,4527,https://en.msidb.org/s.php?8214,https://en.msidb.org/m.php?4527
Indulekha kanthurannu,Oru Vadakkan Veeragadha,1989,Sindhu Bhairavi,Bombay Ravi,Kaithapram,KJ Yesudas,6885,3777,https://en.msidb.org/s.php?6885,https://en.msidb.org/m.php?3777
Kanneerkkaayaliletho,Raamji Rao Speaking,1989,Sindhu Bhairavi,S Balakrishnan,Bichu Thirumala,"MG Sreekumar, KS Chithra",6953,2860,https://en.msidb.org/s.php?6953,https://en.msidb.org/m.php?2860
Olavaalan,Varnam,1989,Sindhu Bhairavi,Ouseppachan,K Jayakumar,MG Sreekumar,7004,3568,https://en.msidb.org/s.php?7004,https://en.msidb.org/m.php?3568
Unnam Marannu,In Harihar Nagar,1990,Sindhu Bhairavi,S Balakrishnan,Bichu Thirumala,"MG Sreekumar, Chorus",5394,3304,https://en.msidb.org/s.php?5394,https://en.msidb.org/m.php?3304
Shaanthayaam Shyamayaam,Aavanikkunnile Kinnaripookkal (Oru Vakku Oreyoru Vakku),1991,Sindhu Bhairavi,Ouseppachan,ONV Kurup,KJ Yesudas,8633,3619,https://en.msidb.org/s.php?8633,https://en.msidb.org/m.php?3619
Ee sangeetham,Khandakaavyam,1991,Sindhu Bhairavi,Raveendran,Sreekumaran Thampi,P Jayachandran,10578,4820,https://en.msidb.org/s.php?10578,https://en.msidb.org/m.php?4820
Awaaraa hoon,Vishnulokam,1991,Sindhu Bhairavi,Shankar Jaikishan,Shailendra,Mohanlal,10492,1120,https://en.msidb.org/s.php?10492,https://en.msidb.org/m.php?1120
Kasthoori ente kasthoori,Vishnulokam,1991,Sindhu Bhairavi,Raveendran,Kaithapram,"MG Sreekumar, Sujatha Mohan",10490,1120,https://en.msidb.org/s.php?10490,https://en.msidb.org/m.php?1120
Paavamaam krishnamrigathine,Adwaitham,1992,Sindhu Bhairavi,MG Radhakrishnan,Kaithapram,MG Sreekumar,10485,4111,https://en.msidb.org/s.php?10485,https://en.msidb.org/m.php?4111
Snehathin poonchola,Pappayude Swandam Appus,1992,Sindhu Bhairavi,Ilayaraja,Bichu Thirumala,KJ Yesudas,10396,1929,https://en.msidb.org/s.php?10396,https://en.msidb.org/m.php?1929
Paathiraavaayi neram,Vietnam Colony,1992,Sindhu Bhairavi,S Balakrishnan,Bichu Thirumala,Minmini Joy,10368,761,https://en.msidb.org/s.php?10368,https://en.msidb.org/m.php?761
Raappadi,Aakaasha Doothu,1993,Sindhu Bhairavi,Ouseppachan,ONV Kurup,KJ Yesudas,10358,2250,https://en.msidb.org/s.php?10358,https://en.msidb.org/m.php?2250
Bandhuvaru Sathruvaaru [M],Bandhukkal Shathrukkal,1993,Sindhu Bhairavi,Sreekumaran Thampi,Sreekumaran Thampi,KJ Yesudas,10269,2751,https://en.msidb.org/s.php?10269,https://en.msidb.org/m.php?2751
Bandhuvaru Sathruvaru [F],Bandhukkal Shathrukkal,1993,Sindhu Bhairavi,Sreekumaran Thampi,Sreekumaran Thampi,KS Chithra,10346,2751,https://en.msidb.org/s.php?10346,https://en.msidb.org/m.php?2751
Kunjurangum Koottinullil [F],Ponnuchaami,1993,Sindhu Bhairavi,Mohan Sithara,ONV Kurup,KS Chithra,10232,2108,https://en.msidb.org/s.php?10232,https://en.msidb.org/m.php?2108
Kunjurangum Koottinullil [M],Ponnuchaami,1993,Sindhu Bhairavi,Mohan Sithara,ONV Kurup,MG Sreekumar,15431,2108,https://en.msidb.org/s.php?15431,https://en.msidb.org/m.php?2108
Kalaavathi,Geetham Sangeetham (Ananthapuri),1994,Sindhu Bhairavi,Raveendran,Kaithapram,KS Chithra,14543,5731,https://en.msidb.org/s.php?14543,https://en.msidb.org/m.php?5731
Baggy Jeansum,Sainyam,1994,Sindhu Bhairavi,SP Venkitesh,Shibu Chakravarthy,"Krishnachandran, Mano, Sindhudevi, Lekha R Nair",10089,1143,https://en.msidb.org/s.php?10089,https://en.msidb.org/m.php?1143
Manavaatti,Samudaayam,1995,Sindhu Bhairavi,G Devarajan,P Bhaskaran,P Susheela,9923,706,https://en.msidb.org/s.php?9923,https://en.msidb.org/m.php?706
Yaaminee nin,Sargavasantham,1995,Sindhu Bhairavi,Ouseppachan,Kaithapram,KJ Yesudas,9921,238,https://en.msidb.org/s.php?9921,https://en.msidb.org/m.php?238
Kaalam kalikaalam,Malayala Maasam Chingam Onninu,1996,Sindhu Bhairavi,Raveendran,Gireesh Puthenchery,"Krishnachandran, Natesh Shankar, Ambili Rajasekharan",11678,499,https://en.msidb.org/s.php?11678,https://en.msidb.org/m.php?499
Harimuraleeravam,Aaraam Thamburaan,1997,Sindhu Bhairavi,Raveendran,Gireesh Puthenchery,"KJ Yesudas, Raghu Kumar",9804,4607,https://en.msidb.org/s.php?9804,https://en.msidb.org/m.php?4607
Marakkumo,Kaarunyam,1997,Sindhu Bhairavi,Kaithapram,Kaithapram,KJ Yesudas,9729,3782,https://en.msidb.org/s.php?9729,https://en.msidb.org/m.php?3782
Marakkumo Nee Ente,Kaarunyam,1997,Sindhu Bhairavi,Kaithapram,Kaithapram,KS Chithra,13010,3782,https://en.msidb.org/s.php?13010,https://en.msidb.org/m.php?3782
Chaaverkidaangale,Kannur,1997,Sindhu Bhairavi,Raveendran,Kaithapram,KJ Yesudas,9737,1129,https://en.msidb.org/s.php?9737,https://en.msidb.org/m.php?1129
Ambottee,Kottaaram Veettile Apputtan,1998,Sindhu Bhairavi,Berny Ignatius,S Ramesan Nair,"MG Sreekumar, Santhosh Keshav, Kalabhavan Mani",11934,4948,https://en.msidb.org/s.php?11934,https://en.msidb.org/m.php?4948
Sundariye sundariye,Oru Maravathoor Kanavu,1998,Sindhu Bhairavi,Vidyasagar,Gireesh Puthenchery,"KJ Yesudas, Pushpavanam Kuppuswamy, Sujatha Mohan",9585,3091,https://en.msidb.org/s.php?9585,https://en.msidb.org/m.php?3091
Chandanakkaavile,Thattakam,1998,Sindhu Bhairavi,Kaithapram,Kaithapram,"KJ Yesudas, Sujatha Mohan",15174,3172,https://en.msidb.org/s.php?15174,https://en.msidb.org/m.php?3172
Kili Vaathilil [F],Mazhavillu,1999,Sindhu Bhairavi,Mohan Sithara,Kaithapram,KS Chithra,9475,4884,https://en.msidb.org/s.php?9475,https://en.msidb.org/m.php?4884
Kili Vaathilil [M],Mazhavillu,1999,Sindhu Bhairavi,Mohan Sithara,Kaithapram,KJ Yesudas,19125,4884,https://en.msidb.org/s.php?19125,https://en.msidb.org/m.php?4884
Aalilakkanna Ninte,Vaasanthiyum Lakshmiyum Pinne Njaanum,1999,Sindhu Bhairavi,Mohan Sithara,Yusufali Kecheri,KJ Yesudas,13210,3987,https://en.msidb.org/s.php?13210,https://en.msidb.org/m.php?3987
Aalilakkanna Ninte (F),Vaasanthiyum Lakshmiyum Pinne Njaanum,1999,Sindhu Bhairavi,Mohan Sithara,Yusufali Kecheri,KS Chithra,9006,3987,https://en.msidb.org/s.php?9006,https://en.msidb.org/m.php?3987
Kaakkappoo kaithappoo,Arayannangalude Veedu,2000,Sindhu Bhairavi,Raveendran,Gireesh Puthenchery,"P Jayachandran, Mano",9670,5003,https://en.msidb.org/s.php?9670,https://en.msidb.org/m.php?5003
Kanneer mazhayathu,Joker,2000,Sindhu Bhairavi,Mohan Sithara,Yusufali Kecheri,KJ Yesudas,9335,610,https://en.msidb.org/s.php?9335,https://en.msidb.org/m.php?610
Sooryanaay Thazhuki [F],Sathyam Sivam Sundaram,2000,Sindhu Bhairavi,Vidyasagar,Kaithapram,KS Chithra,9242,5058,https://en.msidb.org/s.php?9242,https://en.msidb.org/m.php?5058
Sooryanay Thazhuki [M],Sathyam Sivam Sundaram,2000,Sindhu Bhairavi,Vidyasagar,Kaithapram,Biju Narayanan,13706,5058,https://en.msidb.org/s.php?13706,https://en.msidb.org/m.php?5058
Ambilippoli Pole Thirunetti,Andolanam,2001,Sindhu Bhairavi,Natesh Shankar,Yusufali Kecheri,KJ Yesudas,11497,70,https://en.msidb.org/s.php?11497,https://en.msidb.org/m.php?70
Enikkum,Oomapenninu Uriyadappayyan,2002,Sindhu Bhairavi,Mohan Sithara,Yusufali Kecheri,"KJ Yesudas, Sujatha Mohan",8909,1666,https://en.msidb.org/s.php?8909,https://en.msidb.org/m.php?1666
Mohaswaroopini,Pakalppooram,2002,Sindhu Bhairavi,Raveendran,S Ramesan Nair,KS Chithra,8901,4432,https://en.msidb.org/s.php?8901,https://en.msidb.org/m.php?4432
Parayuka nee,Kilichundan Mambazham,2003,Sindhu Bhairavi,Vidyasagar,Beeyar Prasad,Kailash Kher,8770,1707,https://en.msidb.org/s.php?8770,https://en.msidb.org/m.php?1707
Ilakkumbilil,Agninakshathram,2004,Sindhu Bhairavi,Raveendran,Shibu Chakravarthy,KJ Yesudas,8676,5326,https://en.msidb.org/s.php?8676,https://en.msidb.org/m.php?5326
Muthe ninne kandittu,Amrutham,2004,Sindhu Bhairavi,M Jayachandran,Kaithapram,"Madhu Balakrishnan, Sujatha Mohan",8663,2689,https://en.msidb.org/s.php?8663,https://en.msidb.org/m.php?2689
Komalavalli,Immini Nalloral,2005,Sindhu Bhairavi,M Jayachandran,Gireesh Puthenchery,"Rajesh Vijay, Jyotsna Radhakrishnan",8288,1538,https://en.msidb.org/s.php?8288,https://en.msidb.org/m.php?1538
Thullithulli,Madhu Chandralekha,2006,Sindhu Bhairavi,M Jayachandran,Gireesh Puthenchery,"Santhosh Keshav, Vijay Yesudas",11117,744,https://en.msidb.org/s.php?11117,https://en.msidb.org/m.php?744
Kadam konda,Vaasthavam,2006,Sindhu Bhairavi,Alex Paul,Gireesh Puthenchery,Reju Joseph,11191,5311,https://en.msidb.org/s.php?11191,https://en.msidb.org/m.php?5311
Kadam konda (Version 2),Vaasthavam,2006,Sindhu Bhairavi,Alex Paul,Gireesh Puthenchery,Vidyadharan,15064,5311,https://en.msidb.org/s.php?15064,https://en.msidb.org/m.php?5311
Venkadaachala Nilayam [Gurunaadhan],Indraneelam,2007,Sindhu Bhairavi,Ratheesh Kannan,"Yusufali Kecheri, Traditional (Purandaradasa)",KJ Yesudas,14205,6027,https://en.msidb.org/s.php?14205,https://en.msidb.org/m.php?6027
Venkadaachala Nilayam [Gurunaadhan],Indraneelam,2007,Sindhu Bhairavi,Ratheesh Kannan,"Yusufali Kecheri, Traditional (Purandaradasa)",KS Chithra,14211,6027,https://en.msidb.org/s.php?14211,https://en.msidb.org/m.php?6027
Kanneerumaay,Meghatheertham,2009,Sindhu Bhairavi,Sharreth,Gireesh Puthenchery,Sreenivas,19026,6535,https://en.msidb.org/s.php?19026,https://en.msidb.org/m.php?6535
Muthukkili,Nalla Paattukaarey,2010,Sindhu Bhairavi,Sharreth,Gireesh Puthenchery,"Vijay Madhav, Gayathri Suresh",190816,6690,https://en.msidb.org/s.php?190816,https://en.msidb.org/m.php?6690
Madhuram Madhuram,Lucky Jokers,2011,Sindhu Bhairavi,M Jayachandran,Sreekumaran Thampi,KJ Yesudas,192855,6843,https://en.msidb.org/s.php?192855,https://en.msidb.org/m.php?6843
Vennilaa Thankamani,Lucky Jokers,2011,Sindhu Bhairavi,Berny Ignatius,Santhosh Varma,Subin Ignatius,192864,6843,https://en.msidb.org/s.php?192864,https://en.msidb.org/m.php?6843
Chembarathi Kammalittu,Maanikyakkallu,2011,Sindhu Bhairavi,M Jayachandran,Anil Panachooran,"Ravisankar, Shreya Ghoshal",192857,6850,https://en.msidb.org/s.php?192857,https://en.msidb.org/m.php?6850
Pramadavaniyil,Naadabrahmam,2011,Sindhu Bhairavi,Mohan Sithara,Santhosh Varma,"Harikrishnan, Manjari",193350,6967,https://en.msidb.org/s.php?193350,https://en.msidb.org/m.php?6967
Aattunottoru,Ordinary,2012,Sindhu Bhairavi,Vidyasagar,Rajeev Govindan,"Tippu, Biju Narayanan, Sujatha Mohan, Sannidanandan",193554,6959,https://en.msidb.org/s.php?193554,https://en.msidb.org/m.php?6959
Cholledi Cholledi (Maanathe Mullaykku),Breaking News Live,2013,Sindhu Bhairavi,Mohan Sithara,Premadas Iruvallur,Parvathi Menon,194441,7135,https://en.msidb.org/s.php?194441,https://en.msidb.org/m.php?7135
Muthu Muthu Radhe,Thattumpurathu Achuthan,2018,Sindhu Bhairavi,Deepankuran,Beeyar Prasad,Vijesh Gopal,1956670,8854,https://en.msidb.org/s.php?1956670,https://en.msidb.org/m.php?8854
Annu Ninne,Unniyaarcha,1961,Sivaranjani,K Raghavan,P Bhaskaran,"AM Raja, P Susheela",2036,1206,https://en.msidb.org/s.php?2036,https://en.msidb.org/m.php?1206
Pokunnitha,Sreeraama Pattaabhishekam,1962,Sivaranjani,Br Lakshmanan,Thirunayinaarkurichi Madhavan Nair,"PB Sreenivas, Chorus",127,1781,https://en.msidb.org/s.php?127,https://en.msidb.org/m.php?1781
Kinaavinte Kuzhimaadathil,Doctor,1963,Sivaranjani,G Devarajan,P Bhaskaran,P Susheela,202,2795,https://en.msidb.org/s.php?202,https://en.msidb.org/m.php?2795
Kaattariyilla Kadalariyilla,Jail,1966,Sivaranjani,G Devarajan,Vayalar Ramavarma,AM Raja,687,1068,https://en.msidb.org/s.php?687,https://en.msidb.org/m.php?1068
Kannuthurakkaatha,Agniputhri,1967,Sivaranjani,MS Baburaj,Vayalar Ramavarma,P Susheela,863,2518,https://en.msidb.org/s.php?863,https://en.msidb.org/m.php?2518
Virahini,Arakkillam,1967,Sivaranjani,G Devarajan,Vayalar Ramavarma,KJ Yesudas,888,308,https://en.msidb.org/s.php?888,https://en.msidb.org/m.php?308
Premaswapnathin,Chekuthaante Kotta,1967,Sivaranjani,BA Chidambaranath,P Bhaskaran,Latha Raju,1023,938,https://en.msidb.org/s.php?1023,https://en.msidb.org/m.php?938
Aakaashadeepame,Chithramela,1967,Sivaranjani,G Devarajan,Sreekumaran Thampi,KJ Yesudas,967,2806,https://en.msidb.org/s.php?967,https://en.msidb.org/m.php?2806
Padmaasanathil,Kumaarasambhavam,1969,Sivaranjani,G Devarajan,Vayalar Ramavarma,PB Sreenivas,1403,557,https://en.msidb.org/s.php?1403,https://en.msidb.org/m.php?557
Nithyakaamuki,Susy,1969,Sivaranjani,G Devarajan,Vayalar Ramavarma,KJ Yesudas,1292,2229,https://en.msidb.org/s.php?1292,https://en.msidb.org/m.php?2229
Eeshwaranorikkal,Lankaadahanam,1971,Sivaranjani,MS Viswanathan,Sreekumaran Thampi,KJ Yesudas,2456,4387,https://en.msidb.org/s.php?2456,https://en.msidb.org/m.php?4387
Neelaambarame,Sarasayya,1971,Sivaranjani,G Devarajan,Vayalar Ramavarma,P Madhuri,2516,3689,https://en.msidb.org/s.php?2516,https://en.msidb.org/m.php?3689
Inakkam Pinakkam,Thettu,1971,Sivaranjani,G Devarajan,Vayalar Ramavarma,KJ Yesudas,2472,4058,https://en.msidb.org/s.php?2472,https://en.msidb.org/m.php?4058
Aval Chirichal,Vilaykku Vaangiya Veena,1971,Sivaranjani,V Dakshinamoorthy,Sreekumaran Thampi,KJ Yesudas,2616,1654,https://en.msidb.org/s.php?2616,https://en.msidb.org/m.php?1654
Ottuvalayedukkaan,Adyathe Kadha,1972,Sivaranjani,MK Arjunan,Vayalar Ramavarma,P Susheela,2816,3926,https://en.msidb.org/s.php?2816,https://en.msidb.org/m.php?3926
Thaalikkuruthola,Mayilaadumkunnu,1972,Sivaranjani,G Devarajan,Vayalar Ramavarma,P Leela,2714,1113,https://en.msidb.org/s.php?2714,https://en.msidb.org/m.php?1113
Premabhikshuki Bhikshuki,Punarjanmam,1972,Sivaranjani,G Devarajan,Vayalar Ramavarma,KJ Yesudas,2774,4869,https://en.msidb.org/s.php?2774,https://en.msidb.org/m.php?4869
Neelaraanyame,Shakthi,1972,Sivaranjani,V Dakshinamoorthy,Vayalar Ramavarma,KJ Yesudas,2853,4093,https://en.msidb.org/s.php?2853,https://en.msidb.org/m.php?4093
Anuvadikkoo,Theerthayaathra,1972,Sivaranjani,AT Ummer,P Bhaskaran,KJ Yesudas,2860,3362,https://en.msidb.org/s.php?2860,https://en.msidb.org/m.php?3362
Srishtikarthaave,Abala,1973,Sivaranjani,V Dakshinamoorthy,Thunchathezhuthachan,Kalyani Menon,12650,5325,https://en.msidb.org/s.php?12650,https://en.msidb.org/m.php?5325
Ambili Naalam,Ajnaathavasam,1973,Sivaranjani,MK Arjunan,Sreekumaran Thampi,KJ Yesudas,2895,447,https://en.msidb.org/s.php?2895,https://en.msidb.org/m.php?447
Kaadambari,Chukku,1973,Sivaranjani,G Devarajan,Vayalar Ramavarma,P Susheela,3085,1660,https://en.msidb.org/s.php?3085,https://en.msidb.org/m.php?1660
Dukhathin Kaippuneer,Dharmayudham,1973,Sivaranjani,G Devarajan,P Bhaskaran,P Jayachandran,3079,3642,https://en.msidb.org/s.php?3079,https://en.msidb.org/m.php?3642
Raaman Sreeraaman,Ayodhya,1975,Sivaranjani,G Devarajan,P Bhaskaran,P Jayachandran,3668,3061,https://en.msidb.org/s.php?3668,https://en.msidb.org/m.php?3061
Kannupothi,Hridayam Oru Kshethram,1976,Sivaranjani,G Devarajan,Sreekumaran Thampi,KJ Yesudas,4085,302,https://en.msidb.org/s.php?4085,https://en.msidb.org/m.php?302
Vipanchike,Surveykkallu,1976,Sivaranjani,G Devarajan,ONV Kurup,P Madhuri,3928,2271,https://en.msidb.org/s.php?3928,https://en.msidb.org/m.php?2271
Neelajalaashayathil,Angeekaaram,1977,Sivaranjani,AT Ummer,Bichu Thirumala,KJ Yesudas,4235,4405,https://en.msidb.org/s.php?4235,https://en.msidb.org/m.php?4405
Neelajalaashayathil,Angeekaaram,1977,Sivaranjani,AT Ummer,Bichu Thirumala,S Janaki,4237,4405,https://en.msidb.org/s.php?4237,https://en.msidb.org/m.php?4405
Pranayasarovara Theeram,Innale Innu,1977,Sivaranjani,G Devarajan,Bichu Thirumala,KJ Yesudas,4456,1268,https://en.msidb.org/s.php?4456,https://en.msidb.org/m.php?1268
Sharapanjarathinullil,Karnaparvam,1977,Sivaranjani,G Devarajan,Mankombu Gopalakrishnan,KJ Yesudas,4430,908,https://en.msidb.org/s.php?4430,https://en.msidb.org/m.php?908
Daivam Manushyanaay,Neethipeedham,1977,Sivaranjani,G Devarajan,Yusufali Kecheri,KJ Yesudas,4263,139,https://en.msidb.org/s.php?4263,https://en.msidb.org/m.php?139
Aaraadhike Aaraadhike,Oru Jaathi Oru Matham,1977,Sivaranjani,Kannur Rajan,L Babu,P Jayachandran,12595,5587,https://en.msidb.org/s.php?12595,https://en.msidb.org/m.php?5587
Kashmeera Chandrikayo,Rathimanmadhan,1977,Sivaranjani,MS Viswanathan,Pappanamkodu Lakshmanan,KJ Yesudas,4454,1806,https://en.msidb.org/s.php?4454,https://en.msidb.org/m.php?1806
Enne Nee Ariyumo,Avar Jeevikkunnu,1978,Sivaranjani,G Devarajan,Yusufali Kecheri,P Madhuri,4779,3176,https://en.msidb.org/s.php?4779,https://en.msidb.org/m.php?3176
Poomaanam,Etho Oru Swapnam,1978,Sivaranjani,Salil Chowdhary,Sreekumaran Thampi,KJ Yesudas,4875,1772,https://en.msidb.org/s.php?4875,https://en.msidb.org/m.php?1772
Maanaseshwara,Kanyaka,1978,Sivaranjani,MK Arjunan,Pappanamkodu Lakshmanan,P Susheela,4568,4079,https://en.msidb.org/s.php?4568,https://en.msidb.org/m.php?4079
Manushyanu,Njaan Njaan Maathram,1978,Sivaranjani,G Devarajan,P Bhaskaran,KJ Yesudas,4826,2063,https://en.msidb.org/s.php?4826,https://en.msidb.org/m.php?2063
Kaarum Karutha Vavum,Padmatheertham,1978,Sivaranjani,KV Mahadevan,Mankombu Gopalakrishnan,Kanhangad Ramachandran,4716,2835,https://en.msidb.org/s.php?4716,https://en.msidb.org/m.php?2835
Kaarum Karutha Vavum,Padmatheertham,1978,Sivaranjani,KV Mahadevan,Mankombu Gopalakrishnan,KJ Yesudas,189868,2835,https://en.msidb.org/s.php?189868,https://en.msidb.org/m.php?2835
Kaarum Karutha Vavum [F],Padmatheertham,1978,Sivaranjani,KV Mahadevan,Mankombu Gopalakrishnan,Ambili Rajasekharan,190207,2835,https://en.msidb.org/s.php?190207,https://en.msidb.org/m.php?2835
Hridayam devaalayam,Theruvugeetham,1979,Sivaranjani,Jaya Vijaya,Bichu Thirumala,KJ Yesudas,10841,1183,https://en.msidb.org/s.php?10841,https://en.msidb.org/m.php?1183
Karakaanaakkadal,Veerabhadran,1979,Sivaranjani,G Devarajan,LN Potti,Suryakumar,5011,545,https://en.msidb.org/s.php?5011,https://en.msidb.org/m.php?545
Sreeranjini swararaagini,Saraswatheeyaamam,1980,Sivaranjani,AT Ummer,Vellanad Narayanan,KJ Yesudas,5648,3598,https://en.msidb.org/s.php?5648,https://en.msidb.org/m.php?3598
Navarathna vilpanakkaari,Ariyappedaatha Rahasyam,1981,Sivaranjani,MK Arjunan,P Bhaskaran,KJ Yesudas,5833,1856,https://en.msidb.org/s.php?5833,https://en.msidb.org/m.php?1856
Jalaleela Jalaleela,Parankimala,1981,Sivaranjani,G Devarajan,P Bhaskaran,"KJ Yesudas, P Madhuri",5954,3197,https://en.msidb.org/s.php?5954,https://en.msidb.org/m.php?3197
Thenum Vayambum,Thenum Vayambum,1981,Sivaranjani,Raveendran,Bichu Thirumala,S Janaki,6058,2328,https://en.msidb.org/s.php?6058,https://en.msidb.org/m.php?2328
Thenum Vayambum,Thenum Vayambum,1981,Sivaranjani,Raveendran,Bichu Thirumala,KJ Yesudas,6059,2328,https://en.msidb.org/s.php?6059,https://en.msidb.org/m.php?2328
Azhakinte Mukulangale,Vazhikal Yaathrakkar,1981,Sivaranjani,Ben Surendran,RK Damodaran,S Janaki,13682,4060,https://en.msidb.org/s.php?13682,https://en.msidb.org/m.php?4060
Krishna krishna,Chambalkaadu,1982,Sivaranjani,MK Arjunan,Kollam Gopi,Ambili Rajasekharan,6251,2925,https://en.msidb.org/s.php?6251,https://en.msidb.org/m.php?2925
Ezhu Swarangalum,Chiriyo Chiri,1982,Sivaranjani,Raveendran,Bichu Thirumala,KJ Yesudas,6451,3559,https://en.msidb.org/s.php?6451,https://en.msidb.org/m.php?3559
Ithu Vareyee Kochu,Chiriyo Chiri,1982,Sivaranjani,Raveendran,Bichu Thirumala,KJ Yesudas,6453,3559,https://en.msidb.org/s.php?6453,https://en.msidb.org/m.php?3559
Anuraagam oru daham,Ente Shathrukkal (Porattam),1982,Sivaranjani,MK Arjunan,Poovachal Khader,KJ Yesudas,6230,2345,https://en.msidb.org/s.php?6230,https://en.msidb.org/m.php?2345
Varnachithrangal,Kaliman Prathimakal,1982,Sivaranjani,MK Arjunan,Poovachal Khader,KJ Yesudas,8257,5336,https://en.msidb.org/s.php?8257,https://en.msidb.org/m.php?5336
Ezhilampaalathanalil,Koritharicha Naal,1982,Sivaranjani,MK Arjunan,Chirayinkeezhu Ramakrishnan Nair,KJ Yesudas,6254,1184,https://en.msidb.org/s.php?6254,https://en.msidb.org/m.php?1184
Vilichal Kelkkaathe,Priyasakhi Raadha,1982,Sivaranjani,V Dakshinamoorthy,Sreekumaran Thampi,KJ Yesudas,6324,1875,https://en.msidb.org/s.php?6324,https://en.msidb.org/m.php?1875
Poornendu deepam,Veedu,1982,Sivaranjani,G Devarajan,Yusufali Kecheri,P Susheela,6418,3018,https://en.msidb.org/s.php?6418,https://en.msidb.org/m.php?3018
Orajnjaatha pushpam vidarnnu,Paalam,1983,Sivaranjani,AT Ummer,Poovachal Khader,"Krishnachandran, S Janaki",7503,650,https://en.msidb.org/s.php?7503,https://en.msidb.org/m.php?650
Kalichirimaaraatha Praayam,Swapname Ninakku Nandi,1983,Sivaranjani,G Devarajan,Kallayam Krishnadas,"KJ Yesudas, P Madhuri",7576,2143,https://en.msidb.org/s.php?7576,https://en.msidb.org/m.php?2143
Abhinayajeevitha,Swarnna Gopuram,1984,Sivaranjani,Johnson,SL Puram Anandakrishnan,KJ Yesudas,7310,3644,https://en.msidb.org/s.php?7310,https://en.msidb.org/m.php?3644
Vaarmani thennal,Vepraalam,1984,Sivaranjani,KV Mahadevan,Balu Kiriyath,"KJ Yesudas, P Susheela",14497,4485,https://en.msidb.org/s.php?14497,https://en.msidb.org/m.php?4485
Kadal Varna Meghame,Principal Olivil,1985,Sivaranjani,Alleppey Ranganath,Bichu Thirumala,KJ Yesudas,6609,546,https://en.msidb.org/s.php?6609,https://en.msidb.org/m.php?546
Chorayum Theeyum,Marikkunnilla Njaan,1988,Sivaranjani,Raveendran,Ezhacheri Ramachandran,"KP Brahmanandan, Chorus",8117,149,https://en.msidb.org/s.php?8117,https://en.msidb.org/m.php?149
Puzhayorathil,Adharvam,1989,Sivaranjani,Ilayaraja,ONV Kurup,KS Chithra,6915,4473,https://en.msidb.org/s.php?6915,https://en.msidb.org/m.php?4473
Hridayam kondezhuthunna,Aksharathettu,1989,Sivaranjani,Shyam,Sreekumaran Thampi,KS Chithra,6859,1115,https://en.msidb.org/s.php?6859,https://en.msidb.org/m.php?1115
Hridayam kondezhuthunna,Aksharathettu,1989,Sivaranjani,Shyam,Sreekumaran Thampi,KJ Yesudas,6860,1115,https://en.msidb.org/s.php?6860,https://en.msidb.org/m.php?1115
Saandramaam Mounathin,Laal Salaam,1990,Sivaranjani,Raveendran,ONV Kurup,KJ Yesudas,6561,3928,https://en.msidb.org/s.php?6561,https://en.msidb.org/m.php?3928
Nee vida parayumbol,Dhanam,1991,Sivaranjani,Raveendran,PK Gopi,KJ Yesudas,10598,3960,https://en.msidb.org/s.php?10598,https://en.msidb.org/m.php?3960
Sharee Meree Rajeshwaree,Gaanamela,1991,Sivaranjani,Raveendran,Sasi Chittanjoor,KJ Yesudas,10580,2309,https://en.msidb.org/s.php?10580,https://en.msidb.org/m.php?2309
Anthiveyil,Ulladakkam,1991,Sivaranjani,Ouseppachan,Kaithapram,"KJ Yesudas, Sujatha Mohan",10501,3180,https://en.msidb.org/s.php?10501,https://en.msidb.org/m.php?3180
Melle Melle Vannu [D],Apaaratha,1992,Sivaranjani,Ilayaraja,Sreekumaran Thampi,"KJ Yesudas, KS Chithra",12447,64,https://en.msidb.org/s.php?12447,https://en.msidb.org/m.php?64
Melle Melle Vannu [M],Apaaratha,1992,Sivaranjani,Ilayaraja,Sreekumaran Thampi,KJ Yesudas,11565,64,https://en.msidb.org/s.php?11565,https://en.msidb.org/m.php?64
Engunee Engunee Raadhe,College of Sex and Family Planning,1992,Sivaranjani,Raveendran,Poovachal Khader,KJ Yesudas,14272,5790,https://en.msidb.org/s.php?14272,https://en.msidb.org/m.php?5790
Minnaaminni,Butterflies,1993,Sivaranjani,Raveendran,K Jayakumar,"Unni Menon, KS Chithra",10331,1911,https://en.msidb.org/s.php?10331,https://en.msidb.org/m.php?1911
Agaadhaneela,Avan Ananthapadmanaabhan,1994,Sivaranjani,Mohan Sithara,PK Gopi,KJ Yesudas,11361,3192,https://en.msidb.org/s.php?11361,https://en.msidb.org/m.php?3192
Irulin mahaanidrayil,Daivathinte Vikrithikal,1994,Sivaranjani,Mohan Sithara,V Madhusoodanan Nair,V Madhusoodanan Nair,10455,2383,https://en.msidb.org/s.php?10455,https://en.msidb.org/m.php?2383
Onnu Thottaal,Paavam IA Ivachan,1994,Sivaranjani,Raveendran,Bichu Thirumala,"Biju Narayanan, KS Chithra",12630,2556,https://en.msidb.org/s.php?12630,https://en.msidb.org/m.php?2556
Madhumaasa Rajaniyil,Sasinaas,1995,Sivaranjani,K Raghavan,P Bhaskaran,KS Chithra,11646,2098,https://en.msidb.org/s.php?11646,https://en.msidb.org/m.php?2098
Nee Urangiyo,Hitler,1996,Sivaranjani,SP Venkitesh,Gireesh Puthenchery,KJ Yesudas,12745,2664,https://en.msidb.org/s.php?12745,https://en.msidb.org/m.php?2664
Neeyurangiyo nilave,Hitler,1996,Sivaranjani,SP Venkitesh,Gireesh Puthenchery,KS Chithra,9858,2664,https://en.msidb.org/s.php?9858,https://en.msidb.org/m.php?2664
Aalmaram chaayum neram,Kadhaanaayakan,1997,Sivaranjani,Mohan Sithara,S Ramesan Nair,KJ Yesudas,9758,4009,https://en.msidb.org/s.php?9758,https://en.msidb.org/m.php?4009
Shivaranjinee O Priyasakhee,Ingane Oru Nilaappakshi,2000,Sivaranjani,"Sanjay Salil Chowdhary, Antara Salil Chowdhary",Yusufali Kecheri,"KJ Yesudas, KS Chithra, Chorus",11956,709,https://en.msidb.org/s.php?11956,https://en.msidb.org/m.php?709
Neelanilaave,Oomapenninu Uriyadappayyan,2002,Sivaranjani,Mohan Sithara,Vinayan,KJ Yesudas,14013,1666,https://en.msidb.org/s.php?14013,https://en.msidb.org/m.php?1666
Neelanilaave (F),Oomapenninu Uriyadappayyan,2002,Sivaranjani,Mohan Sithara,Vinayan,Sujatha Mohan,8910,1666,https://en.msidb.org/s.php?8910,https://en.msidb.org/m.php?1666
Chandanamalla,Pranayamanithooval,2002,Sivaranjani,Mohan Sithara,Kaithapram,"KJ Yesudas, Asha G Menon",8888,3940,https://en.msidb.org/s.php?8888,https://en.msidb.org/m.php?3940
Chandanamalla [M],Pranayamanithooval,2002,Sivaranjani,Mohan Sithara,Kaithapram,KJ Yesudas,16550,3940,https://en.msidb.org/s.php?16550,https://en.msidb.org/m.php?3940
Pookkumbil,Cheri,2003,Sivaranjani,Raveendran,Gireesh Puthenchery,Panthalam Balan,8822,2823,https://en.msidb.org/s.php?8822,https://en.msidb.org/m.php?2823
Yaathrayaay,Agninakshathram,2004,Sivaranjani,Raveendran,Shibu Chakravarthy,KJ Yesudas,8673,5326,https://en.msidb.org/s.php?8673,https://en.msidb.org/m.php?5326
Varnamayil,Vajram,2004,Sivaranjani,Ouseppachan,Shibu Chakravarthy,"Dr Fahad Mohamad, Sujatha Mohan",15928,4047,https://en.msidb.org/s.php?15928,https://en.msidb.org/m.php?4047
Chandira chandira,Banglaavil Outha,2005,Sivaranjani,M Jayachandran,Beeyar Prasad,"Mano, Alex Kayyalakkal",8357,4158,https://en.msidb.org/s.php?8357,https://en.msidb.org/m.php?4158
Pokaathe kariyilakatte,Raappakal,2005,Sivaranjani,Mohan Sithara,Kaithapram,Afsal,10975,4332,https://en.msidb.org/s.php?10975,https://en.msidb.org/m.php?4332
Ponnaavani paadam thedi,Rasathanthram,2006,Sivaranjani,Ilayaraja,Gireesh Puthenchery,"Madhu Balakrishnan, Manjari",11176,3448,https://en.msidb.org/s.php?11176,https://en.msidb.org/m.php?3448
Karakaanakkadalil,Anaamika,2007,Sivaranjani,MK Arjunan,"Jiji Thomson, KL Sreekrishnadas",P Jayachandran,13784,5977,https://en.msidb.org/s.php?13784,https://en.msidb.org/m.php?5977
Parayu Prabhaathame,Pranayakaalam,2007,Sivaranjani,Ouseppachan,Rafeeq Ahamed,Gayathri Ashokan,13797,5982,https://en.msidb.org/s.php?13797,https://en.msidb.org/m.php?5982
Dehamaakum,Naadabrahmam,2011,Sivaranjani,Mohan Sithara,Yusufali Kecheri,Sankaran Namboothiri,193352,6967,https://en.msidb.org/s.php?193352,https://en.msidb.org/m.php?6967
Ammaayi Appanu,Kalithozhan,1966,Sourashtram,G Devarajan,P Bhaskaran,AL Raghavan,627,1134,https://en.msidb.org/s.php?627,https://en.msidb.org/m.php?1134
Chaarumukheeyusha mandam,Chenda,1973,Sourashtram,G Devarajan,P Bhaskaran,KJ Yesudas,2971,2099,https://en.msidb.org/s.php?2971,https://en.msidb.org/m.php?2099
Sree Ganapathy,Sree Thyagaraja,1981,Sourashtram,KV Mahadevan,Traditional (Thyagaraja),SP Balasubrahmanyam,5459,3020,https://en.msidb.org/s.php?5459,https://en.msidb.org/m.php?3020
Maninaagathanmare,Ente Graamam,1984,Sourashtram,Vidyadharan,Sreemoolanagaram Vijayan,"KJ Yesudas, Ambili Rajasekharan",7359,4204,https://en.msidb.org/s.php?7359,https://en.msidb.org/m.php?4204
Sree Ganapathini,Raakkuyilin Raagasadassil,1986,Sourashtram,MG Radhakrishnan,Traditional (Thyagaraja),"MG Sreekumar, Chorus",16565,3047,https://en.msidb.org/s.php?16565,https://en.msidb.org/m.php?3047
Manassilunaroo,Marunaattil Oru Malayaali,1971,Sreeranjini,V Dakshinamoorthy,Sreekumaran Thampi,"KJ Yesudas, S Janaki",2553,1385,https://en.msidb.org/s.php?2553,https://en.msidb.org/m.php?1385
Anuraaga narthanathin,Sapthaswarangal,1974,Sreeranjini,V Dakshinamoorthy,Sreekumaran Thampi,S Janaki,3410,798,https://en.msidb.org/s.php?3410,https://en.msidb.org/m.php?798
Kanmani Oruvan,Digvijayam,1980,Sreeranjini,G Devarajan,P Bhaskaran,KJ Yesudas,5674,3186,https://en.msidb.org/s.php?5674,https://en.msidb.org/m.php?3186
Thaazhampookkal Thedum,Kandu Kandarinju,1985,Sreeranjini,Shyam,Chunakkara Ramankutty,Unni Menon,6840,4107,https://en.msidb.org/s.php?6840,https://en.msidb.org/m.php?4107
Swararaagame,Raakkuyilin Raagasadassil,1986,Sreeranjini,MG Radhakrishnan,S Ramesan Nair,MG Sreekumar,7720,3047,https://en.msidb.org/s.php?7720,https://en.msidb.org/m.php?3047
Brahma Sangeethame,Kannezhuthi Pottu Thottu,1989,Sreeranjini,Alleppey Ranganath,Mariamma Philip,Balagopalan Thampi,15235,6084,https://en.msidb.org/s.php?15235,https://en.msidb.org/m.php?6084
Enteyee poonkudil,Nammude Naadu,1990,Sreeranjini,Vidyadharan,ONV Kurup,KJ Yesudas,5388,1275,https://en.msidb.org/s.php?5388,https://en.msidb.org/m.php?1275
Naamavum roopavum,Aalavattam,1993,Sreeranjini,Mohan Sithara,Kaithapram,"S Janaki, Chorus",10354,322,https://en.msidb.org/s.php?10354,https://en.msidb.org/m.php?322
Soga Suga Mrudanga Thaalamu,Sopaanam,1994,Sreeranjini,SP Venkitesh,Traditional (Thyagaraja),"KJ Yesudas, KS Chithra, Manju Menon",12220,4602,https://en.msidb.org/s.php?12220,https://en.msidb.org/m.php?4602
Chinthamane,Aalancheri Thambraakkal,1995,Sreeranjini,Perumbavoor G Ravindranath,Gireesh Puthenchery,MG Sreekumar,11632,1596,https://en.msidb.org/s.php?11632,https://en.msidb.org/m.php?1596
Urvashi nee oru,Agrajan,1995,Sreeranjini,G Devarajan,ONV Kurup,KJ Yesudas,10030,315,https://en.msidb.org/s.php?10030,https://en.msidb.org/m.php?315
Onnu Thottene Ninne,Sradha,2000,Sreeranjini,Bharadhwaj,Gireesh Puthenchery,MG Sreekumar,190942,376,https://en.msidb.org/s.php?190942,https://en.msidb.org/m.php?376
Karivalayo Changaathi [D],5 Fingers,2005,Sreeranjini,Benny Johnson,Sachithanandan Puzhangara,"KJ Yesudas, Sujatha Mohan",15819,587,https://en.msidb.org/s.php?15819,https://en.msidb.org/m.php?587
Karivalayo Changaathi [F],5 Fingers,2005,Sreeranjini,Benny Johnson,Sachithanandan Puzhangara,Sujatha Mohan,8400,587,https://en.msidb.org/s.php?8400,https://en.msidb.org/m.php?587
Vasantha Nilave,Sooryan,2007,Sreeranjini,Ilayaraja,Gireesh Puthenchery,Madhu Balakrishnan,14119,6016,https://en.msidb.org/s.php?14119,https://en.msidb.org/m.php?6016
Swaga Suga Mridanga Thaalamu,Neeranjanam,2012,Sreeranjini,Kuzhalmannam Ramakrishnan,Traditional (Thyagaraja),Sankaran Namboothiri,17931,7204,https://en.msidb.org/s.php?17931,https://en.msidb.org/m.php?7204
Kasavu Njoriyumoru Pulari,Udaaharanam Sujatha,2017,Sreeranjini,Gopi Sundar,D Santhosh,Gayathri Varma,1955942,8513,https://en.msidb.org/s.php?1955942,https://en.msidb.org/m.php?8513
Thaazhuvathenthe,Karuna,1966,Subha Panthuvarali,G Devarajan,ONV Kurup,Kamukara Purushothaman,772,2903,https://en.msidb.org/s.php?772,https://en.msidb.org/m.php?2903
Hridayathinoru Vaathil,Poonthenaruvi,1974,Subha Panthuvarali,MK Arjunan,Sreekumaran Thampi,KJ Yesudas,3299,2241,https://en.msidb.org/s.php?3299,https://en.msidb.org/m.php?2241
Manipravaala,Maanishaada,1975,Subha Panthuvarali,G Devarajan,Vayalar Ramavarma,KJ Yesudas,3496,4715,https://en.msidb.org/s.php?3496,https://en.msidb.org/m.php?4715
Hridayathin Romaancham,Utharayanam,1975,Subha Panthuvarali,K Raghavan,G Kumarapilla,KJ Yesudas,3551,1962,https://en.msidb.org/s.php?3551,https://en.msidb.org/m.php?1962
Swarna Yavanikaykkullile,Innale Innu,1977,Subha Panthuvarali,G Devarajan,Chirayinkeezhu Ramakrishnan Nair,KJ Yesudas,4459,1268,https://en.msidb.org/s.php?4459,https://en.msidb.org/m.php?1268
Madhava Radha Madhava,Karnan,1978,Subha Panthuvarali,V Dakshinamoorthy,Panicker Varappuzha,"KJ Yesudas, Chorus",13127,5608,https://en.msidb.org/s.php?13127,https://en.msidb.org/m.php?5608
Viswa mahaa kshethra sannidhi,Idavazhiyile Poocha Mindappoocha,1979,Subha Panthuvarali,MB Sreenivasan,Yusufali Kecheri,S Janaki,5198,4895,https://en.msidb.org/s.php?5198,https://en.msidb.org/m.php?4895
Raamayanathile dukham,Kaayalum Kayarum,1979,Subha Panthuvarali,KV Mahadevan,Poovachal Khader,NV Haridas,5173,1738,https://en.msidb.org/s.php?5173,https://en.msidb.org/m.php?1738
Mouname,Thakara,1979,Subha Panthuvarali,MG Radhakrishnan,Poovachal Khader,S Janaki,5249,243,https://en.msidb.org/s.php?5249,https://en.msidb.org/m.php?243
Panchaayathu Vilakkananju,Arikkaari Ammu,1981,Subha Panthuvarali,V Dakshinamoorthy,Sreekumaran Thampi,KJ Yesudas,5882,3084,https://en.msidb.org/s.php?5882,https://en.msidb.org/m.php?3084
Annante Hridayamallo,Ellam Ninakku Vendi,1981,Subha Panthuvarali,V Dakshinamoorthy,Sreekumaran Thampi,"Vani Jairam, Chorus",5924,2924,https://en.msidb.org/s.php?5924,https://en.msidb.org/m.php?2924
Kolilakkam,Kolilakkam,1981,Subha Panthuvarali,MS Viswanathan,Bichu Thirumala,S Janaki,5851,3746,https://en.msidb.org/s.php?5851,https://en.msidb.org/m.php?3746
Bhoopaalam paadaatha,Aagraham,1984,Subha Panthuvarali,AT Ummer,Poovachal Khader,KJ Yesudas,7275,4563,https://en.msidb.org/s.php?7275,https://en.msidb.org/m.php?4563
Maayanagaram,Vaiki Odunna Vandi,1987,Subha Panthuvarali,Raveendran,Ezhacheri Ramachandran,KJ Yesudas,7103,2251,https://en.msidb.org/s.php?7103,https://en.msidb.org/m.php?2251
Ambilikkalayum,Adharvam,1989,Subha Panthuvarali,Ilayaraja,ONV Kurup,KS Chithra,6914,4473,https://en.msidb.org/s.php?6914,https://en.msidb.org/m.php?4473
Raamakadha Gaanalayam,Bharatham,1991,Subha Panthuvarali,Raveendran,Kaithapram,KJ Yesudas,10609,2576,https://en.msidb.org/s.php?10609,https://en.msidb.org/m.php?2576
Nandakishora,Ekalavyan,1993,Subha Panthuvarali,Rajamani,Gireesh Puthenchery,KS Chithra,10303,284,https://en.msidb.org/s.php?10303,https://en.msidb.org/m.php?284
Prapancham,Paadheyam,1993,Subha Panthuvarali,Bombay Ravi,Kaithapram,KJ Yesudas,11586,3068,https://en.msidb.org/s.php?11586,https://en.msidb.org/m.php?3068
Parayoo Nin [F],Pavithram,1994,Subha Panthuvarali,Sharreth,ONV Kurup,KS Chithra,12631,4110,https://en.msidb.org/s.php?12631,https://en.msidb.org/m.php?4110
Parayoo Nin [M],Pavithram,1994,Subha Panthuvarali,Sharreth,ONV Kurup,KJ Yesudas,10119,4110,https://en.msidb.org/s.php?10119,https://en.msidb.org/m.php?4110
Kanakaabhilaashangal,Innalekalillaathe,1997,Subha Panthuvarali,Rex Issac,Kaithapram,KJ Yesudas,13541,257,https://en.msidb.org/s.php?13541,https://en.msidb.org/m.php?257
Broohi Krishna Ghana Shyama,Ingane Oru Nilaappakshi,2000,Subha Panthuvarali,"Sanjay Salil Chowdhary, Antara Salil Chowdhary",Yusufali Kecheri,KS Chithra,11959,709,https://en.msidb.org/s.php?11959,https://en.msidb.org/m.php?709
Shivakaradhamarukalayamaay Naadam,Kochu Kochu Santhoshangal,2000,Subha Panthuvarali,Ilayaraja,Kaithapram,"KS Chithra, Gayathri Ashokan",9322,1768,https://en.msidb.org/s.php?9322,https://en.msidb.org/m.php?1768
Mama Maanasa,Aayilyam Naalil,2001,Subha Panthuvarali,Kaithapram,Kaithapram,KJ Yesudas,12057,1404,https://en.msidb.org/s.php?12057,https://en.msidb.org/m.php?1404
Pravukal,Akale,2004,Subha Panthuvarali,M Jayachandran,Gireesh Puthenchery,Chinmayi Sripada,8667,3710,https://en.msidb.org/s.php?8667,https://en.msidb.org/m.php?3710
Kukku kukku,Alice In Wonderland,2005,Subha Panthuvarali,Vidyasagar,Gireesh Puthenchery,V Devanand,8390,3251,https://en.msidb.org/s.php?8390,https://en.msidb.org/m.php?3251
Achanurangaatha veedu,Achanurangaatha veedu,2006,Subha Panthuvarali,Alex Paul,Sarath Vayalar,Sujatha Mohan,8397,2882,https://en.msidb.org/s.php?8397,https://en.msidb.org/m.php?2882
Manassinte,Ore Kadal,2007,Subha Panthuvarali,Ouseppachan,Gireesh Puthenchery,"G Venugopal, Sujatha Mohan",14197,6024,https://en.msidb.org/s.php?14197,https://en.msidb.org/m.php?6024
Nagaram,Ore Kadal,2007,Subha Panthuvarali,Ouseppachan,Gireesh Puthenchery,"Vineeth Sreenivasan, Mammootty",14194,6024,https://en.msidb.org/s.php?14194,https://en.msidb.org/m.php?6024
Oru Kadalaay,Ore Kadal,2007,Subha Panthuvarali,Ouseppachan,Gireesh Puthenchery,Naveen Nair,14196,6024,https://en.msidb.org/s.php?14196,https://en.msidb.org/m.php?6024
Pranaya Sandhya,Ore Kadal,2007,Subha Panthuvarali,Ouseppachan,Gireesh Puthenchery,Bombay Jayashri,14198,6024,https://en.msidb.org/s.php?14198,https://en.msidb.org/m.php?6024
Yamuna,Ore Kadal,2007,Subha Panthuvarali,Ouseppachan,Gireesh Puthenchery,Shweta Mohan,14195,6024,https://en.msidb.org/s.php?14195,https://en.msidb.org/m.php?6024
Yamuna,Ore Kadal,2007,Subha Panthuvarali,Ouseppachan,Gireesh Puthenchery,Ouseppachan,14199,6024,https://en.msidb.org/s.php?14199,https://en.msidb.org/m.php?6024
Ee Marachillayil,Kousthubham,2008,Subha Panthuvarali,Anil Pongummoodu,Sanjeev Kilikulam,KS Chithra,18935,6255,https://en.msidb.org/s.php?18935,https://en.msidb.org/m.php?6255
Pranathosmi,Naadabrahmam,2011,Subha Panthuvarali,Mohan Sithara,Yusufali Kecheri,KJ Yesudas,193347,6967,https://en.msidb.org/s.php?193347,https://en.msidb.org/m.php?6967
Ramabhakthi Samrajyam,Sree Thyagaraja,1981,Sudha Bangala,KV Mahadevan,Traditional (Thyagaraja),SP Balasubrahmanyam,5563,3020,https://en.msidb.org/s.php?5563,https://en.msidb.org/m.php?3020
Sreevaikundha Vaasa,Prahlaada,1941,Sudha Dhanyasi,Vidwan VS Parthasarathy Ayyankar,K Madhava Warrier,-,2122,181,https://en.msidb.org/s.php?2122,https://en.msidb.org/m.php?181
Maanathulloru,Moodupadam,1963,Sudha Dhanyasi,MS Baburaj,P Bhaskaran,Latha Raju,211,2158,https://en.msidb.org/s.php?211,https://en.msidb.org/m.php?2158
Aakashathin Mahimaave,Snaapaka Yohannaan,1963,Sudha Dhanyasi,Br Lakshmanan,Thirunayinaarkurichi Madhavan Nair,P Leela,207,3639,https://en.msidb.org/s.php?207,https://en.msidb.org/m.php?3639
Karutha Penne,Anna,1964,Sudha Dhanyasi,G Devarajan,Vayalar Ramavarma,KJ Yesudas,301,3268,https://en.msidb.org/s.php?301,https://en.msidb.org/m.php?3268
Aambalppoove,Kaavaalam Chundan,1967,Sudha Dhanyasi,G Devarajan,Vayalar Ramavarma,"KJ Yesudas, Chorus",1001,3288,https://en.msidb.org/s.php?1001,https://en.msidb.org/m.php?3288
Valkkalamooriya,Sheelaavathi,1967,Sudha Dhanyasi,G Devarajan,P Bhaskaran,"KJ Yesudas, P Susheela",860,3136,https://en.msidb.org/s.php?860,https://en.msidb.org/m.php?3136
Ponkinaavin,Karutha Pournami,1968,Sudha Dhanyasi,MK Arjunan,P Bhaskaran,KJ Yesudas,1059,5009,https://en.msidb.org/s.php?1059,https://en.msidb.org/m.php?5009
Villum Sharavum,Viplavakaarikal,1968,Sudha Dhanyasi,G Devarajan,Vayalar Ramavarma,Kamukara Purushothaman,1041,3406,https://en.msidb.org/s.php?1041,https://en.msidb.org/m.php?3406
Naada Brahmathin Saagaram,Kaattukurangu,1969,Sudha Dhanyasi,G Devarajan,P Bhaskaran,KJ Yesudas,1246,1083,https://en.msidb.org/s.php?1246,https://en.msidb.org/m.php?1083
Priyasakhi Gange,Kumaarasambhavam,1969,Sudha Dhanyasi,G Devarajan,ONV Kurup,P Madhuri,1398,557,https://en.msidb.org/s.php?1398,https://en.msidb.org/m.php?557
Priyasakhi Gange (Movie Version),Kumaarasambhavam,1969,Sudha Dhanyasi,G Devarajan,ONV Kurup,P Madhuri,17606,557,https://en.msidb.org/s.php?17606,https://en.msidb.org/m.php?557
Chandranudikkunna Dikkil,Othenante Makan,1970,Sudha Dhanyasi,G Devarajan,Vayalar Ramavarma,"KJ Yesudas, B Vasantha",2312,2354,https://en.msidb.org/s.php?2312,https://en.msidb.org/m.php?2354
Sangamam Sangamam (Pathos),Thriveni,1970,Sudha Dhanyasi,G Devarajan,Vayalar Ramavarma,KJ Yesudas,2374,1789,https://en.msidb.org/s.php?2374,https://en.msidb.org/m.php?1789
Venna tholkkumudalode,Oru Sundariyude Kadha,1972,Sudha Dhanyasi,G Devarajan,Vayalar Ramavarma,KJ Yesudas,2752,3386,https://en.msidb.org/s.php?2752,https://en.msidb.org/m.php?3386
Mallikabaanan thante,Achaani,1973,Sudha Dhanyasi,G Devarajan,P Bhaskaran,"P Jayachandran, P Madhuri",3013,3484,https://en.msidb.org/s.php?3013,https://en.msidb.org/m.php?3484
Muthukilungi Manimuthu Kilungi,Ajnaathavasam,1973,Sudha Dhanyasi,MK Arjunan,Sreekumaran Thampi,P Jayachandran,2891,447,https://en.msidb.org/s.php?2891,https://en.msidb.org/m.php?447
Shivashambho Shambho [Naranaayingane],Kaliyugam,1973,Sudha Dhanyasi,G Devarajan,Traditional,P Madhuri,2952,4241,https://en.msidb.org/s.php?2952,https://en.msidb.org/m.php?4241
Maanathu Kannikal,Maadhavikkutty,1973,Sudha Dhanyasi,G Devarajan,Vayalar Ramavarma,P Jayachandran,3163,4791,https://en.msidb.org/s.php?3163,https://en.msidb.org/m.php?4791
Prathimakal,Paavangal Pennungal,1973,Sudha Dhanyasi,G Devarajan,Vayalar Ramavarma,"P Jayachandran, P Madhuri",3060,3978,https://en.msidb.org/s.php?3060,https://en.msidb.org/m.php?3978
Rathnaraagamunarnna,Yaamini,1973,Sudha Dhanyasi,MK Arjunan,Kanam EJ,KJ Yesudas,3136,2877,https://en.msidb.org/s.php?3136,https://en.msidb.org/m.php?2877
Mandasameeranil,Chattakkaari,1974,Sudha Dhanyasi,G Devarajan,Vayalar Ramavarma,KJ Yesudas,3310,2529,https://en.msidb.org/s.php?3310,https://en.msidb.org/m.php?2529
Kasthoori Gandhikal (Om Namo Narayananaya),Sethubandhanam,1974,Sudha Dhanyasi,G Devarajan,Sreekumaran Thampi,"KJ Yesudas, P Madhuri, Ayiroor Sadasivan",3295,895,https://en.msidb.org/s.php?3295,https://en.msidb.org/m.php?895
Munkopakkaari,Sethubandhanam,1974,Sudha Dhanyasi,G Devarajan,Sreekumaran Thampi,KJ Yesudas,3292,895,https://en.msidb.org/s.php?3292,https://en.msidb.org/m.php?895
Pushpadalangalaal,Vishnuvijayam,1974,Sudha Dhanyasi,G Devarajan,Vayalar Ramavarma,KJ Yesudas,3413,370,https://en.msidb.org/s.php?3413,https://en.msidb.org/m.php?370
Chandanacholapoothu,Chalanam,1975,Sudha Dhanyasi,G Devarajan,Vayalar Ramavarma,"P Madhuri, Chorus",3463,2457,https://en.msidb.org/s.php?3463,https://en.msidb.org/m.php?2457
Manassoru Swapnakhani,Dharmakshethre Kurukshethre,1975,Sudha Dhanyasi,MS Viswanathan,Vayalar Ramavarma,"KJ Yesudas, S Janaki",3683,2685,https://en.msidb.org/s.php?3683,https://en.msidb.org/m.php?2685
Kailaasa Shailaadhi,Swaami Ayyappan,1975,Sudha Dhanyasi,G Devarajan,Vayalar Ramavarma,"N Sreekanth, P Leela",3673,213,https://en.msidb.org/s.php?3673,https://en.msidb.org/m.php?213
Swarna Kodimarathil,Swaami Ayyappan,1975,Sudha Dhanyasi,G Devarajan,Sreekumaran Thampi,"P Jayachandran, N Sreekanth, P Madhuri, Chorus",3679,213,https://en.msidb.org/s.php?3679,https://en.msidb.org/m.php?213
Ragadevatha Deepam,Amma,1976,Sudha Dhanyasi,MK Arjunan,Sreekumaran Thampi,KJ Yesudas,3798,5323,https://en.msidb.org/s.php?3798,https://en.msidb.org/m.php?5323
Vaakappoomaram,Anubhavam,1976,Sudha Dhanyasi,AT Ummer,Bichu Thirumala,KJ Yesudas,3914,4281,https://en.msidb.org/s.php?3914,https://en.msidb.org/m.php?4281
Chandramouli,Theekkanal,1976,Sudha Dhanyasi,KJ Yesudas,Vayalar Ramavarma,KJ Yesudas,3865,472,https://en.msidb.org/s.php?3865,https://en.msidb.org/m.php?472
Pavizhapponmala Padavile Kaavil,Lakshmi,1977,Sudha Dhanyasi,G Devarajan,Sreekumaran Thampi,"KJ Yesudas, P Madhuri",4270,2355,https://en.msidb.org/s.php?4270,https://en.msidb.org/m.php?2355
Enikkippol Paadanam,Madhuraswapnam,1977,Sudha Dhanyasi,MK Arjunan,Sreekumaran Thampi,"Jolly Abraham, LR Anjali, Chorus",4154,3742,https://en.msidb.org/s.php?4154,https://en.msidb.org/m.php?3742
Aashaadham,Sathyavaan Saavithri,1977,Sudha Dhanyasi,G Devarajan,Sreekumaran Thampi,KJ Yesudas,4385,710,https://en.msidb.org/s.php?4385,https://en.msidb.org/m.php?710
Sooryanamaskaram,Adavukal Pathinettu,1978,Sudha Dhanyasi,AT Ummer,Bichu Thirumala,S Janaki,4689,797,https://en.msidb.org/s.php?4689,https://en.msidb.org/m.php?797
Orikkalorikkal,Aval Kanda Lokam,1978,Sudha Dhanyasi,MK Arjunan,Sreekumaran Thampi,Vani Jairam,4950,4562,https://en.msidb.org/s.php?4950,https://en.msidb.org/m.php?4562
Poovukalude Bharathanatyam,Ee Manoharatheeram,1978,Sudha Dhanyasi,G Devarajan,Bichu Thirumala,P Madhuri,4547,4326,https://en.msidb.org/s.php?4547,https://en.msidb.org/m.php?4326
Akkare Akkareyakkareyallo,Kadathanaattu Maakkam,1978,Sudha Dhanyasi,G Devarajan,P Bhaskaran,KJ Yesudas,4621,1420,https://en.msidb.org/s.php?4621,https://en.msidb.org/m.php?1420
Maanathe Pookkadamukkil,Njaan Njaan Maathram,1978,Sudha Dhanyasi,G Devarajan,P Bhaskaran,"KJ Yesudas, P Madhuri",4824,2063,https://en.msidb.org/s.php?4824,https://en.msidb.org/m.php?2063
Vaadiya Maruvil,Vilakkum Velichavum,1978,Sudha Dhanyasi,G Devarajan,P Bhaskaran,KJ Yesudas,4768,795,https://en.msidb.org/s.php?4768,https://en.msidb.org/m.php?795
Pramadavanathil Rithumathippoo,Irumbazhikal,1979,Sudha Dhanyasi,MK Arjunan,RK Damodaran,S Janaki,5072,4556,https://en.msidb.org/s.php?5072,https://en.msidb.org/m.php?4556
Chithirathoniyil,Kaayalum Kayarum,1979,Sudha Dhanyasi,KV Mahadevan,Poovachal Khader,KJ Yesudas,5169,1738,https://en.msidb.org/s.php?5169,https://en.msidb.org/m.php?1738
Mandaarappoonkaatte,Paalaattu Kunjikkannan,1980,Sudha Dhanyasi,G Devarajan,Yusufali Kecheri,"P Susheela, P Madhuri, Chorus",5689,772,https://en.msidb.org/s.php?5689,https://en.msidb.org/m.php?772
Ente Pularkaalam,Garjanam,1981,Sudha Dhanyasi,Ilayaraja,Sreekumaran Thampi,"P Jayachandran, S Janaki",5969,1364,https://en.msidb.org/s.php?5969,https://en.msidb.org/m.php?1364
Dhanya Nimishame,Nidra,1981,Sudha Dhanyasi,G Devarajan,Yusufali Kecheri,KJ Yesudas,5874,1407,https://en.msidb.org/s.php?5874,https://en.msidb.org/m.php?1407
Poonthaliraadi,Panineerppookkal,1981,Sudha Dhanyasi,Ilayaraja,Mankombu Gopalakrishnan,"KJ Yesudas, S Janaki, Chorus",10820,4992,https://en.msidb.org/s.php?10820,https://en.msidb.org/m.php?4992
Jalaleela Jalaleela,Parankimala,1981,Sudha Dhanyasi,G Devarajan,P Bhaskaran,"KJ Yesudas, P Madhuri",5954,3197,https://en.msidb.org/s.php?5954,https://en.msidb.org/m.php?3197
Raajeevam Vidarum Nin Mizhikal,Belt Mathai,1983,Sudha Dhanyasi,Raveendran,Poovachal Khader,KJ Yesudas,7605,846,https://en.msidb.org/s.php?7605,https://en.msidb.org/m.php?846
Graampoo manam thookum kaatte,Kattaruvi,1983,Sudha Dhanyasi,G Devarajan,AP Gopalan,"P Jayachandran, P Madhuri",7538,1732,https://en.msidb.org/s.php?7538,https://en.msidb.org/m.php?1732
Manassum Manassum,Avidatheppole Ivideyum,1985,Sudha Dhanyasi,MK Arjunan,P Bhaskaran,KJ Yesudas,6586,1949,https://en.msidb.org/s.php?6586,https://en.msidb.org/m.php?1949
Devadoothar,Kaathodu Kaathoram,1985,Sudha Dhanyasi,Ouseppachan,ONV Kurup,"KJ Yesudas, N Lathika, Krishnachandran, Radhika Varasyar",6826,105,https://en.msidb.org/s.php?6826,https://en.msidb.org/m.php?105
Devadoothar Paadi [Record],Kaathodu Kaathoram,1985,Sudha Dhanyasi,Ouseppachan,ONV Kurup,"KJ Yesudas, N Lathika, Chorus",1956014,105,https://en.msidb.org/s.php?1956014,https://en.msidb.org/m.php?105
Thaarum thalirum,Chilambu,1986,Sudha Dhanyasi,Ouseppachan,Bharathan,"KJ Yesudas, N Lathika",7844,2093,https://en.msidb.org/s.php?7844,https://en.msidb.org/m.php?2093
Kevala marthya,Nakhakshathangal,1986,Sudha Dhanyasi,Bombay Ravi,ONV Kurup,P Jayachandran,7853,4200,https://en.msidb.org/s.php?7853,https://en.msidb.org/m.php?4200
Aa raathri,Panchaagni,1986,Sudha Dhanyasi,Bombay Ravi,ONV Kurup,KS Chithra,7928,1046,https://en.msidb.org/s.php?7928,https://en.msidb.org/m.php?1046
Saagarangale,Panchaagni,1986,Sudha Dhanyasi,Bombay Ravi,ONV Kurup,KJ Yesudas,7929,1046,https://en.msidb.org/s.php?7929,https://en.msidb.org/m.php?1046
Ente Vinnil Vidarum,Aankiliyude Thaarattu,1987,Sudha Dhanyasi,Shyam,Poovachal Khader,"KJ Yesudas, KS Chithra",7142,4287,https://en.msidb.org/s.php?7142,https://en.msidb.org/m.php?4287
Melle Melle,Oru Minna Minunginte Nurungu Vettam,1987,Sudha Dhanyasi,Johnson,ONV Kurup,KJ Yesudas,7163,299,https://en.msidb.org/s.php?7163,https://en.msidb.org/m.php?299
Kaarmukilin,Ponnu,1987,Sudha Dhanyasi,Ouseppachan,P Bhaskaran,KJ Yesudas,7150,3418,https://en.msidb.org/s.php?7150,https://en.msidb.org/m.php?3418
Kaalathe njan kani kandu,Veruthe Nuna Parayaruthu,1987,Sudha Dhanyasi,Vidyadharan,P Bhaskaran,"Thrissur Mani, KS Chithra",9811,4190,https://en.msidb.org/s.php?9811,https://en.msidb.org/m.php?4190
Aaru Nee Envazhiyorathu Nilkunna,Aakaashapparavakal,1988,Sudha Dhanyasi,Vidyadharan,ONV Kurup,KJ Yesudas,6394,5083,https://en.msidb.org/s.php?6394,https://en.msidb.org/m.php?5083
Raappadithan,Daisy,1988,Sudha Dhanyasi,Shyam,P Bhaskaran,KS Chithra,8100,537,https://en.msidb.org/s.php?8100,https://en.msidb.org/m.php?537
Dum dum dum dundubhinaadam,Vaishali,1988,Sudha Dhanyasi,Bombay Ravi,ONV Kurup,"Dinesh, N Lathika, Chorus",8184,3340,https://en.msidb.org/s.php?8184,https://en.msidb.org/m.php?3340
Shyaamameghame Nee,Adhipan,1989,Sudha Dhanyasi,Shyam,Chunakkara Ramankutty,KS Chithra,6984,1884,https://en.msidb.org/s.php?6984,https://en.msidb.org/m.php?1884
Mandaaracheppundo,Dasaratham,1989,Sudha Dhanyasi,Johnson,Poovachal Khader,"MG Sreekumar, KS Chithra",6986,3036,https://en.msidb.org/s.php?6986,https://en.msidb.org/m.php?3036
Mattichaaru Manakkinu,Malayathippennu,1989,Sudha Dhanyasi,KP Brahmanandan,Vayanar Vallabhan,"Unni Menon, KS Chithra",6997,2674,https://en.msidb.org/s.php?6997,https://en.msidb.org/m.php?2674
Ariyaatha doorathilenguninno,Oru Saayahnathinte Swapnam,1989,Sudha Dhanyasi,Ouseppachan,ONV Kurup,KS Chithra,6973,461,https://en.msidb.org/s.php?6973,https://en.msidb.org/m.php?461
Ariyaatha doorathilenguninno,Oru Saayahnathinte Swapnam,1989,Sudha Dhanyasi,Ouseppachan,ONV Kurup,"MG Sreekumar, KS Chithra",13138,461,https://en.msidb.org/s.php?13138,https://en.msidb.org/m.php?461
Nilaavum kinaavum,Oru Saayahnathinte Swapnam,1989,Sudha Dhanyasi,Ouseppachan,ONV Kurup,MG Sreekumar,6975,461,https://en.msidb.org/s.php?6975,https://en.msidb.org/m.php?461
Thaam thakathakida dhim,Kshanakkathu,1990,Sudha Dhanyasi,Sharreth,Kaithapram,KJ Yesudas,5406,4915,https://en.msidb.org/s.php?5406,https://en.msidb.org/m.php?4915
Swargangal Swapnangal Kaanum,Malooty,1990,Sudha Dhanyasi,Johnson,Pazhavila Ramesan,"G Venugopal, Sujatha Mohan",5517,487,https://en.msidb.org/s.php?5517,https://en.msidb.org/m.php?487
Mizhiyilenthe,Shubhayaathra,1990,Sudha Dhanyasi,Johnson,PK Gopi,"G Venugopal, KS Chithra",5432,885,https://en.msidb.org/s.php?5432,https://en.msidb.org/m.php?885
Mukile,Bhoomika,1991,Sudha Dhanyasi,Raveendran,PK Gopi,"KJ Yesudas, KS Chithra, Chorus",10601,192,https://en.msidb.org/s.php?10601,https://en.msidb.org/m.php?192
Souparnikaamritha,Kizhakkunarum Pakshi,1991,Sudha Dhanyasi,Raveendran,K Jayakumar,KJ Yesudas,10543,3127,https://en.msidb.org/s.php?10543,https://en.msidb.org/m.php?3127
Souparnikamritha,Kizhakkunarum Pakshi,1991,Sudha Dhanyasi,Raveendran,K Jayakumar,Minmini Joy,12312,3127,https://en.msidb.org/s.php?12312,https://en.msidb.org/m.php?3127
Etho kilinaadamen karalil,Mahassar,1991,Sudha Dhanyasi,Raveendran,Hari Kudappanakkunnu,KJ Yesudas,10541,1983,https://en.msidb.org/s.php?10541,https://en.msidb.org/m.php?1983
Nanni aarodu njan,Aham,1992,Sudha Dhanyasi,Raveendran,Konniyoor Bhas,KJ Yesudas,10478,5170,https://en.msidb.org/s.php?10478,https://en.msidb.org/m.php?5170
Ennumoru pournamiye,Mahaanagaram,1992,Sudha Dhanyasi,Johnson,ONV Kurup,KS Chithra,10416,1514,https://en.msidb.org/s.php?10416,https://en.msidb.org/m.php?1514
Pravahame,Sargam,1992,Sudha Dhanyasi,Bombay Ravi,Yusufali Kecheri,"KJ Yesudas, Chorus",10382,3494,https://en.msidb.org/s.php?10382,https://en.msidb.org/m.php?3494
Swapnam Nirangal,Shaanthi Nilayam,1992,Sudha Dhanyasi,Bombay S Kamal,Mudavanmugal Vasantha Kumari,"KJ Yesudas, KS Chithra",12288,5752,https://en.msidb.org/s.php?12288,https://en.msidb.org/m.php?5752
Mozhiyazhakum,Kalippaattam,1993,Sudha Dhanyasi,Raveendran,Konniyoor Bhas,"KJ Yesudas, KS Chithra",12532,146,https://en.msidb.org/s.php?12532,https://en.msidb.org/m.php?146
Vellithinkal,Melepparambil Aanveedu,1993,Sudha Dhanyasi,Johnson,Gireesh Puthenchery,"KJ Yesudas, Minmini Joy",10247,4439,https://en.msidb.org/s.php?10247,https://en.msidb.org/m.php?4439
Vellithinkal,Melepparambil Aanveedu,1993,Sudha Dhanyasi,Johnson,Gireesh Puthenchery,KJ Yesudas,10248,4439,https://en.msidb.org/s.php?10248,https://en.msidb.org/m.php?4439
Kaanaamarayathu,Pradakshinam,1994,Sudha Dhanyasi,Raveendran,Balachandran Chullikkad,KS Chithra,10107,3539,https://en.msidb.org/s.php?10107,https://en.msidb.org/m.php?3539
Ellolam,Rudraaksham,1994,Sudha Dhanyasi,Sharreth,Ranji Panicker,Malgudi Subha,11620,222,https://en.msidb.org/s.php?11620,https://en.msidb.org/m.php?222
Swargaminnente,Saagaram saakshi,1994,Sudha Dhanyasi,Sharreth,Kaithapram,KJ Yesudas,10095,3205,https://en.msidb.org/s.php?10095,https://en.msidb.org/m.php?3205
Kadalinnagadhamaam neelimayil,Sukrutham,1994,Sudha Dhanyasi,Bombay Ravi,ONV Kurup,"KJ Yesudas, KS Chithra",10058,4621,https://en.msidb.org/s.php?10058,https://en.msidb.org/m.php?4621
Poroo (Ennodothunarunna),Sukrutham,1994,Sudha Dhanyasi,Bombay Ravi,ONV Kurup,KJ Yesudas,10061,4621,https://en.msidb.org/s.php?10061,https://en.msidb.org/m.php?4621
Holi holi,Arabia,1995,Sudha Dhanyasi,Ouseppachan,Gireesh Puthenchery,"MG Sreekumar, Arun Ouseppachan",10014,3110,https://en.msidb.org/s.php?10014,https://en.msidb.org/m.php?3110
Enthinu Veroru Sooryodayam,Mazhayethummunpe,1995,Sudha Dhanyasi,Raveendran,Kaithapram,KJ Yesudas,9960,3886,https://en.msidb.org/s.php?9960,https://en.msidb.org/m.php?3886
Enthinu Veroru Sooryodayam,Mazhayethummunpe,1995,Sudha Dhanyasi,Raveendran,Kaithapram,"KJ Yesudas, KS Chithra",13574,3886,https://en.msidb.org/s.php?13574,https://en.msidb.org/m.php?3886
Shashikala Chaarthiya,Devaraagam,1996,Sudha Dhanyasi,MM Keeravani,MD Rajendran,"KS Chithra, MM Keeravani",11829,1363,https://en.msidb.org/s.php?11829,https://en.msidb.org/m.php?1363
Chemboove Poove,Kaalapaani,1996,Sudha Dhanyasi,Ilayaraja,Gireesh Puthenchery,"MG Sreekumar, KS Chithra",14231,1371,https://en.msidb.org/s.php?14231,https://en.msidb.org/m.php?1371
Panchavarnna,Sallaapam,1996,Sudha Dhanyasi,Johnson,Kaithapram,KS Chithra,9830,4331,https://en.msidb.org/s.php?9830,https://en.msidb.org/m.php?4331
Kannadimaalika Kettile,Hitler Brothers,1997,Sudha Dhanyasi,SP Venkitesh,Kaithapram,"MG Sreekumar, KS Chithra",194651,2670,https://en.msidb.org/s.php?194651,https://en.msidb.org/m.php?2670
Oru Kadha parayaan,Poomarathanalil,1997,Sudha Dhanyasi,Raveendran,S Ramesan Nair,Biju Narayanan,9708,5176,https://en.msidb.org/s.php?9708,https://en.msidb.org/m.php?5176
Malayora theeram,Uthara Desam,1997,Sudha Dhanyasi,Raveendran,PK Ravindran,Biju Narayanan,9676,3530,https://en.msidb.org/s.php?9676,https://en.msidb.org/m.php?3530
Mangalappakshi,Aaraam Jaalakam,1998,Sudha Dhanyasi,Kaithapram,Kaithapram,KJ Yesudas,11266,5375,https://en.msidb.org/s.php?11266,https://en.msidb.org/m.php?5375
Yadukula [M],Kalivakku,1998,Sudha Dhanyasi,Bombay Ravi,K Jayakumar,KJ Yesudas,13102,777,https://en.msidb.org/s.php?13102,https://en.msidb.org/m.php?777
Oru manjuthulliyil,Aakaashaganga,1999,Sudha Dhanyasi,Berny Ignatius,S Ramesan Nair,KJ Yesudas,9531,1349,https://en.msidb.org/s.php?9531,https://en.msidb.org/m.php?1349
Thanithanka Kinappongal,Friends,1999,Sudha Dhanyasi,Ilayaraja,RK Damodaran,"KJ Yesudas, Biju Narayanan, KS Chithra",9484,1155,https://en.msidb.org/s.php?9484,https://en.msidb.org/m.php?1155
Iru meyyum,Njangal Santhushtaraanu,1999,Sudha Dhanyasi,Ouseppachan,S Ramesan Nair,KJ Yesudas,12778,1786,https://en.msidb.org/s.php?12778,https://en.msidb.org/m.php?1786
Iru meyyum [D],Njangal Santhushtaraanu,1999,Sudha Dhanyasi,Ouseppachan,S Ramesan Nair,"KJ Yesudas, KS Chithra",12779,1786,https://en.msidb.org/s.php?12779,https://en.msidb.org/m.php?1786
Alliyaambalppoove [F],Daadaasaahib,2000,Sudha Dhanyasi,Mohan Sithara,Yusufali Kecheri,KS Chithra,9385,1431,https://en.msidb.org/s.php?9385,https://en.msidb.org/m.php?1431
Alliyaambalppoove [M],Daadaasaahib,2000,Sudha Dhanyasi,Mohan Sithara,Yusufali Kecheri,KJ Yesudas,13130,1431,https://en.msidb.org/s.php?13130,https://en.msidb.org/m.php?1431
Kanninila Kai,Swayamvara Panthal,2000,Sudha Dhanyasi,Johnson,Gireesh Puthenchery,G Venugopal,12933,2724,https://en.msidb.org/s.php?12933,https://en.msidb.org/m.php?2724
Perariyam,Soothradhaaran,2001,Sudha Dhanyasi,Raveendran,S Ramesan Nair,Sujatha Mohan,9043,1967,https://en.msidb.org/s.php?9043,https://en.msidb.org/m.php?1967
Souparnika,Theerthaadanam,2001,Sudha Dhanyasi,Kaithapram,Kaithapram,KJ Yesudas,9022,4911,https://en.msidb.org/s.php?9022,https://en.msidb.org/m.php?4911
Illoru Malarchilla [Slow],Ente Hridayathinte Udama,2002,Sudha Dhanyasi,Raveendran,ONV Kurup,Panthalam Balan,13850,1935,https://en.msidb.org/s.php?13850,https://en.msidb.org/m.php?1935
Illoru malarchilla,Ente Hridayathinte Udama,2002,Sudha Dhanyasi,Raveendran,ONV Kurup,"Panthalam Balan, Radhika Thilak",8998,1935,https://en.msidb.org/s.php?8998,https://en.msidb.org/m.php?1935
Karineelakkannazhaki,Kannaki,2002,Sudha Dhanyasi,Kaithapram Viswanath,Kaithapram,MG Sreekumar,8965,4997,https://en.msidb.org/s.php?8965,https://en.msidb.org/m.php?4997
Karineelakkannazhaki Kannaki (F),Kannaki,2002,Sudha Dhanyasi,Kaithapram Viswanath,Kaithapram,KS Chithra,14720,4997,https://en.msidb.org/s.php?14720,https://en.msidb.org/m.php?4997
Aarum,Nandanam,2002,Sudha Dhanyasi,Raveendran,Gireesh Puthenchery,"P Jayachandran, Sujatha Mohan",9110,4990,https://en.msidb.org/s.php?9110,https://en.msidb.org/m.php?4990
Aarum (F),Nandanam,2002,Sudha Dhanyasi,Raveendran,Gireesh Puthenchery,Sujatha Mohan,9104,4990,https://en.msidb.org/s.php?9104,https://en.msidb.org/m.php?4990
Chilamboli Kaatte [F],CID Moosa,2003,Sudha Dhanyasi,Vidyasagar,Gireesh Puthenchery,Sujatha Mohan,15894,1563,https://en.msidb.org/s.php?15894,https://en.msidb.org/m.php?1563
Chilambolikkaatte,CID Moosa,2003,Sudha Dhanyasi,Vidyasagar,Gireesh Puthenchery,"Udit Narayan, Sujatha Mohan",8807,1563,https://en.msidb.org/s.php?8807,https://en.msidb.org/m.php?1563
Vilichathenthinu,Gramaphone,2003,Sudha Dhanyasi,Vidyasagar,Gireesh Puthenchery,KJ Yesudas,8991,2549,https://en.msidb.org/s.php?8991,https://en.msidb.org/m.php?2549
Thoovellathoovunushassin,Saphalam,2003,Sudha Dhanyasi,Jassie Gift,Thankan Thiruvattar,Rajesh Vijay,11803,4102,https://en.msidb.org/s.php?11803,https://en.msidb.org/m.php?4102
Loka samastha,4 The People,2004,Sudha Dhanyasi,Jassie Gift,Kaithapram,"Deepankuran, Jassie Gift",8680,3291,https://en.msidb.org/s.php?8680,https://en.msidb.org/m.php?3291
Ambalakkara,Black,2004,Sudha Dhanyasi,Alex Paul,Ranjith,MG Sreekumar,8651,187,https://en.msidb.org/s.php?8651,https://en.msidb.org/m.php?187
Ee Puzhayum,Mayookham,2005,Sudha Dhanyasi,Bombay Ravi,Mankombu Gopalakrishnan,Chandrasekhar,14127,344,https://en.msidb.org/s.php?14127,https://en.msidb.org/m.php?344
Ee puzhayum,Mayookham,2005,Sudha Dhanyasi,Bombay Ravi,Mankombu Gopalakrishnan,KS Chithra,10931,344,https://en.msidb.org/s.php?10931,https://en.msidb.org/m.php?344
Naadaswaram ketto,Ponmudippuzhayorathu,2005,Sudha Dhanyasi,Ilayaraja,Gireesh Puthenchery,"Bhavatharani, Asha G Menon",10968,994,https://en.msidb.org/s.php?10968,https://en.msidb.org/m.php?994
Karineelakkannilenthedee,Chakkaramuthu,2006,Sudha Dhanyasi,M Jayachandran,Gireesh Puthenchery,"Vineeth Sreenivasan, Sujatha Mohan",12007,5413,https://en.msidb.org/s.php?12007,https://en.msidb.org/m.php?5413
Maanmizhi Poovu [F],Mahaasamudram,2006,Sudha Dhanyasi,M Jayachandran,Kaithapram,PV Preetha,19103,5183,https://en.msidb.org/s.php?19103,https://en.msidb.org/m.php?5183
Maanmizhi poovu,Mahaasamudram,2006,Sudha Dhanyasi,M Jayachandran,Kaithapram,KJ Yesudas,11121,5183,https://en.msidb.org/s.php?11121,https://en.msidb.org/m.php?5183
Poo kumkumapoo,Rasathanthram,2006,Sudha Dhanyasi,Ilayaraja,Gireesh Puthenchery,KS Chithra,11172,3448,https://en.msidb.org/s.php?11172,https://en.msidb.org/m.php?3448
Poo kumkumapoo (m),Rasathanthram,2006,Sudha Dhanyasi,Ilayaraja,Gireesh Puthenchery,KJ Yesudas,11174,3448,https://en.msidb.org/s.php?11174,https://en.msidb.org/m.php?3448
Vatta Vatta,Mouryan,2007,Sudha Dhanyasi,Kaithapram Viswanath,Kaithapram,"Vijesh Gopal, KS Chithra",13614,5864,https://en.msidb.org/s.php?13614,https://en.msidb.org/m.php?5864
Vatta Vatta Thinkale,Mouryan,2007,Sudha Dhanyasi,Kaithapram Viswanath,Kaithapram,KS Chithra,13613,5864,https://en.msidb.org/s.php?13613,https://en.msidb.org/m.php?5864
Ishtakarrikku,Sooryan,2007,Sudha Dhanyasi,Ilayaraja,Gireesh Puthenchery,"Madhu Balakrishnan, Manjari",14118,6016,https://en.msidb.org/s.php?14118,https://en.msidb.org/m.php?6016
Sumadala Shobhitha,Vaamanapuri,2007,Sudha Dhanyasi,Stilju Arjun,Madhu Alapadambu,Kanhangad Ramachandran,17744,6247,https://en.msidb.org/s.php?17744,https://en.msidb.org/m.php?6247
Puthankodi,Decent Parties,2009,Sudha Dhanyasi,Johnson Mangazha,"Sarath Vayalar, Chittoor Gopi",V Devanand,190432,6634,https://en.msidb.org/s.php?190432,https://en.msidb.org/m.php?6634
Muthay manimuthay,Neelaambari,2010,Sudha Dhanyasi,Kaithapram Viswanath,Kaithapram,Franco Simon Neelankavil,190960,6715,https://en.msidb.org/s.php?190960,https://en.msidb.org/m.php?6715
Manikkinaavin Kothumbuvallam,Pokkiri Raja,2010,Sudha Dhanyasi,Jassie Gift,Kaithapram,"KJ Yesudas, Sujatha Mohan",190699,6676,https://en.msidb.org/s.php?190699,https://en.msidb.org/m.php?6676
Vrindavanamundo,Yakshiyum Njaanum,2010,Sudha Dhanyasi,Sajan Madhav,Vinayan,Madhu Balakrishnan,190952,6718,https://en.msidb.org/s.php?190952,https://en.msidb.org/m.php?6718
Olakkili Kuzhaloothi,Ithu Nammude Kadha,2011,Sudha Dhanyasi,Mohan Sithara,Santhosh Varma,"Madhu Balakrishnan, Shweta Mohan",192677,6821,https://en.msidb.org/s.php?192677,https://en.msidb.org/m.php?6821
Saalabhanjike,Makaramanju,2011,Sudha Dhanyasi,Ramesh Narayan,Chandran Nair,Ramesh Narayan,192376,6773,https://en.msidb.org/s.php?192376,https://en.msidb.org/m.php?6773
Nanayum Nin Mizhiyoram,Naayika,2011,Sudha Dhanyasi,MK Arjunan,Sreekumaran Thampi,P Jayachandran,193237,6940,https://en.msidb.org/s.php?193237,https://en.msidb.org/m.php?6940
Shwethambara Dhare Devi,Thattathin Marayathu,2012,Sudha Dhanyasi,Shaan Rahman,Traditional,Arun Alat,193772,7002,https://en.msidb.org/s.php?193772,https://en.msidb.org/m.php?7002
Nilakku Mukalil [D],Aattakkadha,2013,Sudha Dhanyasi,Raveendran,Gireesh Puthenchery,"Biju Narayanan, Asha G Menon",8309,2026,https://en.msidb.org/s.php?8309,https://en.msidb.org/m.php?2026
Nilakku mukalil,Aattakkadha,2013,Sudha Dhanyasi,Raveendran,Gireesh Puthenchery,Asha G Menon,8314,2026,https://en.msidb.org/s.php?8314,https://en.msidb.org/m.php?2026
Sukhame Sukhame,Ponkathir,1953,Sudha Saveri,Br Lakshmanan,Thirunayinaarkurichi Madhavan Nair,"Kamukara Purushothaman, Kaviyoor Revamma, Lalitha",1723,3975,https://en.msidb.org/s.php?1723,https://en.msidb.org/m.php?3975
Illathama Kulichu Varumbol,Omanakuttan,1964,Sudha Saveri,G Devarajan,Vayalar Ramavarma,"P Susheela, P Leela",366,3706,https://en.msidb.org/s.php?366,https://en.msidb.org/m.php?3706
Kalichirimaaraatha  Kaalam,Jail,1966,Sudha Saveri,G Devarajan,Vayalar Ramavarma,P Susheela,688,1068,https://en.msidb.org/s.php?688,https://en.msidb.org/m.php?1068
Karutha Chakravaalamathilukal,Ashwamedham,1967,Sudha Saveri,G Devarajan,Vayalar Ramavarma,"P Susheela, Chorus",957,653,https://en.msidb.org/s.php?957,https://en.msidb.org/m.php?653
Vaakachaarthu Kazhinjoru,Iruttinte Aathmaavu,1967,Sudha Saveri,MS Baburaj,P Bhaskaran,S Janaki,849,3318,https://en.msidb.org/s.php?849,https://en.msidb.org/m.php?3318
Anupame Azhake,Aranaazhikaneram,1970,Sudha Saveri,G Devarajan,Vayalar Ramavarma,KJ Yesudas,2404,4118,https://en.msidb.org/s.php?2404,https://en.msidb.org/m.php?4118
Seethaadevi Swayamvaram,Vaazhve Mayam,1970,Sudha Saveri,G Devarajan,Vayalar Ramavarma,"P Jayachandran, P Susheela",2256,730,https://en.msidb.org/s.php?2256,https://en.msidb.org/m.php?730
Thiruvaabharanam Chaarthi,Lankaadahanam,1971,Sudha Saveri,MS Viswanathan,Sreekumaran Thampi,"P Jayachandran, Chorus",2458,4387,https://en.msidb.org/s.php?2458,https://en.msidb.org/m.php?4387
Kallippaalakal Poothu,Panchavankaadu,1971,Sudha Saveri,G Devarajan,Vayalar Ramavarma,KJ Yesudas,2548,3133,https://en.msidb.org/s.php?2548,https://en.msidb.org/m.php?3133
Veenakkambi Thakarnnaal,Ummaachu,1971,Sudha Saveri,K Raghavan,P Bhaskaran,S Janaki,2585,4362,https://en.msidb.org/s.php?2585,https://en.msidb.org/m.php?4362
Apaarasundara Neelaakaasham,Vithukal,1971,Sudha Saveri,Pukazhenthi,P Bhaskaran,KJ Yesudas,2493,2096,https://en.msidb.org/s.php?2493,https://en.msidb.org/m.php?2096
Veluppo Kadum Chuvappo,Darshanam,1973,Sudha Saveri,G Devarajan,Vayalar Ramavarma,P Madhuri,3008,670,https://en.msidb.org/s.php?3008,https://en.msidb.org/m.php?670
Swargasaagarathil,Manushyaputhran,1973,Sudha Saveri,G Devarajan,Vayalar Ramavarma,KJ Yesudas,2983,3511,https://en.msidb.org/s.php?2983,https://en.msidb.org/m.php?3511
Deva Divyadarshanam,Pachanottukal,1973,Sudha Saveri,MK Arjunan,Sreekumaran Thampi,KJ Yesudas,3070,2363,https://en.msidb.org/s.php?3070,https://en.msidb.org/m.php?2363
Aadiparaashakthi,Ponnaapuram Kotta,1973,Sudha Saveri,G Devarajan,Vayalar Ramavarma,"KJ Yesudas, PB Sreenivas, P Leela, P Susheela, P Madhuri",2948,3752,https://en.msidb.org/s.php?2948,https://en.msidb.org/m.php?3752
Manthramothiram,Ponnaapuram Kotta,1973,Sudha Saveri,G Devarajan,Vayalar Ramavarma,KJ Yesudas,2943,3752,https://en.msidb.org/s.php?2943,https://en.msidb.org/m.php?3752
Mallaakshi Madiraakshi,Thumbolaarcha,1974,Sudha Saveri,G Devarajan,Vayalar Ramavarma,"KJ Yesudas, P Madhuri",3368,3199,https://en.msidb.org/s.php?3368,https://en.msidb.org/m.php?3199
Thankathinkalthaazhika,Athidhi,1975,Sudha Saveri,G Devarajan,Vayalar Ramavarma,P Madhuri,3565,3869,https://en.msidb.org/s.php?3565,https://en.msidb.org/m.php?3869
Vritham Kondu Melinjoru,Chuvanna Sandhyakal,1975,Sudha Saveri,G Devarajan,Vayalar Ramavarma,P Madhuri,3529,4001,https://en.msidb.org/s.php?3529,https://en.msidb.org/m.php?4001
Chithrashalabham chodichu,Ashtamangalyam,1977,Sudha Saveri,MK Arjunan,Kanam EJ,KJ Yesudas,13847,2160,https://en.msidb.org/s.php?13847,https://en.msidb.org/m.php?2160
Sangeetha Devathe,Samudram,1977,Sudha Saveri,G Devarajan,Yusufali Kecheri,P Madhuri,4426,4632,https://en.msidb.org/s.php?4426,https://en.msidb.org/m.php?4632
Kochuswapnangal Than,Shaantha oru Devatha,1977,Sudha Saveri,MK Arjunan,Sreekumaran Thampi,KJ Yesudas,4403,2484,https://en.msidb.org/s.php?4403,https://en.msidb.org/m.php?2484
Ezhu Swarangal,Jayikkaanaay Janichavan,1978,Sudha Saveri,MK Arjunan,Sreekumaran Thampi,KJ Yesudas,4559,4561,https://en.msidb.org/s.php?4559,https://en.msidb.org/m.php?4561
Premagaayaka Jeevagaayaka,Paalaattu Kunjikkannan,1980,Sudha Saveri,G Devarajan,Yusufali Kecheri,P Susheela,5687,772,https://en.msidb.org/s.php?5687,https://en.msidb.org/m.php?772
Viraham Vishaadaardra,Shaalini Ente Koottukaari,1980,Sudha Saveri,G Devarajan,MD Rajendran,KJ Yesudas,5600,3416,https://en.msidb.org/s.php?5600,https://en.msidb.org/m.php?3416
Maadhavi Madhumaalathi,Sreedevi Darsanam,1980,Sudha Saveri,G Devarajan,P Bhaskaran,KJ Yesudas,8830,5362,https://en.msidb.org/s.php?8830,https://en.msidb.org/m.php?5362
Pinangunnuvo,Enganeyundashaane,1984,Sudha Saveri,Raveendran,Balu Kiriyath,S Janaki,8053,3296,https://en.msidb.org/s.php?8053,https://en.msidb.org/m.php?3296
Pinangunnuvo,Enganeyundashaane,1984,Sudha Saveri,Raveendran,Balu Kiriyath,P Jayachandran,12291,3296,https://en.msidb.org/s.php?12291,https://en.msidb.org/m.php?3296
Manasse Ninte,Veruthe Oru Pinakkam,1984,Sudha Saveri,Raveendran,Sathyan Anthikkad,KJ Yesudas,7363,1948,https://en.msidb.org/s.php?7363,https://en.msidb.org/m.php?1948
Deepam Kayyil,Neelakkadambu,1985,Sudha Saveri,Raveendran,K Jayakumar,"KJ Yesudas, KS Chithra",10749,92,https://en.msidb.org/s.php?10749,https://en.msidb.org/m.php?92
Poo veno poo,Deshadanakkili Karayaarilla,1986,Sudha Saveri,Raveendran,ONV Kurup,KS Chithra,7904,2999,https://en.msidb.org/s.php?7904,https://en.msidb.org/m.php?2999
Neeraaduvaan nilayil,Nakhakshathangal,1986,Sudha Saveri,Bombay Ravi,ONV Kurup,KJ Yesudas,7854,4200,https://en.msidb.org/s.php?7854,https://en.msidb.org/m.php?4200
Pularikal Sandhyakal,Neeyethra Dhanya,1987,Sudha Saveri,G Devarajan,ONV Kurup,KJ Yesudas,7043,760,https://en.msidb.org/s.php?7043,https://en.msidb.org/m.php?760
Eenavum Thaalavum,David David Mr David,1988,Sudha Saveri,Raveendran,Bichu Thirumala,KS Chithra,8155,3872,https://en.msidb.org/s.php?8155,https://en.msidb.org/m.php?3872
Kannetha doore maru theeram,Thaazhvaaram,1990,Sudha Saveri,Bharathan,Kaithapram,KJ Yesudas,5460,249,https://en.msidb.org/s.php?5460,https://en.msidb.org/m.php?249
Pulare Poonkodiyil,Amaram,1991,Sudha Saveri,Raveendran,Kaithapram,"KJ Yesudas, N Lathika",10620,2070,https://en.msidb.org/s.php?10620,https://en.msidb.org/m.php?2070
Thinkalvanchi,Vaasavadatha,1991,Sudha Saveri,Raveendran,Bichu Thirumala,KJ Yesudas,10637,1662,https://en.msidb.org/s.php?10637,https://en.msidb.org/m.php?1662
Kaaveri,Raajashilpi,1992,Sudha Saveri,Raveendran,ONV Kurup,"KJ Yesudas, KS Chithra",10388,949,https://en.msidb.org/s.php?10388,https://en.msidb.org/m.php?949
Kinaavin ilam thoolikayil,Koushalam (Hamsadhwani),1993,Sudha Saveri,Raveendran,Kaithapram,KJ Yesudas,10259,1659,https://en.msidb.org/s.php?10259,https://en.msidb.org/m.php?1659
Nilaavin ilam,Koushalam (Hamsadhwani),1993,Sudha Saveri,Raveendran,Kaithapram,KS Chithra,10261,1659,https://en.msidb.org/s.php?10261,https://en.msidb.org/m.php?1659
Muthu Pozhiyunna,Chaithanyam,1995,Sudha Saveri,Raveendran,ONV Kurup,KJ Yesudas,13028,4927,https://en.msidb.org/s.php?13028,https://en.msidb.org/m.php?4927
Paal Ninavilum,Kaakkaykkum Poochaykkum Kalyaanam,1995,Sudha Saveri,Raveendran,Kaithapram,Biju Narayanan,9996,3789,https://en.msidb.org/s.php?9996,https://en.msidb.org/m.php?3789
Thaaraattu paadeettum,Kaakkaykkum Poochaykkum Kalyaanam,1995,Sudha Saveri,Raveendran,Kaithapram,Ambili Rajasekharan,9998,3789,https://en.msidb.org/s.php?9998,https://en.msidb.org/m.php?3789
Aakaasham,Malayala Maasam Chingam Onninu,1996,Sudha Saveri,Raveendran,Gireesh Puthenchery,KG Markose,11681,499,https://en.msidb.org/s.php?11681,https://en.msidb.org/m.php?499
Aakaasham (F),Malayala Maasam Chingam Onninu,1996,Sudha Saveri,Raveendran,Gireesh Puthenchery,KS Chithra,14568,499,https://en.msidb.org/s.php?14568,https://en.msidb.org/m.php?499
Paarvana paalmazha,Ennu Swantham Jaanakikutty,1998,Sudha Saveri,Kaithapram,Kaithapram,KS Chithra,11730,2147,https://en.msidb.org/s.php?11730,https://en.msidb.org/m.php?2147
Maaye Thaye,Nakshathrathaaraattu,1998,Sudha Saveri,Mohan Sithara,Traditional (Folk),Ambili Rajasekharan,16012,2372,https://en.msidb.org/s.php?16012,https://en.msidb.org/m.php?2372
Kodamanjin Thaazhvarayil [D],Kochu Kochu Santhoshangal,2000,Sudha Saveri,Ilayaraja,Kaithapram,"KJ Yesudas, KS Chithra",16222,1768,https://en.msidb.org/s.php?16222,https://en.msidb.org/m.php?1768
Kodamanjin Thaazhvarayil [F],Kochu Kochu Santhoshangal,2000,Sudha Saveri,Ilayaraja,Kaithapram,KS Chithra,9323,1768,https://en.msidb.org/s.php?9323,https://en.msidb.org/m.php?1768
Kodamanjin Thaazhvarayil [M],Kochu Kochu Santhoshangal,2000,Sudha Saveri,Ilayaraja,Kaithapram,KJ Yesudas,16223,1768,https://en.msidb.org/s.php?16223,https://en.msidb.org/m.php?1768
Yamuna nadiyude,Chakkarakkudam,2002,Sudha Saveri,Raveendran,Gireesh Puthenchery,Sujatha Mohan,12051,1019,https://en.msidb.org/s.php?12051,https://en.msidb.org/m.php?1019
Manassilariyaa (Prabhatha Geetham Kaathil),Madhuram,2003,Sudha Saveri,Raveendran,S Ramesan Nair,"Sangeetha Madhav, Chorus",11900,5405,https://en.msidb.org/s.php?11900,https://en.msidb.org/m.php?5405
Aalilathaaliyumaay,Mizhirandilum,2003,Sudha Saveri,Raveendran,Sarath Vayalar,P Jayachandran,8761,2162,https://en.msidb.org/s.php?8761,https://en.msidb.org/m.php?2162
Aaraarum Kaanaathe [D],Chandrolsavam,2005,Sudha Saveri,Vidyasagar,Gireesh Puthenchery,"P Jayachandran, Sujatha Mohan",189687,603,https://en.msidb.org/s.php?189687,https://en.msidb.org/m.php?603
Aaraarum Kaanaathe [F],Chandrolsavam,2005,Sudha Saveri,Vidyasagar,Gireesh Puthenchery,Sujatha Mohan,13027,603,https://en.msidb.org/s.php?13027,https://en.msidb.org/m.php?603
Aaraarum Kaanaathe [M],Chandrolsavam,2005,Sudha Saveri,Vidyasagar,Gireesh Puthenchery,P Jayachandran,8335,603,https://en.msidb.org/s.php?8335,https://en.msidb.org/m.php?603
Koovaram Kili,Banaras,2009,Sudha Saveri,M Jayachandran,Gireesh Puthenchery,"Vijay Yesudas, Shweta Mohan",18996,6532,https://en.msidb.org/s.php?18996,https://en.msidb.org/m.php?6532
Chambaykka Chundane,Nalla Paattukaarey,2010,Sudha Saveri,Sharreth,Gireesh Puthenchery,Shikha,190809,6690,https://en.msidb.org/s.php?190809,https://en.msidb.org/m.php?6690
Koodu Maari Pokum,Nidra,2012,Sudha Saveri,Jassie Gift,Santhosh Varma,Sony Natesh Shankar,193533,6964,https://en.msidb.org/s.php?193533,https://en.msidb.org/m.php?6964
Njaanoru Malayali,Jilebi,2015,Sudha Saveri,Bijibal Maniyil,East Coast Vijayan,P Jayachandran,1953984,7886,https://en.msidb.org/s.php?1953984,https://en.msidb.org/m.php?7886
Vaarmukile Kaarmukile,Indulekha,2017,Sudha Saveri,Deepankuran,Kaithapram,Deepankuran,1956963,8545,https://en.msidb.org/s.php?1956963,https://en.msidb.org/m.php?8545
Mangalakaaraka,Thattumpurathu Achuthan,2018,Sudha Saveri,Deepankuran,Beeyar Prasad,"Sudeep Kumar, Manjari, Aavani",1956671,8854,https://en.msidb.org/s.php?1956671,https://en.msidb.org/m.php?8854
Manjumaasapakshi (Bit),Krishnagudiyil Oru Pranayakaalathu,1997,Sumaneesha Ranjani,Vidyasagar,Gireesh Puthenchery,"KJ Yesudas, Daleema Jojo (KJ Raveena)",15286,413,https://en.msidb.org/s.php?15286,https://en.msidb.org/m.php?413
Manjumaasapakshi (F),Krishnagudiyil Oru Pranayakaalathu,1997,Sumaneesha Ranjani,Vidyasagar,Gireesh Puthenchery,Daleema Jojo (KJ Raveena),11418,413,https://en.msidb.org/s.php?11418,https://en.msidb.org/m.php?413
Manjumaasapakshi (M),Krishnagudiyil Oru Pranayakaalathu,1997,Sumaneesha Ranjani,Vidyasagar,Gireesh Puthenchery,KJ Yesudas,11412,413,https://en.msidb.org/s.php?11412,https://en.msidb.org/m.php?413
Ee shyaamasandhyayil,Sparsham,2000,Sumaneesha Ranjani,Sharreth,S Ramesan Nair,KJ Yesudas,9234,2693,https://en.msidb.org/s.php?9234,https://en.msidb.org/m.php?2693
Japakodigunam,Saiver Thirumeni,2001,Sumaneesha Ranjani,Raveendran,Gireesh Puthenchery,KJ Yesudas,9055,3003,https://en.msidb.org/s.php?9055,https://en.msidb.org/m.php?3003
Enthnaay nin,Mizhirandilum,2003,Sumaneesha Ranjani,Raveendran,Sarath Vayalar,KS Chithra,8760,2162,https://en.msidb.org/s.php?8760,https://en.msidb.org/m.php?2162
Alarsharaparithaapam,Koodappirappu,1956,Surutti,K Raghavan,Traditional (Swathi Thirunal),ML Vasanthakumari,1865,3564,https://en.msidb.org/s.php?1865,https://en.msidb.org/m.php?3564
Alarshara Parithaapam,Kuttyedathi,1971,Surutti,MS Baburaj,Traditional (Swathi Thirunal),"Kalamandalam Saraswathi, Machad Vasanthi",2446,4873,https://en.msidb.org/s.php?2446,https://en.msidb.org/m.php?4873
Sukumaara Kalakal,Kottaaram Vilkkaanundu,1975,Surutti,G Devarajan,Vayalar Ramavarma,KJ Yesudas,3588,3319,https://en.msidb.org/s.php?3588,https://en.msidb.org/m.php?3319
Vanashree Mukham,Rangam,1985,Surutti,KV Mahadevan,S Ramesan Nair,"Krishnachandran, KS Chithra",6846,4008,https://en.msidb.org/s.php?6846,https://en.msidb.org/m.php?4008
Madhumozhi,Oru Minna Minunginte Nurungu Vettam,1987,Surutti,Johnson,ONV Kurup,Krishnachandran,7165,299,https://en.msidb.org/s.php?7165,https://en.msidb.org/m.php?299
Alarshara Parithaapam,Swaathy Thirunaal,1987,Surutti,MB Sreenivasan,Traditional (Swathi Thirunal),"KJ Yesudas, B Arundhathi",7120,252,https://en.msidb.org/s.php?7120,https://en.msidb.org/m.php?252
Chenthar Nermukhi,Kamboji,2017,Surutti,M Jayachandran,ONV Kurup,"Sreevalsan J Menon, KS Chithra",1954597,8173,https://en.msidb.org/s.php?1954597,https://en.msidb.org/m.php?8173
Varadaraja Ninnu,Sree Thyagaraja,1981,Swarabhooshini,KV Mahadevan,Traditional (Thyagaraja),SP Balasubrahmanyam,6106,3020,https://en.msidb.org/s.php?6106,https://en.msidb.org/m.php?3020
Jeevithaanandam Tharum,Chandrika,1950,Thodi,Govindarajulu Naidu,Thumbaman Padmanabhan Kutty,P Leela,1564,3270,https://en.msidb.org/s.php?1564,https://en.msidb.org/m.php?3270
Aadiyil Malsyamaay,Sree Guruvayoorappan,1972,Thodi,V Dakshinamoorthy,ONV Kurup,KJ Yesudas,2785,790,https://en.msidb.org/s.php?2785,https://en.msidb.org/m.php?790
Pranayamalarkkaavil,Mallanum Mathevanum,1976,Thodi,K Raghavan,P Bhaskaran,"KJ Yesudas, KP Brahmanandan, Selma George",3982,1846,https://en.msidb.org/s.php?3982,https://en.msidb.org/m.php?1846
Viswa mahaa kshethra sannidhi,Idavazhiyile Poocha Mindappoocha,1979,Thodi,MB Sreenivasan,Yusufali Kecheri,S Janaki,5198,4895,https://en.msidb.org/s.php?5198,https://en.msidb.org/m.php?4895
Kasthoori Maanmizhi,Manushyamrigam,1980,Thodi,KJ Joy,Pappanamkodu Lakshmanan,"KJ Yesudas, Chorus",5824,4701,https://en.msidb.org/s.php?5824,https://en.msidb.org/m.php?4701
Hridaya vaathaayanangal,Aarathi,1981,Thodi,MB Sreenivasan,Sathyan Anthikkad,KJ Yesudas,6053,2279,https://en.msidb.org/s.php?6053,https://en.msidb.org/m.php?2279
Aalaapanam,Gaanam,1982,Thodi,V Dakshinamoorthy,Sreekumaran Thampi,"KJ Yesudas, S Janaki",6183,1710,https://en.msidb.org/s.php?6183,https://en.msidb.org/m.php?1710
Aalaapanam [M],Gaanam,1982,Thodi,V Dakshinamoorthy,Sreekumaran Thampi,KJ Yesudas,16138,1710,https://en.msidb.org/s.php?16138,https://en.msidb.org/m.php?1710
Chinthaamanimandiram,Pooram,1989,Thodi,MG Radhakrishnan,Kavalam Narayana Panicker,MG Sreekumar,10651,2785,https://en.msidb.org/s.php?10651,https://en.msidb.org/m.php?2785
Devasabhaathalam,His Highness Abdulla,1990,Thodi,Raveendran,Kaithapram,"KJ Yesudas, Raveendran, Sharreth",5492,4780,https://en.msidb.org/s.php?5492,https://en.msidb.org/m.php?4780
Devasabhaathalam,His Highness Abdulla,1990,Thodi,Raveendran,Kaithapram,"KJ Yesudas, MG Sreekumar, Sharreth",15450,4780,https://en.msidb.org/s.php?15450,https://en.msidb.org/m.php?4780
Dhwani Prasaadam,Bharatham,1991,Thodi,Raveendran,Kaithapram,"M Balamuralikrishna, KJ Yesudas, KS Chithra",10606,2576,https://en.msidb.org/s.php?10606,https://en.msidb.org/m.php?2576
Bhooloka vaikunda,Sargam,1992,Thodi,Bombay Ravi,Traditional (Folk),KJ Yesudas,10383,3494,https://en.msidb.org/s.php?10383,https://en.msidb.org/m.php?3494
Neentidam churundanin,Vadakkumnathan,2006,Thodi,Raveendran,Gireesh Puthenchery,Sankaran Namboothiri,11195,3625,https://en.msidb.org/s.php?11195,https://en.msidb.org/m.php?3625
Daahikkunnu,Yugapurushan,2010,Thodi,Mohan Sithara,Kumaranasan,Manikandan,190531,6648,https://en.msidb.org/s.php?190531,https://en.msidb.org/m.php?6648
Oru mathavumanyamalla,Yugapurushan,2010,Thodi,Mohan Sithara,Kaithapram,KJ Yesudas,190528,6648,https://en.msidb.org/s.php?190528,https://en.msidb.org/m.php?6648
Paalaazhi Thedum,Swapaanam,2014,Thodi,Sreevalsan J Menon,Manoj Kuroor,Sreevalsan J Menon,195122,7384,https://en.msidb.org/s.php?195122,https://en.msidb.org/m.php?7384
Thaaye Yasodha,Maathruvandanam,2015,Thodi,KL Sreeram,Traditional,KL Sreeram,1953930,7684,https://en.msidb.org/s.php?1953930,https://en.msidb.org/m.php?7684
Shuddhasathwaathmakamaayoru,Chettathi,1965,Uncategorized,MS Baburaj,Traditional,Uncategorized,194783,2303,https://en.msidb.org/s.php?194783,https://en.msidb.org/m.php?2303
Panchasharam,Sthree,1950,Ushaanipadam,BA Chidambaranath,Thikkurissi Sukumaran Nair,Medayil Sukumari,1519,817,https://en.msidb.org/s.php?1519,https://en.msidb.org/m.php?817
Shakthi Than Aananda,Sreemurukan,1977,Vachaspathi,G Devarajan,Sreekumaran Thampi,KJ Yesudas,15602,75,https://en.msidb.org/s.php?15602,https://en.msidb.org/m.php?75
Innaleyolavum,Darshanam,1973,Vakulaabharanam,G Devarajan,Poonthanam,"P Madhuri, Ambili Rajasekharan",3009,670,https://en.msidb.org/s.php?3009,https://en.msidb.org/m.php?670
Arayil Thankavaal,Alibabayum 41 kallanmaarum,1975,Vakulaabharanam,G Devarajan,Vayalar Ramavarma,"P Madhuri, Chorus",3649,1490,https://en.msidb.org/s.php?3649,https://en.msidb.org/m.php?1490
Allaavin Thirusabhayil,Jayikkaanaay Janichavan,1978,Vakulaabharanam,MK Arjunan,Sreekumaran Thampi,"Jolly Abraham, Rajakumaranunni",4561,4561,https://en.msidb.org/s.php?4561,https://en.msidb.org/m.php?4561
Chandrika Vithariya,Vayanaadan Thampan,1978,Vakulaabharanam,G Devarajan,Sasikala Menon,Karthikeyan,4810,305,https://en.msidb.org/s.php?4810,https://en.msidb.org/m.php?305
Kaalanillakkaalam,Thozhil Allengil Jail,1985,Vakulaabharanam,MK Arjunan,Kaniyapuram Ramachandran,"P Jayachandran, Krishnachandran",6818,4834,https://en.msidb.org/s.php?6818,https://en.msidb.org/m.php?4834
Kaiyyil thenkinnam,Miss Stella,1991,Vakulaabharanam,Raveendran,Poovachal Khader,KS Chithra,10536,3721,https://en.msidb.org/s.php?10536,https://en.msidb.org/m.php?3721
Yesu mahesa,Agrajan,1995,Vakulaabharanam,G Devarajan,ONV Kurup,"P Susheela, Chorus",10026,315,https://en.msidb.org/s.php?10026,https://en.msidb.org/m.php?315
Kai thudi thalam,Kalyaanaraaman,2002,Vakulaabharanam,Berny Ignatius,Kaithapram,Afsal,8784,1814,https://en.msidb.org/s.php?8784,https://en.msidb.org/m.php?1814
Devi Sreedevi,Kaavyamela,1965,Valachi,V Dakshinamoorthy,Vayalar Ramavarma,KJ Yesudas,595,4702,https://en.msidb.org/s.php?595,https://en.msidb.org/m.php?4702
Devi Sreedevi-F,Kaavyamela,1965,Valachi,V Dakshinamoorthy,Vayalar Ramavarma,P Leela,597,4702,https://en.msidb.org/s.php?597,https://en.msidb.org/m.php?4702
Maathalamalare,Kaliyodam,1965,Valachi,G Devarajan,ONV Kurup,Kamukara Purushothaman,476,4570,https://en.msidb.org/s.php?476,https://en.msidb.org/m.php?4570
Varivande Nee Mayangi Veenu,Indulekha,1967,Valachi,V Dakshinamoorthy,Pappanamkodu Lakshmanan,Kamukara Purushothaman,843,2131,https://en.msidb.org/s.php?843,https://en.msidb.org/m.php?2131
Kaadaarumaasam,Ezhu Raathrikal,1968,Valachi,Salil Chowdhary,Vayalar Ramavarma,KJ Yesudas,1143,611,https://en.msidb.org/s.php?1143,https://en.msidb.org/m.php?611
Kadalalarunnu,Ballaatha Pahayan,1969,Valachi,KV Job,Sreekumaran Thampi,KJ Yesudas,1271,2575,https://en.msidb.org/s.php?1271,https://en.msidb.org/m.php?2575
Kannil kannil,Danger Biscuit,1969,Valachi,V Dakshinamoorthy,Sreekumaran Thampi,S Janaki,1372,285,https://en.msidb.org/s.php?1372,https://en.msidb.org/m.php?285
Paadano Njan Paadano,Vilakkappetta Bandhangal,1969,Valachi,AT Ummer,Dr Pavithran,S Janaki,1350,936,https://en.msidb.org/s.php?1350,https://en.msidb.org/m.php?936
Kavya Narthaki,Lottery Ticket,1970,Valachi,V Dakshinamoorthy,Sreekumaran Thampi,"KJ Yesudas, P Leela, Chorus",2373,3262,https://en.msidb.org/s.php?2373,https://en.msidb.org/m.php?3262
Sundararaavil,Kochaniyathi,1971,Valachi,Pukazhenthi,Sreekumaran Thampi,S Janaki,2622,481,https://en.msidb.org/s.php?2622,https://en.msidb.org/m.php?481
Premakaumudi,Muthassi,1971,Valachi,V Dakshinamoorthy,P Bhaskaran,"KJ Yesudas, S Janaki",2509,2754,https://en.msidb.org/s.php?2509,https://en.msidb.org/m.php?2754
Udayagirikkottayile,Aromalunni,1972,Valachi,G Devarajan,Vayalar Ramavarma,P Susheela,2703,1066,https://en.msidb.org/s.php?2703,https://en.msidb.org/m.php?1066
Agre Pashyaami,Sree Guruvayoorappan,1972,Valachi,V Dakshinamoorthy,Traditional (Melpathoor),KJ Yesudas,2788,790,https://en.msidb.org/s.php?2788,https://en.msidb.org/m.php?790
Thankakavilil Kunkumamo,Honeymoon,1974,Valachi,MK Arjunan,Sreekumaran Thampi,"KP Brahmanandan, P Madhuri",3445,1190,https://en.msidb.org/s.php?3445,https://en.msidb.org/m.php?1190
Swararagamadhuthoovum,Youvanam,1974,Valachi,V Dakshinamoorthy,Sreekumaran Thampi,KJ Yesudas,3279,757,https://en.msidb.org/s.php?3279,https://en.msidb.org/m.php?757
Paathiraavaam,Malsaram,1975,Valachi,MK Arjunan,P Bhaskaran,KJ Yesudas,3484,4987,https://en.msidb.org/s.php?3484,https://en.msidb.org/m.php?4987
Kasthoorimallika,Sathyavaan Saavithri,1977,Valachi,G Devarajan,Sreekumaran Thampi,"P Jayachandran, P Madhuri",4390,710,https://en.msidb.org/s.php?4390,https://en.msidb.org/m.php?710
Poovili Poovili,Vishukkani,1977,Valachi,Salil Chowdhary,Sreekumaran Thampi,"KJ Yesudas, Chorus",4206,1439,https://en.msidb.org/s.php?4206,https://en.msidb.org/m.php?1439
Kaattil Thekkannam Kaattil,Aaravam,1978,Valachi,MG Radhakrishnan,Kavalam Narayana Panicker,S Janaki,4913,1451,https://en.msidb.org/s.php?4913,https://en.msidb.org/m.php?1451
Karangal korthu pidikkuka naam,Veliyettam,1981,Valachi,MK Arjunan,"Poovachal Khader, Alappuzha Rajasekharan Nair",Vani Jairam,5930,3629,https://en.msidb.org/s.php?5930,https://en.msidb.org/m.php?3629
Manjakkanikkonna,Aadyathe Anuraagam,1983,Valachi,Raveendran,Madhu Alappuzha,S Janaki,7548,3471,https://en.msidb.org/s.php?7548,https://en.msidb.org/m.php?3471
Maraala midhunangale,Anantham Ajnaatham,1983,Valachi,MK Arjunan,MN Thankappan,P Jayachandran,7573,3056,https://en.msidb.org/s.php?7573,https://en.msidb.org/m.php?3056
Saagaram Saptha Swarasaagaram,Aagraham,1984,Valachi,AT Ummer,Poovachal Khader,KJ Yesudas,7273,4563,https://en.msidb.org/s.php?7273,https://en.msidb.org/m.php?4563
Kanna nin kaaladiyil,Sapadham,1984,Valachi,Raveendran,Mankombu Gopalakrishnan,Vani Jairam,7242,3216,https://en.msidb.org/s.php?7242,https://en.msidb.org/m.php?3216
Kunkumakkalppadavuthorum,Neeyethra Dhanya,1987,Valachi,G Devarajan,ONV Kurup,R Usha,7042,760,https://en.msidb.org/s.php?7042,https://en.msidb.org/m.php?760
Raamaa Sreeraama,Ulsavamelam,1992,Valachi,Mohan Sithara,ONV Kurup,Jagathy Sreekumar,11382,214,https://en.msidb.org/s.php?11382,https://en.msidb.org/m.php?214
Othiri othiri,Venkalam,1993,Valachi,Raveendran,P Bhaskaran,"KJ Yesudas, N Lathika",10207,3938,https://en.msidb.org/s.php?10207,https://en.msidb.org/m.php?3938
Thottu Vilichaalo,Swapnam Kondu Thulaabhaaram,2003,Valachi,Ouseppachan,Gireesh Puthenchery,"MG Sreekumar, Sujatha Mohan",12960,1414,https://en.msidb.org/s.php?12960,https://en.msidb.org/m.php?1414
Kaattru Veliyidai Kannamma,Thanmaathra,2005,Valachi,Mohan Sithara,"Kaithapram, Bharathiyar","Vidhu Prathap, Sheela Mani, PK Sunil Kumar",10995,2501,https://en.msidb.org/s.php?10995,https://en.msidb.org/m.php?2501
Aayiram ithalulla,Amme Bhagavathi,1987,Vanaspathi,MS Viswanathan,Sreekumaran Thampi,"KJ Yesudas, S Janaki",7680,2101,https://en.msidb.org/s.php?7680,https://en.msidb.org/m.php?2101
Shishuvineppol Punchirithooki,Karutha Pournami,1968,Vasantha,MK Arjunan,P Bhaskaran,"KJ Yesudas, S Janaki",1060,5009,https://en.msidb.org/s.php?1060,https://en.msidb.org/m.php?5009
Vasantham Ninnodu,Ayalkkaari,1976,Vasantha,G Devarajan,Sreekumaran Thampi,KJ Yesudas,4002,4012,https://en.msidb.org/s.php?4002,https://en.msidb.org/m.php?4012
Sundara Swapname,Guruvayoor Kesavan,1977,Vasantha,G Devarajan,P Bhaskaran,"KJ Yesudas, P Leela",4448,4509,https://en.msidb.org/s.php?4448,https://en.msidb.org/m.php?4509
Kulirukal Pookkumee,Puzhayozhukum Vazhi,1985,Vasantha,Raveendran,Rappal Sukumara Menon,Anitha Reddy,6754,3111,https://en.msidb.org/s.php?6754,https://en.msidb.org/m.php?3111
Parama Purusha,Swaathy Thirunaal,1987,Vasantha,MB Sreenivasan,Traditional (Swathi Thirunal),"KJ Yesudas, Neyyatinkara Vasudevan",7122,252,https://en.msidb.org/s.php?7122,https://en.msidb.org/m.php?252
Poovinum Poonkurunnaam,Witness,1988,Vasantha,Ouseppachan,Bichu Thirumala,"KJ Yesudas, KS Chithra",8203,4865,https://en.msidb.org/s.php?8203,https://en.msidb.org/m.php?4865
Sundari sundari,Aye Auto,1990,Vasantha,Raveendran,Bichu Thirumala,"MG Sreekumar, Chorus",5541,814,https://en.msidb.org/s.php?5541,https://en.msidb.org/m.php?814
Kanimalaraay,Mazhameghapraavukal,2001,Vasantha,KL Sreeram,Gireesh Puthenchery,KS Chithra,9139,360,https://en.msidb.org/s.php?9139,https://en.msidb.org/m.php?360
Chandira chandira,Banglaavil Outha,2005,Vasantha,M Jayachandran,Beeyar Prasad,"Mano, Alex Kayyalakkal",8357,4158,https://en.msidb.org/s.php?8357,https://en.msidb.org/m.php?4158
Guruvayoor unni kannanu,Aanachandam,2006,Vasantha,Jaison J Nair,PC Aravindan,Madhu Balakrishnan,11033,5299,https://en.msidb.org/s.php?11033,https://en.msidb.org/m.php?5299
En Jeevane,Apoorva - The Rare School Days,2008,Vasantha,Vidyadharan,Pooja Rajesh,Madhu Balakrishnan,17750,6244,https://en.msidb.org/s.php?17750,https://en.msidb.org/m.php?6244
Olakkuda Choodunnoru,Maanikyakkallu,2011,Vasantha,M Jayachandran,Anil Panachooran,Madhu Balakrishnan,192860,6850,https://en.msidb.org/s.php?192860,https://en.msidb.org/m.php?6850
Kannoram Chinkaaram,Rathinirvedam,2011,Vasantha,M Jayachandran,Murukan Kattakkada,Shreya Ghoshal,192948,6878,https://en.msidb.org/s.php?192948,https://en.msidb.org/m.php?6878
Nee dayarada,Neelathaamara,2009,Vasanthabhairavi,Vidyasagar,Traditional (Thyagaraja),Cherthala Ranganatha Sarma,190230,6625,https://en.msidb.org/s.php?190230,https://en.msidb.org/m.php?6625
Classical bit,Abhimanyu,1991,Vasanthasree,Raveendran,Kaithapram,KS Chithra,10625,2951,https://en.msidb.org/s.php?10625,https://en.msidb.org/m.php?2951
Ellaam Neeye Shoure,Sreemad Bhagavadgeetha,1977,Vasanthi,V Dakshinamoorthy,P Bhaskaran,S Janaki,4104,1568,https://en.msidb.org/s.php?4104,https://en.msidb.org/m.php?1568
Sharathkaala Megham,Dhruvasangamam,1981,Vasanthi,Raveendran,Sathyan Anthikkad,KJ Yesudas,6007,982,https://en.msidb.org/s.php?6007,https://en.msidb.org/m.php?982
Nananja Neriya Patturumaal,Ente Mohangal Poovaninju,1982,Vasanthi,V Dakshinamoorthy,Bichu Thirumala,"KJ Yesudas, S Janaki",6434,890,https://en.msidb.org/s.php?6434,https://en.msidb.org/m.php?890
Olam Swarangal Paadum,Coolie,1983,Vasanthi,Raveendran,Bichu Thirumala,"KJ Yesudas, Chorus",15403,983,https://en.msidb.org/s.php?15403,https://en.msidb.org/m.php?983
En manassil [M],Marakkilorikkalum,1983,Vasanthi,Zero Babu,Jamal Kochangadi,P Jayachandran,7477,2753,https://en.msidb.org/s.php?7477,https://en.msidb.org/m.php?2753
Puzhayorazhakulla pennu,Ente Nandinikutti,1984,Vasanthi,Raveendran,ONV Kurup,KJ Yesudas,7979,516,https://en.msidb.org/s.php?7979,https://en.msidb.org/m.php?516
Raavorungi pournamiyil,Pournami Raathriyil,1986,Vasanthi,Raveendran,Poovachal Khader,P Madhuri,7880,1208,https://en.msidb.org/s.php?7880,https://en.msidb.org/m.php?1208
Saamagaanasaarame,Agnidevan,1995,Vasanthi,MG Radhakrishnan,Gireesh Puthenchery,"MG Sreekumar, KS Chithra",10034,1310,https://en.msidb.org/s.php?10034,https://en.msidb.org/m.php?1310
Nanda nandana,The Prince,1996,Vasanthi,Deva,Gireesh Puthenchery,KS Chithra,9819,1899,https://en.msidb.org/s.php?9819,https://en.msidb.org/m.php?1899
Ekaakiyaam,Ente Hridayathinte Udama,2002,Vasanthi,Raveendran,ONV Kurup,P Jayachandran,8993,1935,https://en.msidb.org/s.php?8993,https://en.msidb.org/m.php?1935
Thiriyeriyunna,Goureeshankaram,2003,Vasanthi,M Jayachandran,Gireesh Puthenchery,KJ Yesudas,8803,4100,https://en.msidb.org/s.php?8803,https://en.msidb.org/m.php?4100
Paazhmulam,Ivar Vivaahitharaayaal,2009,Vasanthi,M Jayachandran,Gireesh Puthenchery,Ratheesh Kumar,189822,6580,https://en.msidb.org/s.php?189822,https://en.msidb.org/m.php?6580
Yaa Ramitha,Gaanam,1982,Velavali,V Dakshinamoorthy,Traditional (Jayadevar),M Balamuralikrishna,13022,1710,https://en.msidb.org/s.php?13022,https://en.msidb.org/m.php?1710
Anuraagalola,Dhwani,1988,Velavali,Naushad Ali,Yusufali Kecheri,"KJ Yesudas, P Susheela",8216,4527,https://en.msidb.org/s.php?8216,https://en.msidb.org/m.php?4527
Oru Kochu Swapnathinte,Pooja,1967,Vijayanaagari,G Devarajan,P Bhaskaran,P Leela,994,1228,https://en.msidb.org/s.php?994,https://en.msidb.org/m.php?1228
Kudikkoo Kudikkoo,Thenaruvi,1973,Vijayanaagari,G Devarajan,Vayalar Ramavarma,P Susheela,3047,1260,https://en.msidb.org/s.php?3047,https://en.msidb.org/m.php?1260
Pranaya Sankalpame,Nirakoottu,1985,Vijayanaagari,Shyam,Poovachal Khader,"Sathish Babu, Vani Jairam",6781,3286,https://en.msidb.org/s.php?6781,https://en.msidb.org/m.php?3286
Vallithirumanam,Raakkuyilin Raagasadassil,1986,Vilasini,MG Radhakrishnan,S Ramesan Nair,"MG Sreekumar, B Arundhathi, Chorus",7721,3047,https://en.msidb.org/s.php?7721,https://en.msidb.org/m.php?3047
Janakaninkaloru Piraviyil,Prahlaada,1941,Vrindavana Saranga,Vidwan VS Parthasarathy Ayyankar,K Madhava Warrier,-,2126,181,https://en.msidb.org/s.php?2126,https://en.msidb.org/m.php?181
Manoradhamennoru,Shakunthala,1965,Vrindavana Saranga,G Devarajan,Vayalar Ramavarma,"P Susheela, Chorus",574,3692,https://en.msidb.org/s.php?574,https://en.msidb.org/m.php?3692
Chandamulloru Penmani,Cochin Express,1967,Vrindavana Saranga,V Dakshinamoorthy,Sreekumaran Thampi,"KJ Yesudas, LR Eeswari",987,4138,https://en.msidb.org/s.php?987,https://en.msidb.org/m.php?4138
Irathedi Piriyum,Cochin Express,1967,Vrindavana Saranga,V Dakshinamoorthy,Sreekumaran Thampi,"Uthaman, S Janaki, Chorus",982,4138,https://en.msidb.org/s.php?982,https://en.msidb.org/m.php?4138
Kalppakappoonchola,Thirichadi,1968,Vrindavana Saranga,R Sudarsanam,Vayalar Ramavarma,"KJ Yesudas, S Janaki",1048,532,https://en.msidb.org/s.php?1048,https://en.msidb.org/m.php?532
Indukkalaamouli,Kumaarasambhavam,1969,Vrindavana Saranga,G Devarajan,Vayalar Ramavarma,P Madhuri,1405,557,https://en.msidb.org/s.php?1405,https://en.msidb.org/m.php?557
Abhinandanam,Karinizhal,1971,Vrindavana Saranga,G Devarajan,Vayalar Ramavarma,P Susheela,2483,2187,https://en.msidb.org/s.php?2483,https://en.msidb.org/m.php?2187
Roopavathi Nin,Kaalachakram,1973,Vrindavana Saranga,G Devarajan,Sreekumaran Thampi,"P Jayachandran, P Madhuri",2937,2926,https://en.msidb.org/s.php?2937,https://en.msidb.org/m.php?2926
Kulukkikkuthu,Ashtamirohini,1975,Vrindavana Saranga,MK Arjunan,Sreekumaran Thampi,KJ Yesudas,3747,3498,https://en.msidb.org/s.php?3747,https://en.msidb.org/m.php?3498
Mottuvirinju,Niramaala,1975,Vrindavana Saranga,MK Arjunan,Yusufali Kecheri,P Madhuri,3561,703,https://en.msidb.org/s.php?3561,https://en.msidb.org/m.php?703
Ekaadashi Dinamunarnnu,Harshabaashpam,1977,Vrindavana Saranga,MK Arjunan,Kanam EJ,Jency,4425,3184,https://en.msidb.org/s.php?4425,https://en.msidb.org/m.php?3184
Vembanaattu Kaayalil,Oonjaal,1977,Vrindavana Saranga,G Devarajan,Bichu Thirumala,P Madhuri,4474,4065,https://en.msidb.org/s.php?4474,https://en.msidb.org/m.php?4065
Kannante Kavilil Nin Sindoora Thilakatthin,Poojakkedukkaatha Pookkal,1977,Vrindavana Saranga,K Raghavan,P Bhaskaran,M Balamuralikrishna,4218,2116,https://en.msidb.org/s.php?4218,https://en.msidb.org/m.php?2116
Kalyaanappattu,Sathyavaan Saavithri,1977,Vrindavana Saranga,G Devarajan,Sreekumaran Thampi,"P Madhuri, Chorus",4388,710,https://en.msidb.org/s.php?4388,https://en.msidb.org/m.php?710
Arinju Sakhi,Aalmaaraattam,1978,Vrindavana Saranga,MK Arjunan,Venugopala Menon (P Venu),Vani Jairam,4641,4383,https://en.msidb.org/s.php?4641,https://en.msidb.org/m.php?4383
Thullikkorukudam,Eetta,1978,Vrindavana Saranga,G Devarajan,Yusufali Kecheri,"KJ Yesudas, P Madhuri, Chorus",4889,4704,https://en.msidb.org/s.php?4889,https://en.msidb.org/m.php?4704
Kizhakkonnu thuduthal,Puzha,1980,Vrindavana Saranga,MK Arjunan,P Bhaskaran,Vani Jairam,5717,254,https://en.msidb.org/s.php?5717,https://en.msidb.org/m.php?254
Vasantha Nidra,Raajanarthaki,1980,Vrindavana Saranga,MK Arjunan,P Bhaskaran,KJ Yesudas,10703,5341,https://en.msidb.org/s.php?10703,https://en.msidb.org/m.php?5341
Maakanda Pushpame,Nidhi,1982,Vrindavana Saranga,"KV Job, George",ONV Kurup,S Janaki,10809,5275,https://en.msidb.org/s.php?10809,https://en.msidb.org/m.php?5275
Arikilo akaleyo,Novemberinte Nashtam,1982,Vrindavana Saranga,MG Radhakrishnan,Poovachal Khader,"KS Chithra, B Arundhathi",6307,4663,https://en.msidb.org/s.php?6307,https://en.msidb.org/m.php?4663
Gopike nin viral,Kattathe Kilikkoodu,1983,Vrindavana Saranga,Johnson,Kavalam Narayana Panicker,S Janaki,7406,3357,https://en.msidb.org/s.php?7406,https://en.msidb.org/m.php?3357
Manassum manchalum,Kalkki,1984,Vrindavana Saranga,G Devarajan,"Malayattoor Ramakrishnan, Kaniyapuram Ramachandran",P Jayachandran,8058,4984,https://en.msidb.org/s.php?8058,https://en.msidb.org/m.php?4984
Kaathodu Kaathoram,Kaathodu Kaathoram,1985,Vrindavana Saranga,Bharathan,ONV Kurup,N Lathika,6824,105,https://en.msidb.org/s.php?6824,https://en.msidb.org/m.php?105
Thottil Thudangidum,Ariyaatha Bandham,1986,Vrindavana Saranga,MS Viswanathan,Poovachal Khader,Vani Jairam,13641,4373,https://en.msidb.org/s.php?13641,https://en.msidb.org/m.php?4373
Unnipirannu,Sree Naaraayanaguru,1986,Vrindavana Saranga,G Devarajan,Kollam Jaffer,"P Jayachandran, P Madhuri",7873,2405,https://en.msidb.org/s.php?7873,https://en.msidb.org/m.php?2405
Chaliye Kunjanamo,Swaathy Thirunaal,1987,Vrindavana Saranga,MB Sreenivasan,Traditional (Swathi Thirunal),KS Chithra,7131,252,https://en.msidb.org/s.php?7131,https://en.msidb.org/m.php?252
Aakaasadeepamennum,Gaandharvam,1989,Vrindavana Saranga,Sharreth,Kaithapram,Uncategorized,1954325,8070,https://en.msidb.org/s.php?1954325,https://en.msidb.org/m.php?8070
Urakkam kankalil,Mahaayaanam,1989,Vrindavana Saranga,Ouseppachan,Sreekumaran Thampi,MG Sreekumar,6992,2419,https://en.msidb.org/s.php?6992,https://en.msidb.org/m.php?2419
Urakkam kankalil,Mahaayaanam,1989,Vrindavana Saranga,Ouseppachan,Sreekumaran Thampi,KS Chithra,6993,2419,https://en.msidb.org/s.php?6993,https://en.msidb.org/m.php?2419
Thillaana,Vandanam,1989,Vrindavana Saranga,Ouseppachan,Traditional (Dr Balamuralikrishna),MG Sreekumar,12954,971,https://en.msidb.org/s.php?12954,https://en.msidb.org/m.php?971
Aakaasadeepamennum,Kshanakkathu,1990,Vrindavana Saranga,Sharreth,Kaithapram,"KJ Yesudas, KS Chithra",5409,4915,https://en.msidb.org/s.php?5409,https://en.msidb.org/m.php?4915
Varavarnna melayaay,Njaan Kodeeshwaran,1994,Vrindavana Saranga,Ouseppachan,Gireesh Puthenchery,KJ Yesudas,10138,4628,https://en.msidb.org/s.php?10138,https://en.msidb.org/m.php?4628
Indraneela Poomizhikal,Roudram,1994,Vrindavana Saranga,Kozhikode Yesudas,PK Gopi,"KJ Yesudas, Sindhu Premkumar",12722,5667,https://en.msidb.org/s.php?12722,https://en.msidb.org/m.php?5667
Chaliye Kunjanumo,Share Market,1994,Vrindavana Saranga,Raveendran,Traditional (Swathi Thirunal),KS Chithra,12981,1296,https://en.msidb.org/s.php?12981,https://en.msidb.org/m.php?1296
Aaradaye Manamohana Raadhe,Sopaanam,1994,Vrindavana Saranga,SP Venkitesh,Kaithapram,"KJ Yesudas, Poornachandra Rao",15163,4602,https://en.msidb.org/s.php?15163,https://en.msidb.org/m.php?4602
Manjin Yavanika,Mayooranrutham,1996,Vrindavana Saranga,G Devarajan,P Bhaskaran,"KJ Yesudas, Chorus",11689,1793,https://en.msidb.org/s.php?11689,https://en.msidb.org/m.php?1793
Aadyamaay Kandanaal,Thoovalkkottaaram,1996,Vrindavana Saranga,Johnson,Kaithapram,"KJ Yesudas, KS Chithra",9812,1145,https://en.msidb.org/s.php?9812,https://en.msidb.org/m.php?1145
Aapaada Madhuramee,Innalekalillaathe,1997,Vrindavana Saranga,Rex Issac,Kaithapram,"Ramesh Murali, KS Chithra",13014,257,https://en.msidb.org/s.php?13014,https://en.msidb.org/m.php?257
Maranjupoyathenthe,Kaarunyam,1997,Vrindavana Saranga,Kaithapram,Kaithapram,KJ Yesudas,11705,3782,https://en.msidb.org/s.php?11705,https://en.msidb.org/m.php?3782
Kalichirithan Praayam [F],The Car,1997,Vrindavana Saranga,Sanjeev,S Ramesan Nair,KS Chithra,16136,3802,https://en.msidb.org/s.php?16136,https://en.msidb.org/m.php?3802
Kalichirithan Praayam [M],The Car,1997,Vrindavana Saranga,Sanjeev,S Ramesan Nair,KJ Yesudas,14680,3802,https://en.msidb.org/s.php?14680,https://en.msidb.org/m.php?3802
Kalichirithan praayam,The Car,1997,Vrindavana Saranga,Sanjeev,S Ramesan Nair,"KJ Yesudas, KS Chithra",9681,3802,https://en.msidb.org/s.php?9681,https://en.msidb.org/m.php?3802
Nanda Kumaaranu,Chithrashalabham,1998,Vrindavana Saranga,Perumbavoor G Ravindranath,Yusufali Kecheri,Bhavana Radhakrishnan,12415,3944,https://en.msidb.org/s.php?12415,https://en.msidb.org/m.php?3944
Nanda Kumaaranu,Chithrashalabham,1998,Vrindavana Saranga,Perumbavoor G Ravindranath,Yusufali Kecheri,Sudeep Kumar,15621,3944,https://en.msidb.org/s.php?15621,https://en.msidb.org/m.php?3944
Then thulumbum,Ennu Swantham Jaanakikutty,1998,Vrindavana Saranga,Kaithapram,Kaithapram,KJ Yesudas,11731,2147,https://en.msidb.org/s.php?11731,https://en.msidb.org/m.php?2147
Choolamadichu,Summer in Bethlehem,1998,Vrindavana Saranga,Vidyasagar,Gireesh Puthenchery,"KS Chithra, Chorus",9558,1928,https://en.msidb.org/s.php?9558,https://en.msidb.org/m.php?1928
Veyilinte,English Medium,1999,Vrindavana Saranga,Raveendran,Gireesh Puthenchery,KJ Yesudas,9498,2622,https://en.msidb.org/s.php?9498,https://en.msidb.org/m.php?2622
Pulari nilavu,Pallaavoor Devanaaraayanan,1999,Vrindavana Saranga,Raveendran,Gireesh Puthenchery,KJ Yesudas,9450,749,https://en.msidb.org/s.php?9450,https://en.msidb.org/m.php?749
Kanakasabhaathalam [M],Udayapuram Sulthan,1999,Vrindavana Saranga,Kaithapram,Kaithapram,Madhu Balakrishnan,9411,2429,https://en.msidb.org/s.php?9411,https://en.msidb.org/m.php?2429
Deenadayaalo raamaa,Arayannangalude Veedu,2000,Vrindavana Saranga,Raveendran,Gireesh Puthenchery,"KJ Yesudas, Gayathri Ashokan",9665,5003,https://en.msidb.org/s.php?9665,https://en.msidb.org/m.php?5003
Karale nin kai,Devadoothan,2000,Vrindavana Saranga,Vidyasagar,Kaithapram,"KJ Yesudas, PV Preetha",9364,1923,https://en.msidb.org/s.php?9364,https://en.msidb.org/m.php?1923
Kalyaanakkuyil vilikkum,Sparsham,2000,Vrindavana Saranga,Sharreth,S Ramesan Nair,KS Chithra,9236,2693,https://en.msidb.org/s.php?9236,https://en.msidb.org/m.php?2693
Chanchala druthapada,Ishtam,2001,Vrindavana Saranga,Mohan Sithara,Kaithapram,KS Chithra,9179,1154,https://en.msidb.org/s.php?9179,https://en.msidb.org/m.php?1154
Oru naru pushpamaay,Meghamalhaar,2001,Vrindavana Saranga,Ramesh Narayan,ONV Kurup,"KS Chithra, Ramesh Narayan",9135,1750,https://en.msidb.org/s.php?9135,https://en.msidb.org/m.php?1750
Orunarupushpam,Meghamalhaar,2001,Vrindavana Saranga,Ramesh Narayan,ONV Kurup,KJ Yesudas,9131,1750,https://en.msidb.org/s.php?9131,https://en.msidb.org/m.php?1750
Pularolithan Malarilo,Punyam,2002,Vrindavana Saranga,M Jayachandran,S Ramesan Nair,KJ Yesudas,14874,3242,https://en.msidb.org/s.php?14874,https://en.msidb.org/m.php?3242
Pularolithan malarilo (D),Punyam,2002,Vrindavana Saranga,M Jayachandran,S Ramesan Nair,"KJ Yesudas, KS Chithra",8884,3242,https://en.msidb.org/s.php?8884,https://en.msidb.org/m.php?3242
Kasthoorikkuri Thottu,Swapnam Kondu Thulaabhaaram,2003,Vrindavana Saranga,Ouseppachan,Gireesh Puthenchery,Jyotsna Radhakrishnan,8720,1414,https://en.msidb.org/s.php?8720,https://en.msidb.org/m.php?1414
Kasthoorikkuri Thottu (M),Swapnam Kondu Thulaabhaaram,2003,Vrindavana Saranga,Ouseppachan,Gireesh Puthenchery,KJ Yesudas,14614,1414,https://en.msidb.org/s.php?14614,https://en.msidb.org/m.php?1414
Minnaayam minnum,Ananthabhadram,2005,Vrindavana Saranga,MG Radhakrishnan,Gireesh Puthenchery,KS Chithra,8381,1013,https://en.msidb.org/s.php?8381,https://en.msidb.org/m.php?1013
Poovambante Kalippantho,Deepangal Saakshi,2005,Vrindavana Saranga,Ouseppachan,Yusufali Kecheri,Jyotsna Radhakrishnan,8299,1253,https://en.msidb.org/s.php?8299,https://en.msidb.org/m.php?1253
Oraalinnoraalinte,Mazhamukilpole,2005,Vrindavana Saranga,Noornad Krishnankutty,Koothattukulam Sasi,KJ Yesudas,14076,5240,https://en.msidb.org/s.php?14076,https://en.msidb.org/m.php?5240
Oraalinnoraalinte,Mazhamukilpole,2005,Vrindavana Saranga,Noornad Krishnankutty,Koothattukulam Sasi,KS Chithra,14095,5240,https://en.msidb.org/s.php?14095,https://en.msidb.org/m.php?5240
Shyaamavaaniletho Kanikkonna [M],Aanachandam,2006,Vrindavana Saranga,Jaison J Nair,PC Aravindan,G Venugopal,11038,5299,https://en.msidb.org/s.php?11038,https://en.msidb.org/m.php?5299
Mazhayil,Karutha Pakshikal,2006,Vrindavana Saranga,Mohan Sithara,Sarath Vayalar,Manjari,12012,5302,https://en.msidb.org/s.php?12012,https://en.msidb.org/m.php?5302
Mazhavillin,Hallo,2007,Vrindavana Saranga,Alex Paul,Sarath Vayalar,"Afsal, Manjari, Sangeetha Srikanth",13826,5987,https://en.msidb.org/s.php?13826,https://en.msidb.org/m.php?5987
Maampullikkaavil,Kadha Parayumbol,2007,Vrindavana Saranga,M Jayachandran,Gireesh Puthenchery,"Vineeth Sreenivasan, Shweta Mohan",15417,6104,https://en.msidb.org/s.php?15417,https://en.msidb.org/m.php?6104
Orikkal Neeparanju,Positive,2008,Vrindavana Saranga,Alex Paul,Sarath Vayalar,"G Venugopal, Manjari",16141,6124,https://en.msidb.org/s.php?16141,https://en.msidb.org/m.php?6124
Pottu thottu,Nammal Thammil (Fifty Fifty),2009,Vrindavana Saranga,M Jayachandran,Gireesh Puthenchery,Madhu Balakrishnan,8539,2248,https://en.msidb.org/s.php?8539,https://en.msidb.org/m.php?2248
Dhum Dhum Dhum Dooreyetho,Raakkilippaattu,2009,Vrindavana Saranga,Vidyasagar,Gireesh Puthenchery,"KS Chithra, Sujatha Mohan, Sangeetha Sajith",9258,3612,https://en.msidb.org/s.php?9258,https://en.msidb.org/m.php?3612
Mangalangal,Kaaryasthan,2010,Vrindavana Saranga,Berny Ignatius,Kaithapram,"Benny Dayal, Chorus",192368,6748,https://en.msidb.org/s.php?192368,https://en.msidb.org/m.php?6748
Anuraadha,Neelaambari,2010,Vrindavana Saranga,Kaithapram Viswanath,Kaithapram,Madhu Balakrishnan,190932,6715,https://en.msidb.org/s.php?190932,https://en.msidb.org/m.php?6715
Oru mathavumanyamalla,Yugapurushan,2010,Vrindavana Saranga,Mohan Sithara,Kaithapram,KJ Yesudas,190528,6648,https://en.msidb.org/s.php?190528,https://en.msidb.org/m.php?6648
Nin Viralthumpil,Beautiful,2011,Vrindavana Saranga,Ratheesh Vegha,Anoop Menon,Gayathri Ashokan,193384,6956,https://en.msidb.org/s.php?193384,https://en.msidb.org/m.php?6956
Chenthamara Theno,Nine One Six - 916,2012,Vrindavana Saranga,M Jayachandran,Anil Panachooran,"Haricharan Seshadri, Mridula Warrier",194167,7102,https://en.msidb.org/s.php?194167,https://en.msidb.org/m.php?7102
Vaakkinullile,Ozhimuri,2012,Vrindavana Saranga,Bijibal Maniyil,Sarath Vayalar,"Yazin Nizar, Soumya Ramakrishnan",194088,7107,https://en.msidb.org/s.php?194088,https://en.msidb.org/m.php?7107
Raasaleelaanga,Cleopatra,2013,Vrindavana Saranga,Sangeetha Varma,RK Damodaran,"KJ Yesudas, Sangeetha Varma",193364,6930,https://en.msidb.org/s.php?193364,https://en.msidb.org/m.php?6930
Moolivarunna,Nadan,2013,Vrindavana Saranga,Ouseppachan,Dr Madhu Vasudev,"G Sreeram, Mridula Warrier",195073,7399,https://en.msidb.org/s.php?195073,https://en.msidb.org/m.php?7399
Ivalaro,Oru Mexican Apaaratha,2017,Vrindavana Saranga,Manikandan Ayyappa,Rafeeq Ahamed,Vijay Yesudas,1955112,8266,https://en.msidb.org/s.php?1955112,https://en.msidb.org/m.php?8266
Endhe Kanna,Aravindante Adhithikal,2018,Vrindavana Saranga,Shaan Rahman,BK Harinarayanan,Megha Josekutty,1956365,8702,https://en.msidb.org/s.php?1956365,https://en.msidb.org/m.php?8702
Ha Sahajasaayoojyame,Balan,1938,Yadukula Kamboji,"KK Aroor, Ibrahim",Muthukulam Raghavan Pillai,MK Kamalam,2102,1204,https://en.msidb.org/s.php?2102,https://en.msidb.org/m.php?1204
Akhilalokaikaveera,Prahlaada,1941,Yadukula Kamboji,Vidwan VS Parthasarathy Ayyankar,K Madhava Warrier,-,2123,181,https://en.msidb.org/s.php?2123,https://en.msidb.org/m.php?181
Pithamellam Thelinju,Prahlaada,1941,Yadukula Kamboji,Vidwan VS Parthasarathy Ayyankar,K Madhava Warrier,-,2140,181,https://en.msidb.org/s.php?2140,https://en.msidb.org/m.php?181
Naagaraadi Ennayundu,Devaalayam,1964,Yadukula Kamboji,V Dakshinamoorthy,Abhayadev,V Dakshinamoorthy,303,4880,https://en.msidb.org/s.php?303,https://en.msidb.org/m.php?4880
Kottum Njaan Kettilla,Thacholi Othenan,1964,Yadukula Kamboji,MS Baburaj,P Bhaskaran,"P Leela, Chorus",287,1236,https://en.msidb.org/s.php?287,https://en.msidb.org/m.php?1236
Ambalakkulangare,Odayil Ninnu,1965,Yadukula Kamboji,G Devarajan,Vayalar Ramavarma,P Leela,448,2820,https://en.msidb.org/s.php?448,https://en.msidb.org/m.php?2820
Kannukal Thudichappol,Cochin Express,1967,Yadukula Kamboji,V Dakshinamoorthy,Sreekumaran Thampi,P Leela,983,4138,https://en.msidb.org/s.php?983,https://en.msidb.org/m.php?4138
Ambala Veliyl,Sthree,1970,Yadukula Kamboji,V Dakshinamoorthy,P Bhaskaran,S Janaki,2252,4711,https://en.msidb.org/s.php?2252,https://en.msidb.org/m.php?4711
Engumengum,Madhuraswapnam,1977,Yadukula Kamboji,MK Arjunan,Sreekumaran Thampi,"Santha Madhu, Kausalya",4158,3742,https://en.msidb.org/s.php?4158,https://en.msidb.org/m.php?3742
Paal Pozhiyum Mozhi,Asthamayam,1978,Yadukula Kamboji,Shyam,Sreekumaran Thampi,"P Jayachandran, Vani Jairam",4851,429,https://en.msidb.org/s.php?4851,https://en.msidb.org/m.php?429
Hamsagaanamaalapikkum,Iniyethra Sandhyakal,1979,Yadukula Kamboji,G Devarajan,Mankombu Gopalakrishnan,P Madhuri,5008,870,https://en.msidb.org/s.php?5008,https://en.msidb.org/m.php?870
Sreerama Jayarama,Sree Thyagaraja,1981,Yadukula Kamboji,KV Mahadevan,Traditional (Thyagaraja),SP Balasubrahmanyam,5922,3020,https://en.msidb.org/s.php?5922,https://en.msidb.org/m.php?3020
Aliveni,Gaanam,1982,Yadukula Kamboji,V Dakshinamoorthy,Traditional (Swathi Thirunal),P Susheela,13019,1710,https://en.msidb.org/s.php?13019,https://en.msidb.org/m.php?1710
Thonda randum,Chidambaram,1986,Yadukula Kamboji,G Devarajan,Traditional (Folk),P Madhuri,7837,2651,https://en.msidb.org/s.php?7837,https://en.msidb.org/m.php?2651
Nanda Kumaaranu,Chithrashalabham,1998,Yadukula Kamboji,Perumbavoor G Ravindranath,Yusufali Kecheri,Bhavana Radhakrishnan,12415,3944,https://en.msidb.org/s.php?12415,https://en.msidb.org/m.php?3944
Nanda Kumaaranu,Chithrashalabham,1998,Yadukula Kamboji,Perumbavoor G Ravindranath,Yusufali Kecheri,Sudeep Kumar,15621,3944,https://en.msidb.org/s.php?15621,https://en.msidb.org/m.php?3944
Enthoru Kazhiveni,Ayodhya,2004,Yadukula Kamboji,Kaithapram,Kaithapram,Shabnam Riyaz,14038,5778,https://en.msidb.org/s.php?14038,https://en.msidb.org/m.php?5778
Thekkini,Sufi Paranja Kadha,2010,Yadukula Kamboji,Mohan Sithara,Rafeeq Ahamed,"PK Sunil Kumar, KS Chithra",190209,6620,https://en.msidb.org/s.php?190209,https://en.msidb.org/m.php?6620
Naaraayana Naaraayana,Prahlaada,1941,Yamuna Kalyani,Vidwan VS Parthasarathy Ayyankar,K Madhava Warrier,-,2130,181,https://en.msidb.org/s.php?2130,https://en.msidb.org/m.php?181
Gaayaka Gaayaka,Navalokam,1951,Yamuna Kalyani,V Dakshinamoorthy,P Bhaskaran,P Leela,1583,4821,https://en.msidb.org/s.php?1583,https://en.msidb.org/m.php?4821
Aanandaananda Kumara,Aniyathi,1955,Yamuna Kalyani,Br Lakshmanan,Thirunayinaarkurichi Madhavan Nair,"Kamukara Purushothaman, P Leela",1822,2459,https://en.msidb.org/s.php?1822,https://en.msidb.org/m.php?2459
Kanni Nilaavathu,Thacholi Othenan,1964,Yamuna Kalyani,MS Baburaj,P Bhaskaran,P Leela,289,1236,https://en.msidb.org/s.php?289,https://en.msidb.org/m.php?1236
Kanmani Neeyen Karam,Kuppivala,1965,Yamuna Kalyani,MS Baburaj,P Bhaskaran,"AM Raja, P Susheela",491,4801,https://en.msidb.org/s.php?491,https://en.msidb.org/m.php?4801
Nadikalil Sundari,Anaarkali,1966,Yamuna Kalyani,MS Baburaj,Vayalar Ramavarma,"KJ Yesudas, B Vasantha",727,4692,https://en.msidb.org/s.php?727,https://en.msidb.org/m.php?4692
Kunkumappoovukal Poothu,Kaayamkulam Kochunni,1966,Yamuna Kalyani,BA Chidambaranath,P Bhaskaran,"KJ Yesudas, S Janaki",717,1864,https://en.msidb.org/s.php?717,https://en.msidb.org/m.php?1864
Innale Mayangumbol,Anweshichu Kandethiyilla,1967,Yamuna Kalyani,MS Baburaj,P Bhaskaran,KJ Yesudas,949,3101,https://en.msidb.org/s.php?949,https://en.msidb.org/m.php?3101
Madhurapratheekshathan,Bhaagyamudra,1967,Yamuna Kalyani,Pukazhenthi,P Bhaskaran,"KJ Yesudas, S Janaki",927,657,https://en.msidb.org/s.php?927,https://en.msidb.org/m.php?657
En Praananaayakane,Pareeksha,1967,Yamuna Kalyani,MS Baburaj,P Bhaskaran,S Janaki,981,3493,https://en.msidb.org/s.php?981,https://en.msidb.org/m.php?3493
Paavaadapraayathil,Kaarthika,1968,Yamuna Kalyani,MS Baburaj,Yusufali Kecheri,KJ Yesudas,1091,245,https://en.msidb.org/s.php?1091,https://en.msidb.org/m.php?245
Aaraadhikayude Poojaakusumam,Manaswini,1968,Yamuna Kalyani,MS Baburaj,P Bhaskaran,S Janaki,1220,4288,https://en.msidb.org/s.php?1220,https://en.msidb.org/m.php?4288
Mangalam Kunnile,Othenante Makan,1970,Yamuna Kalyani,G Devarajan,Vayalar Ramavarma,KJ Yesudas,2313,2354,https://en.msidb.org/s.php?2313,https://en.msidb.org/m.php?2354
Yavanasundari,Pearl View,1970,Yamuna Kalyani,G Devarajan,Vayalar Ramavarma,"KJ Yesudas, B Vasantha",2205,2087,https://en.msidb.org/s.php?2205,https://en.msidb.org/m.php?2087
Pushyaraga Mothiramittoru,Inquilab Sindabad,1971,Yamuna Kalyani,G Devarajan,Vayalar Ramavarma,KJ Yesudas,2558,3282,https://en.msidb.org/s.php?2558,https://en.msidb.org/m.php?3282
Puthrakameshti,Thapaswini,1971,Yamuna Kalyani,G Devarajan,Vayalar Ramavarma,P Madhuri,2626,1413,https://en.msidb.org/s.php?2626,https://en.msidb.org/m.php?1413
Ambike Jagadambike,Theerthayaathra,1972,Yamuna Kalyani,AT Ummer,P Bhaskaran,"Kaviyoor Ponnamma, B Vasantha, P Madhuri",2861,3362,https://en.msidb.org/s.php?2861,https://en.msidb.org/m.php?3362
Kaamukahrithil kavitha,Dharmayudham,1973,Yamuna Kalyani,G Devarajan,G Kumarapilla,P Madhuri,3081,3642,https://en.msidb.org/s.php?3081,https://en.msidb.org/m.php?3642
Kalabhathil Mungivarum,Ayodhya,1975,Yamuna Kalyani,G Devarajan,P Bhaskaran,"KJ Yesudas, P Madhuri",3665,3061,https://en.msidb.org/s.php?3665,https://en.msidb.org/m.php?3061
Kaarthikappookkuda,Chennaaya Valarthiya Kutty,1976,Yamuna Kalyani,MK Arjunan,Mankombu Gopalakrishnan,KJ Yesudas,3861,4214,https://en.msidb.org/s.php?3861,https://en.msidb.org/m.php?4214
Syamanthaka Panchaka,Chennaaya Valarthiya Kutty,1976,Yamuna Kalyani,MK Arjunan,Mankombu Gopalakrishnan,KJ Yesudas,8259,4214,https://en.msidb.org/s.php?8259,https://en.msidb.org/m.php?4214
Chaarulathe,Romeo,1976,Yamuna Kalyani,G Devarajan,Vayalar Ramavarma,KJ Yesudas,3937,987,https://en.msidb.org/s.php?3937,https://en.msidb.org/m.php?987
Kadale Neelakkadale,Dweepu,1977,Yamuna Kalyani,MS Baburaj,Yusufali Kecheri,Talat Mahmood,4142,1030,https://en.msidb.org/s.php?4142,https://en.msidb.org/m.php?1030
Jaathimallippoomazhayil,Lakshmi,1977,Yamuna Kalyani,G Devarajan,Sreekumaran Thampi,P Jayachandran,4272,2355,https://en.msidb.org/s.php?4272,https://en.msidb.org/m.php?2355
Ragam Thanam Pallavi,Madhuraswapnam,1977,Yamuna Kalyani,MK Arjunan,Sreekumaran Thampi,KJ Yesudas,4159,3742,https://en.msidb.org/s.php?4159,https://en.msidb.org/m.php?3742
Kaapaalikare,Rathimanmadhan,1977,Yamuna Kalyani,MS Viswanathan,Pappanamkodu Lakshmanan,Jolly Abraham,4453,1806,https://en.msidb.org/s.php?4453,https://en.msidb.org/m.php?1806
Madhuvidhu Raathrikal,Shaantha oru Devatha,1977,Yamuna Kalyani,MK Arjunan,Sreekumaran Thampi,"P Jayachandran, Vani Jairam",4402,2484,https://en.msidb.org/s.php?4402,https://en.msidb.org/m.php?2484
Lalithaa Sahasranamam,Ahalya,1978,Yamuna Kalyani,KJ Joy,Bichu Thirumala,"S Janaki, Chorus",4682,740,https://en.msidb.org/s.php?4682,https://en.msidb.org/m.php?740
Snehaardra,Raappadikalude Gaadha,1978,Yamuna Kalyani,G Devarajan,Yusufali Kecheri,P Madhuri,4898,2080,https://en.msidb.org/s.php?4898,https://en.msidb.org/m.php?2080
Mannil Vinnil Manassilaake,Thiranottam,1978,Yamuna Kalyani,MG Radhakrishnan,ONV Kurup,KJ Yesudas,189689,6572,https://en.msidb.org/s.php?189689,https://en.msidb.org/m.php?6572
Sharadindu Malardeepa,Ulkadal,1979,Yamuna Kalyani,MB Sreenivasan,ONV Kurup,"P Jayachandran, Selma George",5281,1023,https://en.msidb.org/s.php?5281,https://en.msidb.org/m.php?1023
Swapnangale Veenurangu,Thakilu Kottaampuram,1981,Yamuna Kalyani,Darsan Raman,Balu Kiriyath,KJ Yesudas,5935,571,https://en.msidb.org/s.php?5935,https://en.msidb.org/m.php?571
Shruthiyil Ninnuyarum [F],Thrishna,1981,Yamuna Kalyani,Shyam,Bichu Thirumala,S Janaki,6044,1084,https://en.msidb.org/s.php?6044,https://en.msidb.org/m.php?1084
Shruthiyil Ninnuyarum [M],Thrishna,1981,Yamuna Kalyani,Shyam,Bichu Thirumala,KJ Yesudas,6043,1084,https://en.msidb.org/s.php?6043,https://en.msidb.org/m.php?1084
Jalasankhupushpam,Ahimsa,1982,Yamuna Kalyani,AT Ummer,Bichu Thirumala,S Janaki,6111,2522,https://en.msidb.org/s.php?6111,https://en.msidb.org/m.php?2522
Annu Nin Kandathil,Kaliman Prathimakal,1982,Yamuna Kalyani,MK Arjunan,Poovachal Khader,KJ Yesudas,8258,5336,https://en.msidb.org/s.php?8258,https://en.msidb.org/m.php?5336
Chithrashalabhame,Kalkki,1984,Yamuna Kalyani,G Devarajan,"Malayattoor Ramakrishnan, Kaniyapuram Ramachandran",Karthikeyan,8057,4984,https://en.msidb.org/s.php?8057,https://en.msidb.org/m.php?4984
Sankalpa Nandana,Vikadakavi,1984,Yamuna Kalyani,G Devarajan,P Bhaskaran,"KJ Yesudas, P Susheela",7378,193,https://en.msidb.org/s.php?7378,https://en.msidb.org/m.php?193
Hemanthamaay Ee Vediyil,Ponnumkudathinum Pottu,1986,Yamuna Kalyani,Shyam,Chunakkara Ramankutty,KJ Yesudas,7733,3379,https://en.msidb.org/s.php?7733,https://en.msidb.org/m.php?3379
Unnikale Oru Kadha,Unnikale Oru Kadha Parayaam,1987,Yamuna Kalyani,Ouseppachan,Bichu Thirumala,"KJ Yesudas, Chorus",7089,141,https://en.msidb.org/s.php?7089,https://en.msidb.org/m.php?141
Dheerasameere Yamunaatheere,1921,1988,Yamuna Kalyani,Shyam,Traditional (Jayadevar),KS Chithra,15533,215,https://en.msidb.org/s.php?15533,https://en.msidb.org/m.php?215
Jaanaki Jaane,Dhwani,1988,Yamuna Kalyani,Naushad Ali,Yusufali Kecheri,KJ Yesudas,8212,4527,https://en.msidb.org/s.php?8212,https://en.msidb.org/m.php?4527
Jaanaki Jaane,Dhwani,1988,Yamuna Kalyani,Naushad Ali,Yusufali Kecheri,P Susheela,8213,4527,https://en.msidb.org/s.php?8213,https://en.msidb.org/m.php?4527
Puthumazhayaay,Mudra,1989,Yamuna Kalyani,Mohan Sithara,Kaithapram,MG Sreekumar,10654,3301,https://en.msidb.org/s.php?10654,https://en.msidb.org/m.php?3301
Kasthoori Thilakam (Krishna Nee),Raadha Maadhavam,1990,Yamuna Kalyani,Vidyadharan,Traditional (Vilwamangalam),MG Sreekumar,14684,2437,https://en.msidb.org/s.php?14684,https://en.msidb.org/m.php?2437
Kasthoori Thilakam [Krishna nee begane],Raadha Maadhavam,1990,Yamuna Kalyani,Vidyadharan,Traditional (Kanakadaasar),KS Chithra,5400,2437,https://en.msidb.org/s.php?5400,https://en.msidb.org/m.php?2437
Cheerappoovukalkkumma,Dhanam,1991,Yamuna Kalyani,Raveendran,PK Gopi,KS Chithra,10596,3960,https://en.msidb.org/s.php?10596,https://en.msidb.org/m.php?3960
Rathisukhasaare,Kanyakumariyil Oru Kavitha,1993,Yamuna Kalyani,Kannur Rajan,Traditional (Jayadevar),KS Chithra,12424,1774,https://en.msidb.org/s.php?12424,https://en.msidb.org/m.php?1774
Rathisukhasaare,Kanyakumariyil Oru Kavitha,1993,Yamuna Kalyani,Kannur Rajan,Traditional (Jayadevar),KJ Yesudas,12425,1774,https://en.msidb.org/s.php?12425,https://en.msidb.org/m.php?1774
Kathivanoor Veerane,Kaliyaattam,1997,Yamuna Kalyani,Kaithapram,Kaithapram,Sreeja,13904,721,https://en.msidb.org/s.php?13904,https://en.msidb.org/m.php?721
Aakaashathaamara,Ayaal Kadhayezhthukayaanu,1998,Yamuna Kalyani,Raveendran,Kaithapram,"KJ Yesudas, Mano",9656,3768,https://en.msidb.org/s.php?9656,https://en.msidb.org/m.php?3768
Devabhaavana Mannil,Sneham,1998,Yamuna Kalyani,Perumbavoor G Ravindranath,Yusufali Kecheri,KJ Yesudas,12973,5821,https://en.msidb.org/s.php?12973,https://en.msidb.org/m.php?5821
Kannuneerinum,Vaasanthiyum Lakshmiyum Pinne Njaanum,1999,Yamuna Kalyani,Mohan Sithara,Yusufali Kecheri,KJ Yesudas,14008,3987,https://en.msidb.org/s.php?14008,https://en.msidb.org/m.php?3987
Sreelavasantham,Nandanam,2002,Yamuna Kalyani,Raveendran,Gireesh Puthenchery,KJ Yesudas,9109,4990,https://en.msidb.org/s.php?9109,https://en.msidb.org/m.php?4990
Enthe nee kanna,Sasneham Sumitra,2004,Yamuna Kalyani,Ouseppachan,Shibu Chakravarthy,Gayathri Ashokan,10986,3526,https://en.msidb.org/s.php?10986,https://en.msidb.org/m.php?3526
Oru Vaakku Mindaathe,July 4,2007,Yamuna Kalyani,Ouseppachan,Shibu Chakravarthy,"Vineeth Sreenivasan, Chorus",13968,6010,https://en.msidb.org/s.php?13968,https://en.msidb.org/m.php?6010
Oru Vaakku Mindaathe,July 4,2007,Yamuna Kalyani,Ouseppachan,Shibu Chakravarthy,"Vineeth Sreenivasan, Shweta Mohan, Chorus",13969,6010,https://en.msidb.org/s.php?13969,https://en.msidb.org/m.php?6010
Krishna Nee Begane,Nivedyam,2007,Yamuna Kalyani,M Jayachandran,Traditional (Vyasaraya Tirtha),Sudha Ranjith,14190,6025,https://en.msidb.org/s.php?14190,https://en.msidb.org/m.php?6025
