ID,Name,Original_Name,Melakarta_No,Melakarta_Name,Chakra_No,Chakra_Name,Arohana,Avarohana,Scale_Type,Is_Bhashanga,Anya_Swaras,Is_Vakra,Extra_Note,Wikipedia_URL
"kanakambari","Kanakambari","Kanakāmbari",1,"Kanakangi",1,"Indu (Moon)","S R1 M1 P D1 S'","S' N1 D1 P M1 G1 R1 S","Audava-Sampurna",No,"",Yes,"","https://en.wikipedia.org/wiki/Kanakambari"
"kanakatodi","Kanakatodi","Kanakatodi",1,"Kanakangi",1,"Indu (Moon)","S R1 G1 M1 P D1 S'","S' N1 D1 P M1 R1 S","Shadava",No,"",Yes,"","https://en.wikipedia.org/wiki/List_of_Janya_ragas"
"madhavapriya","Madhavapriya","Mādhavapriyā",1,"Kanakangi",1,"Indu (Moon)","S R1 G1 P D1 N1 S'","S' N1 D1 P G1 R1 S","Shadava",No,"",Yes,"","https://en.wikipedia.org/wiki/List_of_Janya_ragas"
"karnataka-shuddha-saveri","Karnataka Shuddha Saveri","Karnātaka Shuddha Sāveri",1,"Kanakangi",1,"Indu (Moon)","S R1 M1 P D1 S'","S' D1 P M1 R1 S","Audava",No,"",Yes,"","https://en.wikipedia.org/wiki/Karnataka_Shuddha_Saveri"
"latantapriya","Latantapriya","Latantapriya",1,"Kanakangi",1,"Indu (Moon)","S R1 G1 M1 P D1 S'","S' D1 P M1 R1 S","Shadava-Audava",No,"",Yes,"","https://en.wikipedia.org/wiki/List_of_Janya_ragas"
"lavangi","Lavangi","Lavangi",1,"Kanakangi",1,"Indu (Moon)","S R1 M1 D1 S'","S' D1 M1 R1 S","Swarantara",No,"",Yes,"Raga created by M. Balamuralikrishna","https://en.wikipedia.org/wiki/List_of_Janya_ragas"
"megha","Megha","Megha",1,"Kanakangi",1,"Indu (Moon)","S R1 M1 P D1 N1 D1 P S'","S' N1 D1 P M1 R1 S","Shadava",No,"",Yes,"","https://en.wikipedia.org/wiki/List_of_Janya_ragas"
"rishabhavilasa","Rishabhavilasa","Rishabhavilāsa",1,"Kanakangi",1,"Indu (Moon)","S R1 M1 P D1 S'","S' D1 P M1 R1 M1 R1 S","Audava",No,"",Yes,"","https://en.wikipedia.org/wiki/List_of_Janya_ragas"
"sarvashree","Sarvashree","Sarvashree",1,"Kanakangi",1,"Indu (Moon)","S M1 P S'","S' P M1 S","Swarantara",No,"",Yes,"","https://en.wikipedia.org/wiki/List_of_Janya_ragas"
"suddha-mukhari","Suddha Mukhari","Suddha Mukhāri",1,"Kanakangi",1,"Indu (Moon)","S R1 M1 P D1 S'","S' N1 D1 P M1 G1 R1 S","Audava-Sampurna",No,"",Yes,"","https://en.wikipedia.org/wiki/List_of_Janya_ragas"
"tatillatika","Tatillatika","Tatillatika",1,"Kanakangi",1,"Indu (Moon)","S R1 M1 P D1 S'","S' D1 P M1 R1 S","Audava",No,"",Yes,"","https://en.wikipedia.org/wiki/List_of_Janya_ragas"
"vageeshwari","Vageeshwari","Vāgeeshwari",1,"Kanakangi",1,"Indu (Moon)","S R1 G1 M1 P D1 S'","S' D1 M1 P G1 R1 S","Shadava",No,"",Yes,"","https://en.wikipedia.org/wiki/List_of_Janya_ragas"
"phenadhyuti","Phenadhyuti","Phenadhyuti",2,"Ratnangi",1,"Indu (Moon)","S R1 M1 P D1 P N2 S'","S' N2 D1 P M1 G1 R1 S","Shadava-Sampurna",No,"",Yes,"","https://en.wikipedia.org/wiki/List_of_Janya_ragas"
"ganamukhari","Ganamukhari","Ganamukhāri",2,"Ratnangi",1,"Indu (Moon)","S R1 M1 D1 S'","S' N2 D1 M1 R1 S","Swarantara-Audava",No,"",Yes,"","https://en.wikipedia.org/wiki/List_of_Janya_ragas"
"ratnavarali","Ratnavarali","Ratnavarāli",2,"Ratnangi",1,"Indu (Moon)","S R1 M1 P N2 D1 S'","S' N2 P M1 R1 G1 R1 S","Shadava",No,"",Yes,"","https://en.wikipedia.org/wiki/List_of_Janya_ragas"
"revati","Revati","Revati",2,"Ratnangi",1,"Indu (Moon)","S R1 M1 P N2 S'","S' N2 P M1 R1 S","Audava",No,"",Yes,"","https://en.wikipedia.org/wiki/Revati_(raga)"
"shreemani","Shreemani","Shreemani",2,"Ratnangi",1,"Indu (Moon)","S R1 G1 P D1 S'","S' N2 D1 P G1 R1 S","Audava-Shadava",No,"",Yes,"","https://en.wikipedia.org/wiki/List_of_Janya_ragas"
"shreemati","Shreemati","Shreemati",2,"Ratnangi",1,"Indu (Moon)","S R1 G1 P D1 S'","S' N2 D1 P G1 R1 S","Audava-Shadava",No,"",Yes,"","https://en.wikipedia.org/wiki/List_of_Janya_ragas"
"svadhya","Svadhya","Svadhya",2,"Ratnangi",1,"Indu (Moon)","S R1 M1 P N2 S'","S' N2 D1 P M1 R1 S","Audava-Shadava",No,"",Yes,"","https://en.wikipedia.org/wiki/Svadhya"
"ganasamavarali","Ganasamavarali","Gānasāmavarāli",3,"Ganamurti",1,"Indu (Moon)","S R1 M1 P D1 N3 S'","S' N3 D1 P M1 G1 R1 S","Shadava-Sampurna",No,"",Yes,"","https://en.wikipedia.org/wiki/List_of_Janya_ragas"
"bhinnapanchamam","Bhinnapanchamam","Bhinnapanchamam",3,"Ganamurti",1,"Indu (Moon)","S R1 G1 M1 P D1 N3 S'","S' N3 D1 P M1 G1 R1 S","Sampurna",No,"",Yes,"","https://en.wikipedia.org/wiki/List_of_Janya_ragas"
"nadharanjani","Nadharanjani","Nādharanjani",3,"Ganamurti",1,"Indu (Moon)","S R1 M1 D1 N3 S'","S' N3 D1 M1 G1 R1 S","Audava-Shadava",No,"",Yes,"","https://en.wikipedia.org/wiki/List_of_Janya_ragas"
"poorvavarali","Poorvavarali","Poorvavarāli",3,"Ganamurti",1,"Indu (Moon)","S R1 M1 P D1 S'","S' N3 D1 P M1 G1 R1 S","Audava-Sampurna",No,"",Yes,"","https://en.wikipedia.org/wiki/List_of_Janya_ragas"
"samavarali","Samavarali","Sāmavarāli",3,"Ganamurti",1,"Indu (Moon)","S R1 M1 P D1 N3 S'","S' N3 D1 P M1 G1 R1 G1 S","Shadava-Sampurna",No,"",Yes,"","https://en.wikipedia.org/wiki/List_of_Janya_ragas"
"bhanumati","Bhanumati","Bhānumati",4,"Vanaspati",1,"Indu (Moon)","N2 S M1 P N2 S'","S' N2 D2 P M1 G2 R2 S","Swarantara-Sampurna",No,"",Yes,"","https://en.wikipedia.org/wiki/List_of_Janya_ragas"
"rasali","Rasali","Rasāli",4,"Vanaspati",1,"Indu (Moon)","S R1 M1 P D2 N2 S'","S' D2 P M1 R1 S","Shadava-Audava",No,"",Yes,"","https://en.wikipedia.org/wiki/List_of_Janya_ragas"
"vanavali","Vanavali","Vanāvali",4,"Vanaspati",1,"Indu (Moon)","S R1 M1 P D2 N2 S'","S' D2 P M1 R1 S","Shadava-Audava",No,"",Yes,"","https://en.wikipedia.org/wiki/List_of_Janya_ragas"
"vittalapriya","Vittalapriya","Vittalapriya",4,"Vanaspati",1,"Indu (Moon)","S R1 M1 P D2 S'","S' D2 P M1 R1 S","Audava",No,"",Yes,"","https://en.wikipedia.org/wiki/List_of_Janya_ragas"
"manoranjani","Manoranjani","Manoranjani",5,"Manavati",1,"Indu (Moon)","S R1 M1 P D2 N3 S'","S' N3 D2 P M1 G1 R1 S","Shadava-Sampurna",No,"",Yes,"","https://en.wikipedia.org/wiki/List_of_Janya_ragas"
"ghanashyamala","Ghanashyamala","Ghanashyāmalā",5,"Manavati",1,"Indu (Moon)","S G1 M1 P D2 S'","S' D2 N3 P M1 G1 R1 S","Audava-Sampurna",No,"",Yes,"","https://en.wikipedia.org/wiki/List_of_Janya_ragas"
"kunjari","Kunjari","Kunjari",5,"Manavati",1,"Indu (Moon)","S R1 M1 P D2 P S'","S' N3 D2 P M1 G1 R1 S","Audava-Sampurna",No,"",Yes,"","https://en.wikipedia.org/wiki/List_of_Janya_ragas"
"tanukeerti","Tanukeerti","Tanukeerti",6,"Tanarupi",1,"Indu (Moon)","S R1 M1 P N3 S'","S' N3 D3 N3 P M1 G1 M1 R1 S","Audava-Sampurna",No,"",Yes,"","https://en.wikipedia.org/wiki/List_of_Janya_ragas"
"senagrani","Senagrani","Senāgrani",7,"Senavati",2,"Netra (Eyes)","S R1 G2 R1 M1 G2 M1 P N1 D1 S'","S' N1 D1 P M1 G2 M1 G2 R1 S","Sampurna",No,"",Yes,"","https://en.wikipedia.org/wiki/List_of_Janya_ragas"
"bhogi","Bhogi","Bhogi",7,"Senavati",2,"Netra (Eyes)","S G2 M1 P D1 N1 D1 S'","S' N1 D1 P M1 G2 S","Shadava",No,"",Yes,"","https://en.wikipedia.org/wiki/List_of_Janya_ragas"
"chitthakarshani","Chitthakarshani","Chitthakarshani",7,"Senavati",2,"Netra (Eyes)","S R1 G2 M1 D1 S'","S' D1 M1 G2 R1 S","Audava",No,"",Yes,"","https://en.wikipedia.org/wiki/List_of_Janya_ragas"
"navarasa-mala","Navarasa Mala","Navarasa Mālā",7,"Senavati",2,"Netra (Eyes)","S R1 G2 M1 P D1 S'","S' N1 D1 P M1 R1 S","Shadava",No,"",Yes,"","https://en.wikipedia.org/wiki/List_of_Janya_ragas"
"sindhu-gowri","Sindhu Gowri","Sindhu Gowri",7,"Senavati",2,"Netra (Eyes)","S R1 G2 M1 P D1 N1 S'","S' N1 D1 M1 G2 M1 R1 S","Sampurna-Shadava",No,"",Yes,"","https://en.wikipedia.org/wiki/List_of_Janya_ragas"
"janatodi","Janatodi","Janatodi",8,"Hanumatodi",2,"Netra (Eyes)","S R1 G2 M1 P D1 N2 S'","S' N2 D1 P M1 G2 R1 S","Sampurna",No,"",Yes,"","https://en.wikipedia.org/wiki/List_of_Janya_ragas"
"ahiri","Ahiri","Āhiri",8,"Hanumatodi",2,"Netra (Eyes)","S R1 S G3 M1 P D1 N2 S'","S' N2 D1 P M1 G3 R1 S","Sampurna",Yes,"R2 G2 / G3 D2 N3",Yes,"","https://en.wikipedia.org/wiki/Ahiri"
"amrita-dhanyasi","Amrita Dhanyasi","Amrita Dhanyāsi",8,"Hanumatodi",2,"Netra (Eyes)","S R1 G2 M1 P N2 S'","S' N2 P M1 G2 R1 S","Shadava",No,"",Yes,"","https://en.wikipedia.org/wiki/List_of_Janya_ragas"
"asaveri","Asaveri","Asāveri",8,"Hanumatodi",2,"Netra (Eyes)","S R1 M1 P D1 S'","S' N2 S P D1 M1 P R1 G2 R1 S","Audava-Sampurna",Yes,"R2",Yes,"","https://en.wikipedia.org/wiki/Asaveri"
"bhanuchandrika","Bhanuchandrika","Bhānuchandrika",8,"Hanumatodi",2,"Netra (Eyes)","S M1 D1 N2 S'","S' N2 D1 M1 G1 S","Swarantara-Audava",No,"",Yes,"","https://en.wikipedia.org/wiki/List_of_Janya_ragas"
"bhadratodi","Bhadratodi","Bhadratodi",8,"Hanumatodi",2,"Netra (Eyes)","S R1 G2 M1 D1 S'","S' N2 D1 P G2 S","Audava",No,"",Yes,"","https://en.wikipedia.org/wiki/List_of_Janya_ragas"
"bhoopalam","Bhoopalam","Bhoopālam",8,"Hanumatodi",2,"Netra (Eyes)","S R1 G2 P D1 S'","S' D1 P G2 R1 S","Audava",No,"",Yes,"","https://en.wikipedia.org/wiki/Bhupalam"
"chandrikatodi","Chandrikatodi","Chandrikatodi",8,"Hanumatodi",2,"Netra (Eyes)","S G2 M1 P D1 S'","S' D1 P M1 G2 S","Audava",No,"",Yes,"","https://en.wikipedia.org/wiki/List_of_Janya_ragas"
"deshikatodi","Deshikatodi","Deshikatodi",8,"Hanumatodi",2,"Netra (Eyes)","S G2 M1 P D1 N2 S'","S' N2 D1 P M1 G2 R1 S","Shadava-Sampurna",No,"",Yes,"","https://en.wikipedia.org/wiki/List_of_Janya_ragas"
"dhanyasi","Dhanyasi","Dhanyāsi",8,"Hanumatodi",2,"Netra (Eyes)","S G2 M1 P N2 S'","S' N2 D1 P M1 G2 R1 S","Audava-Sampurna",No,"",Yes,"","https://en.wikipedia.org/wiki/List_of_Janya_ragas"
"divyamalati","Divyamalati","Divyamālati",8,"Hanumatodi",2,"Netra (Eyes)","S G2 M1 P D1 N2 S'","S' N2 D1 P M1 G2 S","Shadava",No,"",Yes,"","https://en.wikipedia.org/wiki/List_of_Janya_ragas"
"ghanta","Ghanta","Ghanta",8,"Hanumatodi",2,"Netra (Eyes)","S G2 R2 M1 P N2 S'","S' N2 D1 P M1 G2 R1 S","Shadava-Sampurna",Yes,"R2 D2",Yes,"","https://en.wikipedia.org/wiki/List_of_Janya_ragas"
"kalasaveri","Kalasaveri","Kalāsāveri",8,"Hanumatodi",2,"Netra (Eyes)","S R1 G2 P N2 S'","S' N2 P G2 R1 S","Audava",No,"",Yes,"","https://en.wikipedia.org/wiki/List_of_Janya_ragas"
"kanakasaveri","Kanakasaveri","Kanakasāveri",8,"Hanumatodi",2,"Netra (Eyes)","S R1 M1 P D1 S'","S' N2 D1 P M1 G2 R1 S","Audava-Sampurna",No,"",Yes,"","https://en.wikipedia.org/wiki/List_of_Janya_ragas"
"nagavarali","Nagavarali","Nāgavarāli",8,"Hanumatodi",2,"Netra (Eyes)","S R1 G2 M1 P M1 D1 N2 S'","S' N2 D1 P M1 G2 R1 S","Sampurna",No,"",Yes,"","https://en.wikipedia.org/wiki/List_of_Janya_ragas"
"prabhupriya","Prabhupriya","Prabhupriya",8,"Hanumatodi",2,"Netra (Eyes)","S G2 M1 P D1 S'","S' D1 P M1 G2 S","Audava",No,"",Yes,"","https://en.wikipedia.org/wiki/List_of_Janya_ragas"
"punnagatodi","Punnagatodi","Punnāgatodi",8,"Hanumatodi",2,"Netra (Eyes)","N1 S R1 G2 M1 P","P M1 G2 R1 S N2 D1","Shadava-Sampurna",No,"",No,"","https://en.wikipedia.org/wiki/List_of_Janya_ragas"
"punnagavarali","Punnagavarali","Punnagavarali",8,"Hanumatodi",2,"Netra (Eyes)","N2 S R1 G2 M1 P D1 N2","N2 D1 P M1 G2 R1 S N2","Sampurna",Yes,"R2",Yes,"","https://en.wikipedia.org/wiki/Punnagavarali"
"shravanamallika","Shravanamallika","Shravanamallika",8,"Hanumatodi",2,"Netra (Eyes)","S G2 M1 P D1 N2 S'","S' N2 D1 P M1 G2 R1 S","Shadava-Sampurna",No,"",Yes,"","https://en.wikipedia.org/wiki/List_of_Janya_ragas"
"sowjanya","Sowjanya","Sowjanya",8,"Hanumatodi",2,"Netra (Eyes)","S R1 M1 D1 S'","S' D1 M1 R1 S","Swarantara",No,"",Yes,"","https://en.wikipedia.org/wiki/List_of_Janya_ragas"
"shuddha-seemantini","Shuddha Seemantini","Shuddha Seemantini",8,"Hanumatodi",2,"Netra (Eyes)","S R1 G2 M1 P D1 S'","S' D1 P M1 G2 R1 S","Shadava",No,"",Yes,"","https://en.wikipedia.org/wiki/List_of_Janya_ragas"
"shuddha-todi","Shuddha Todi","Shuddha Todi",8,"Hanumatodi",2,"Netra (Eyes)","S R1 G2 M1 D1 N2 S'","S' N2 D1 M1 G2 R1 S","Shadava",No,"",Yes,"","https://en.wikipedia.org/wiki/List_of_Janya_ragas"
"sindhubhairavi","Sindhubhairavi","Sindhubhairavi",8,"Hanumatodi",2,"Netra (Eyes)","S R2 G2 M1 G2 P D1 N2 S","N2 D1 P M1 G2 R1 S N2 S","Sampurna",Yes,"R2 G3 M2 D2 N3",Yes,"","https://en.wikipedia.org/wiki/Sindhu_Bhairavi_(raga)"
"srimati","Srimati","Srimati",8,"Hanumatodi",2,"Netra (Eyes)","S G2 R1 G2 M1 P D1 P D2 N2 S'","S' N2 D1 P M1 P M1 G2 R1 S","Sampurna",Yes,"D2",Yes,"","https://en.wikipedia.org/wiki/List_of_Janya_ragas"
"swarnamalli","Swarnamalli","Swarnamalli",8,"Hanumatodi",2,"Netra (Eyes)","S G2 M1 P D1 N1 S'","S' N2 D1 P M1 G2 R1 S","Shadava-Sampurna",No,"",Yes,"","https://en.wikipedia.org/wiki/List_of_Janya_ragas"
"dhunibhinnashadjam","Dhunibhinnashadjam","Dhunibhinnashadjam",9,"Dhenuka",2,"Netra (Eyes)","S R1 G2 R1 P M1 P N3 S'","S' D1 P M1 G2 R1 S","Shadava",No,"",Yes,"","https://en.wikipedia.org/wiki/List_of_Janya_ragas"
"bhinnashadjam","Bhinnashadjam","Bhinnashadjam",9,"Dhenuka",2,"Netra (Eyes)","S R1 G2 R1 P M1 P N3 S'","S' D1 P M1 G2 R1 S","Shadava",No,"",Yes,"","https://en.wikipedia.org/wiki/List_of_Janya_ragas"
"mohananata","Mohananata","Mohananāta",9,"Dhenuka",2,"Netra (Eyes)","S G2 M1 P D1 P M1 P N3 S'","S' N3 P D1 P M1 G2 S","Shadava",No,"",Yes,"","https://en.wikipedia.org/wiki/List_of_Janya_ragas"
"udayaravichandrika","Udayaravichandrika","Udayaravichandrika",9,"Dhenuka",2,"Netra (Eyes)","S G2 M1 P N3 S'","S' N3 P M1 G2 S","Audava",No,"",Yes,"","https://en.wikipedia.org/wiki/List_of_Janya_ragas"
"vasanthatodi","Vasanthatodi","Vasanthatodi",9,"Dhenuka",2,"Netra (Eyes)","S R1 G2 M1 D1 N3 S'","S' N3 D1 M1 R1 S","Shadava-Audava",No,"",Yes,"","https://en.wikipedia.org/wiki/List_of_Janya_ragas"
"natabharanam","Natabharanam","Natābharanam",10,"Natakapriya",2,"Netra (Eyes)","S R1 G2 M1 P D2 N2 S'","S' N2 D2 P M1 G2 R1 S","Sampurna",No,"",Yes,"","https://en.wikipedia.org/wiki/List_of_Janya_ragas"
"alankarapriya","Alankarapriya","Alankārapriya",10,"Natakapriya",2,"Netra (Eyes)","S R1 G2 M1 D2 N2 S'","S' N2 D2 M1 G2 R1 S","Shadava",No,"",Yes,"","https://en.wikipedia.org/wiki/List_of_Janya_ragas"
"bhagyashabari","Bhagyashabari","Bhāgyashabari",10,"Natakapriya",2,"Netra (Eyes)","S R1 G2 M1 D2 N2 S'","S' N2 D2 M1 G2 R1 S","Shadava",No,"",Yes,"","https://en.wikipedia.org/wiki/List_of_Janya_ragas"
"deeparamu","Deeparamu","Deeparamu",10,"Natakapriya",2,"Netra (Eyes)","S R1 G2 M1 P D2 N2 S'","S' N2 D2 N2 P M1 G2 R1 S","Sampurna",No,"",Yes,"","https://en.wikipedia.org/wiki/List_of_Janya_ragas"
"gunavati","Gunavati","Gunāvati",10,"Natakapriya",2,"Netra (Eyes)","S R1 M1 P D2 S","S D2 P M1 R1 S","Audava",No,"",Yes,"","https://en.wikipedia.org/wiki/List_of_Janya_ragas"
"hindoladeshikam","Hindoladeshikam","Hindoladeshikam",10,"Natakapriya",2,"Netra (Eyes)","S M1 R1 G2 M1 P D2 N2 S'","S' P N2 D2 M1 G2 R1 S","Sampurna",No,"",Yes,"","https://en.wikipedia.org/wiki/List_of_Janya_ragas"
"kanakadri","Kanakadri","Kanakadri",10,"Natakapriya",2,"Netra (Eyes)","S R1 G2 P D2 S'","S' N2 D2 P M1 G2 R1 S","Audava-Sampurna",No,"",Yes,"","https://en.wikipedia.org/wiki/List_of_Janya_ragas"
"matangakamini","Matangakamini","Mātangakāmini",10,"Natakapriya",2,"Netra (Eyes)","S G2 M1 P D1 N2 S'","S' N2 D1 P M1 G2 S","Shadava",No,"",Yes,"","https://en.wikipedia.org/wiki/List_of_Janya_ragas"
"natyadharana","Natyadharana","Nātyadhārana",10,"Natakapriya",2,"Netra (Eyes)","S R1 M1 P D2 S'","S' N2 D2 P M1 R1 S","Audava-Shadava",No,"",Yes,"","https://en.wikipedia.org/wiki/List_of_Janya_ragas"
"niranjana","Niranjana","Niranjana",10,"Natakapriya",2,"Netra (Eyes)","S R1 G2 M1 P D2 S'","S' N2 D2 P M1 G2 R1 S","Shadava-Sampurna",No,"",Yes,"","https://en.wikipedia.org/wiki/List_of_Janya_ragas"
"shanthabhashini","Shanthabhashini","Shānthabhāshini",10,"Natakapriya",2,"Netra (Eyes)","S R1 G2 M1 P D2 S'","S' N2 D2 P M1 S","Shadava-Audava",No,"",Yes,"","https://en.wikipedia.org/wiki/List_of_Janya_ragas"
"shivashakti","Shivashakti","Shivashakti",10,"Natakapriya",2,"Netra (Eyes)","S G2 M1 D2 S'","S' N2 D2 M1 G2 S","Swarantara-Audava",No,"",Yes,"","https://en.wikipedia.org/wiki/List_of_Janya_ragas"
"kokilaravam","Kokilaravam","Kokilāravam",11,"Kokilapriya",2,"Netra (Eyes)","S R1 M1 P D2 N3 S'","S' N3 D2 P M1 G2 R2 S","Shadava-Sampurna",No,"",Yes,"","https://en.wikipedia.org/wiki/List_of_Janya_ragas"
"bhimsen","Bhimsen","Bhimsen",11,"Kokilapriya",2,"Netra (Eyes)","S G2 M1 P N3 S'","S' N3 D2 P M1 G2 R1 S","Audava-Sampurna",No,"",Yes,"Raga created by Mahesh Mahadev","https://en.wikipedia.org/wiki/Bhimsen_(raga)"
"bhakthirasa","Bhakthirasa","Bhakthirasa",11,"Kokilapriya",2,"Netra (Eyes)","S G2 M1 P N3 S'","S' N3 P M1 G2 S","Audava",No,"",Yes,"Raga created by Rishabh Jagadeesh","https://en.wikipedia.org/wiki/List_of_Janya_ragas"
"chitramani","Chitramani","Chitramani",11,"Kokilapriya",2,"Netra (Eyes)","S R1 M1 P D2 N3 S'","S' N3 D2 P M1 G2 R1 S","Shadava-Sampurna",No,"",Yes,"","https://en.wikipedia.org/wiki/List_of_Janya_ragas"
"jnanachintamani","Jnanachintamani","Jnānachintāmani",11,"Kokilapriya",2,"Netra (Eyes)","S R1 M1 D2 N3 S'","S' N3 D2 P M1 R1 S","Audava-Shadava",No,"",Yes,"","https://en.wikipedia.org/wiki/List_of_Janya_ragas"
"kowmari","Kowmari","Kowmāri",11,"Kokilapriya",2,"Netra (Eyes)","S R1 G2 M1 P D2 S'","S' N3 D2 P M1 G2 R1 S","Shadava-Sampurna",No,"",Yes,"","https://en.wikipedia.org/wiki/List_of_Janya_ragas"
"shuddha-lalitha","Shuddha Lalitha","Shuddha Lalitha",11,"Kokilapriya",2,"Netra (Eyes)","S P M1 D2 N3 S'","S' N3 S D2 P M1 G2 R1 S","Audava-Sampurna",No,"",Yes,"","https://en.wikipedia.org/wiki/List_of_Janya_ragas"
"vardhani","Vardhani","Vardhani",11,"Kokilapriya",2,"Netra (Eyes)","S G2 M1 P M1 P D2 N3 S'","S' N3 D2 P M1 G2 R1 S","Shadava-Sampurna",No,"",Yes,"","https://en.wikipedia.org/wiki/List_of_Janya_ragas"
"vasantamalli","Vasantamalli","Vasantamalli",11,"Kokilapriya",2,"Netra (Eyes)","S G2 M1 P N3 S'","S' D2 P M1 G2 S","Audava",No,"",Yes,"","https://en.wikipedia.org/wiki/List_of_Janya_ragas"
"vasantanarayani","Vasantanarayani","Vasantanārāyani",11,"Kokilapriya",2,"Netra (Eyes)","S R1 G2 M1 P S'","S' N3 D2 P M1 G2 R1 S","Audava-Sampurna",No,"",Yes,"","https://en.wikipedia.org/wiki/List_of_Janya_ragas"
"rowpyanaka","Rowpyanaka","Rowpyanaka",12,"Rupavati",2,"Netra (Eyes)","S M1 P D3 N3 S'","S' N3 P M1 G2 R1 S","Audava-Shadava",No,"",Yes,"","https://en.wikipedia.org/wiki/List_of_Janya_ragas"
"shyamakalyani","Shyamakalyani","Shyāmakalyāni",12,"Rupavati",2,"Netra (Eyes)","S M1 G2 M1 P D3 N3 S'","S' N3 P D3 N3 P M1 G2 R1 S","Shadava-Sampurna",No,"",Yes,"","https://en.wikipedia.org/wiki/List_of_Janya_ragas"
"geya-hejjajji","Geya Hejjajji","Geya Hejjajji",13,"Gayakapriya",3,"Agni (Fire)","S R1 M1 G3 M1 P D1 S'","S' N3 D1 P M1 G3 R1 S","Shadava-Sampurna",No,"",Yes,"","https://en.wikipedia.org/wiki/List_of_Janya_ragas"
"hejjajji","Hejjajji","Hejjajji",13,"Gayakapriya",3,"Agni (Fire)","S R1 G3 M1 P D1 S'","S' N1 D1 P M1 G3 R1 S","Shadava-Sampurna",No,"",Yes,"","https://en.wikipedia.org/wiki/List_of_Janya_ragas"
"kalakanti","Kalakanti","Kalākānti",13,"Gayakapriya",3,"Agni (Fire)","S R1 G3 M1 D1 N1 S'","S' N1 D1 P G3 R1 S","Shadava",No,"",Yes,"","https://en.wikipedia.org/wiki/List_of_Janya_ragas"
"kalkada","Kalkada","Kalkada",13,"Gayakapriya",3,"Agni (Fire)","S R1 G3 P D1 N1 S S R1 G3 P D1 S'","S' N1 D1 P G3 R1 S","Shadava",No,"",Yes,"","https://en.wikipedia.org/wiki/List_of_Janya_ragas"
"kalpanadharini","Kalpanadharini","Kalpanadhārini",13,"Gayakapriya",3,"Agni (Fire)","S G3 M1 P D1 S'","S' N1 D1 P M1 G3 R1 S","Audava-Sampurna",No,"",Yes,"","https://en.wikipedia.org/wiki/List_of_Janya_ragas"
"ahiri-m14","Ahiri","Āhiri",14,"Vakulabharanam",3,"Agni (Fire)","S R1 S G3 M1 P D1 N2 S'","S' N2 D1 P M1 G3 R1 S","Sampurna",Yes,"R2 G2 / G3 D2 N3",Yes,"","https://en.wikipedia.org/wiki/Ahiri"
"vatee-vasantabhairavi","Vatee Vasantabhairavi","Vātee Vasantabhairavi",14,"Vakulabharanam",3,"Agni (Fire)","S R1 G3 M1 D1 N2 S'","S' N2 D1 M1 G3 R1 S","Shadava",No,"",Yes,"","https://en.wikipedia.org/wiki/List_of_Janya_ragas"
"amudhasurabhi","Amudhasurabhi","Amudhasurabhi",14,"Vakulabharanam",3,"Agni (Fire)","S M1 G3 M1 P D1 S'","S' N2 D1 P M1 R1 S","Audava-Shadava",No,"",Yes,"","https://en.wikipedia.org/wiki/List_of_Janya_ragas"
"devipriya","Devipriya","Devipriya",14,"Vakulabharanam",3,"Agni (Fire)","S G3 P N2 S'","S' N2 D1 P M1 G3 R1 S","Swarantara-Sampurna",No,"",Yes,"","https://en.wikipedia.org/wiki/List_of_Janya_ragas"
"kalindaja","Kalindaja","Kalindaja",14,"Vakulabharanam",3,"Agni (Fire)","S R1 G3 M1 P N2 S'","S' N2 P M1 G3 R1 S","Shadava",No,"",Yes,"","https://en.wikipedia.org/wiki/List_of_Janya_ragas"
"kuvalayabharanam","Kuvalayabharanam","Kuvalayabharanam",14,"Vakulabharanam",3,"Agni (Fire)","S R1 G3 M1 D1 N1 S'","S' N1 D1 M1 G3 R1 S","Shadava",No,"",Yes,"","https://en.wikipedia.org/wiki/List_of_Janya_ragas"
"mukthipradayini","Mukthipradayini","Mukthipradayini",14,"Vakulabharanam",3,"Agni (Fire)","S R1 G3 P N2 S'","S' N2 P D1 P G3 R1 S","Audava-Shadava",No,"",Yes,"Raga created by Mahesh Mahadev","#cite_note-:0-4"
"sallapa","Sallapa","Sallapa",14,"Vakulabharanam",3,"Agni (Fire)","S G3 M1 D1 N2 S'","S' N2 D1 M1 G3 S","Audava",No,"",Yes,"","https://en.wikipedia.org/wiki/List_of_Janya_ragas"
"soma","Soma","Soma",14,"Vakulabharanam",3,"Agni (Fire)","S R1 P M1 D1 N2 S'","S' N2 D1 M1 P M1 G3 R1 S","Shadava-Sampurna",No,"",Yes,"","https://en.wikipedia.org/wiki/List_of_Janya_ragas"
"surya","Surya","Sūryā",14,"Vakulabharanam",3,"Agni (Fire)","S G3 M1 D1 N2 S'","S' N2 D1 M1 G3 S","Audava",No,"",Yes,"","https://en.wikipedia.org/wiki/List_of_Janya_ragas"
"shuddha-kambhoji","Shuddha Kambhoji","Shuddha Kāmbhoji",14,"Vakulabharanam",3,"Agni (Fire)","S G3 R1 M1 P N2 S'","S' N2 P M1 G3 R1 S","Shadava",No,"",Yes,"","https://en.wikipedia.org/wiki/List_of_Janya_ragas"
"vasantabhairavi","Vasantabhairavi","Vasantabhairavi",14,"Vakulabharanam",3,"Agni (Fire)","S R1 G3 M1 D1 N2 S'","S' N2 D1 M1 P M1 G3 R1 S","Shadava-Sampurna",No,"",Yes,"","https://en.wikipedia.org/wiki/List_of_Janya_ragas"
"vasanta-mukhari","Vasanta Mukhari","Vasanta Mukhāri",14,"Vakulabharanam",3,"Agni (Fire)","S M1 G3 M1 P D1 N2 S'","S' N2 D1 P M1 G3 R1 S","Shadava-Sampurna",No,"",Yes,"","https://en.wikipedia.org/wiki/List_of_Janya_ragas"
"vijayollasini","Vijayollasini","Vijayollāsini",14,"Vakulabharanam",3,"Agni (Fire)","S R1 G3 M1 P M1 D1 N2 S'","S' N2 D1 P M1 G3 R1 S","Sampurna",No,"",Yes,"","https://en.wikipedia.org/wiki/List_of_Janya_ragas"
"ardhradesi","Ardhradesi","Ardhradesi",15,"Mayamalavagowla",3,"Agni (Fire)","S R1 G3 M1 P D1 N3 S'","S' D1 P M1 G3 R1 S","Sampurna-Shadava",No,"",Yes,"","https://en.wikipedia.org/wiki/List_of_Janya_ragas"
"bhavini","Bhavini","Bhāvini",15,"Mayamalavagowla",3,"Agni (Fire)","S G3 M1 P D1 N3 S'","S' N3 D1 P M1 G3 S","Shadava",No,"",Yes,"","https://en.wikipedia.org/wiki/List_of_Janya_ragas"
"bibhas","Bibhas","Bibhās",15,"Mayamalavagowla",3,"Agni (Fire)","S R1 G3 P D1 S'","S' D1 P M1 R1 S","Audava",No,"",Yes,"Hindustani equivalent","https://en.wikipedia.org/wiki/List_of_Janya_ragas"
"bowli","Bowli","Bowli",15,"Mayamalavagowla",3,"Agni (Fire)","S R1 G3 P D1 S'","S' N3 D1 P G3 R1 S","Audava-Shadava",No,"",Yes,"","https://en.wikipedia.org/wiki/Bowli"
"bowli-ramakriya","Bowli Ramakriya","Bowli Rāmakriya",15,"Mayamalavagowla",3,"Agni (Fire)","S R1 G3 P D1 S'","S' N3 P D1 P M1 G3 R1 S","Audava-Sampurna",No,"",Yes,"","https://en.wikipedia.org/wiki/List_of_Janya_ragas"
"charuvardhani","Charuvardhani","Chāruvardhani",15,"Mayamalavagowla",3,"Agni (Fire)","S R1 M1 P D1 N3 S'","S' D1 P M1 G3 R1 S","Shadava",No,"",Yes,"","https://en.wikipedia.org/wiki/List_of_Janya_ragas"
"chayagowla","Chayagowla","Chāyagowla",15,"Mayamalavagowla",3,"Agni (Fire)","S R1 M1 G3 M1 P N3 S'","S' N3 D1 P M1 G3 R1 S","Shadava-Sampurna",No,"",Yes,"","https://en.wikipedia.org/wiki/List_of_Janya_ragas"
"chandrachooda","Chandrachooda","Chandrachooda",15,"Mayamalavagowla",3,"Agni (Fire)","S M1 G3 M1 P D1 S'","S' N3 D1 P M1 G3 S","Audava-Shadava",No,"",Yes,"","https://en.wikipedia.org/wiki/List_of_Janya_ragas"
"deshyagowla","Deshyagowla","Deshyagowla",15,"Mayamalavagowla",3,"Agni (Fire)","S R1 P D1 N3 S'","S' N3 D1 P R1 S","Audava",No,"",Yes,"","https://en.wikipedia.org/wiki/List_of_Janya_ragas"
"devaranji","Devaranji","Devaranji",15,"Mayamalavagowla",3,"Agni (Fire)","S M1 P D1 P N3 S'","S' N3 D1 P M1 S","Audava",No,"",Yes,"","https://en.wikipedia.org/wiki/List_of_Janya_ragas"
"ekakshari","Ekakshari","Ekakshari",15,"Mayamalavagowla",3,"Agni (Fire)","S R1 G3 M1 P D1 N3 S'","S' N1 P M1 R1 G3 M1 R1 S","Sampurna-Shadava",No,"",Yes,"","https://en.wikipedia.org/wiki/List_of_Janya_ragas"
"ghanasindhu","Ghanasindhu","Ghanasindhu",15,"Mayamalavagowla",3,"Agni (Fire)","S M1 G3 M1 P D1 N3 D1 S'","S' N3 D1 P M1 G3 R1 S","Shadava-Sampurna",No,"",Yes,"","https://en.wikipedia.org/wiki/List_of_Janya_ragas"
"gowla","Gowla","Gowla",15,"Mayamalavagowla",3,"Agni (Fire)","S R1 M1 P N3 S'","S' N3 P M1 R1 G3 M1 R1 S","Audava-Shadava",No,"",Yes,"","https://en.wikipedia.org/wiki/Gowla"
"gowlipantu","Gowlipantu","Gowlipantu",15,"Mayamalavagowla",3,"Agni (Fire)","S R1 M1 P N3 S'","S' N3 D1 P M1 D1 M1 G3 R1 S","Audava-Sampurna",No,"",Yes,"","https://en.wikipedia.org/wiki/List_of_Janya_ragas"
"gowri","Gowri","Gowri",15,"Mayamalavagowla",3,"Agni (Fire)","S R1 M1 P N3 S'","S' N3 D1 P M1 G3 R1 S","Audava-Sampurna",No,"",Yes,"","https://en.wikipedia.org/wiki/List_of_Janya_ragas"
"gummakambhoji","Gummakambhoji","Gummakāmbhoji",15,"Mayamalavagowla",3,"Agni (Fire)","S R1 G3 P D1 N3 S'","S' N3 D1 P M1 G3 R1 S","Shadava-Sampurna",No,"",Yes,"","https://en.wikipedia.org/wiki/List_of_Janya_ragas"
"gundakriya","Gundakriya","Gundakriya",15,"Mayamalavagowla",3,"Agni (Fire)","S R1 M1 P N3 S'","S' N3 P D1 P M1 G3 R1 S","Audava-Sampurna",No,"",Yes,"","https://en.wikipedia.org/wiki/List_of_Janya_ragas"
"gurjari","Gurjari","Gurjari",15,"Mayamalavagowla",3,"Agni (Fire)","S R1 G3 M1 P D1 N3 S'","S' D1 N3 P M1 G3 R1 S","Sampurna",No,"",Yes,"","https://en.wikipedia.org/wiki/List_of_Janya_ragas"
"jaganmohini","Jaganmohini","Jaganmohini",15,"Mayamalavagowla",3,"Agni (Fire)","S G3 M1 P N3 S'","S' N3 P M1 G3 R1 S","Audava-Shadava",No,"",Yes,"","https://en.wikipedia.org/wiki/List_of_Janya_ragas"
"kalyanakesari","Kalyanakesari","Kalyānakesari",15,"Mayamalavagowla",3,"Agni (Fire)","S R1 G3 P D1 S'","S' D1 P G3 R1 S","Audava",No,"",Yes,"","https://en.wikipedia.org/wiki/List_of_Janya_ragas"
"kannadabangala","Kannadabangala","Kannadabangāla",15,"Mayamalavagowla",3,"Agni (Fire)","S R1 M1 G3 M1 D1 P D1 S'","S' D1 P M1 G3 R1 S","Shadava",No,"",Yes,"","https://en.wikipedia.org/wiki/List_of_Janya_ragas"
"karnataka-saranga","Karnataka Saranga","Karnātaka Sāranga",15,"Mayamalavagowla",3,"Agni (Fire)","S R1 G3 M1 P D1 N3 S'","S' N3 D1 P M1 R1 S","Sampurna-Shadava",No,"",Yes,"","https://en.wikipedia.org/wiki/List_of_Janya_ragas"
"lalita","Lalita","Lalitā",15,"Mayamalavagowla",3,"Agni (Fire)","S R1 G3 M1 D1 N3 S'","S' N3 D1 M1 G3 R1 S","Shadava",No,"",Yes,"","https://en.wikipedia.org/wiki/List_of_Janya_ragas"
"lalitapanchamam","Lalitapanchamam","Lalitapanchamam",15,"Mayamalavagowla",3,"Agni (Fire)","S R1 G3 M1 D1 N3 S'","S' N3 D1 M1 P M1 G3 R1 S","Shadava-Sampurna",No,"",Yes,"","https://en.wikipedia.org/wiki/List_of_Janya_ragas"
"malavakurinji","Malavakurinji","Mālavakurinji",15,"Mayamalavagowla",3,"Agni (Fire)","S G3 P D1 N3 S'","S' N3 D1 M1 R1 S","Audava",No,"",Yes,"","https://en.wikipedia.org/wiki/List_of_Janya_ragas"
"malavapanchamam","Malavapanchamam","Mālavapanchamam",15,"Mayamalavagowla",3,"Agni (Fire)","S R1 G3 M1 P N3 S'","S' N3 D1 P M1 G3 R1 S","Shadava-Sampurna",No,"",Yes,"","https://en.wikipedia.org/wiki/List_of_Janya_ragas"
"margadesi","Margadesi","Mārgadesi",15,"Mayamalavagowla",3,"Agni (Fire)","S R1 G3 R1 G3 D1 M1 P D1 S'","S' D1 P M1 G3 R1 S","Shadava",No,"",Yes,"","https://en.wikipedia.org/wiki/List_of_Janya_ragas"
"malahari","Malahari","Malahari",15,"Mayamalavagowla",3,"Agni (Fire)","S R1 M1 P D1 S'","S' D1 P M1 G3 R1 S","Audava-Shadava",No,"",Yes,"","https://en.wikipedia.org/wiki/Malahari"
"mallikavasantam","Mallikavasantam","Mallikavasantam",15,"Mayamalavagowla",3,"Agni (Fire)","S G3 M1 P N3 S'","S' N3 D1 P M1 G3 R1 S","Audava-Sampurna",No,"",Yes,"","https://en.wikipedia.org/wiki/List_of_Janya_ragas"
"mangalakaishiki","Mangalakaishiki","Mangalakaishiki",15,"Mayamalavagowla",3,"Agni (Fire)","S R1 M1 G3 D1 P S'","S' N3 D1 P M1 G3 R1 S","Shadava-Sampurna",No,"",Yes,"","https://en.wikipedia.org/wiki/List_of_Janya_ragas"
"manolayam","Manolayam","Manolayam",15,"Mayamalavagowla",3,"Agni (Fire)","S R1 M1 P D1 S'","S' N3 D1 P M1 R1 S","Audava-Shadava",No,"",Yes,"","https://en.wikipedia.org/wiki/List_of_Janya_ragas"
"maruva","Maruva","Maruva",15,"Mayamalavagowla",3,"Agni (Fire)","S G3 M1 D1 N3 S'","S' N3 D1 P G3 M1 G3 R1 S R1 G3 R1 S","Audava-Sampurna",No,"",Yes,"","https://en.wikipedia.org/wiki/List_of_Janya_ragas"
"mechabowli","Mechabowli","Mechabowli",15,"Mayamalavagowla",3,"Agni (Fire)","S R1 G3 P D1 S'","S' N3 D1 P M1 G3 R1 S","Audava-Sampurna",No,"",Yes,"","https://en.wikipedia.org/wiki/List_of_Janya_ragas"
"megharanjani","Megharanjani","Megharanjani",15,"Mayamalavagowla",3,"Agni (Fire)","S R1 G3 M1 N3 S'","S' N3 M1 G3 R1 S","Audava",No,"",Yes,"","https://en.wikipedia.org/wiki/List_of_Janya_ragas"
"nadanamakriya","Nadanamakriya","Nadanamakriya",15,"Mayamalavagowla",3,"Agni (Fire)","S R1 G3 M1 P D1 N3","N3 D1 P M1 G3 R1 S N3","Sampurna",No,"",Yes,"","https://en.wikipedia.org/wiki/List_of_Janya_ragas"
"padi","Padi","Pādi",15,"Mayamalavagowla",3,"Agni (Fire)","S R1 M1 P N3 S'","S' N3 P D1 P M1 R1 S","Audava-Shadava",No,"",Yes,"","https://en.wikipedia.org/wiki/List_of_Janya_ragas"
"pharaju-paras-","Pharaju (Paras)","Pharaju (Paras)",15,"Mayamalavagowla",3,"Agni (Fire)","S G3 M1 P D1 N3 S'","S' N3 D1 P M1 G3 R1 S","Shadava-Sampurna",No,"",Yes,"Hindustani equivalent","https://en.wikipedia.org/wiki/List_of_Janya_ragas"
"poornalalita","Poornalalita","Poornalalita",15,"Mayamalavagowla",3,"Agni (Fire)","S R1 G3 M1 P D1 S'","S' D1 P M1 G3 R1 S","Shadava",No,"",Yes,"","https://en.wikipedia.org/wiki/List_of_Janya_ragas"
"poorvi","Poorvi","Poorvi",15,"Mayamalavagowla",3,"Agni (Fire)","S R1 G3 M1 D1 N3 S'","S' N3 D1 P M1 G3 R1 S","Shadava-Sampurna",No,"",Yes,"","https://en.wikipedia.org/wiki/List_of_Janya_ragas"
"poorvikavasanta","Poorvikavasanta","Poorvikavasanta",15,"Mayamalavagowla",3,"Agni (Fire)","S M1 G3 M1 D N3 S'","S' N3 D1 M1 P M1 G3 R1 S","Audava-Sampurna",No,"",Yes,"","https://en.wikipedia.org/wiki/List_of_Janya_ragas"
"pratapadhanyasi","Pratapadhanyasi","Pratāpadhanyāsi",15,"Mayamalavagowla",3,"Agni (Fire)","S G3 M1 P N3 S'","S' N3 D1 P M1 G3 R1 S","Audava-Sampurna",No,"",Yes,"","https://en.wikipedia.org/wiki/List_of_Janya_ragas"
"prataparanjani","Prataparanjani","Pratāparanjani",15,"Mayamalavagowla",3,"Agni (Fire)","S R1 M1 P D1 N3 S'","S' N3 D1 P M1 G3 R1 S","Shadava-Sampurna",No,"",Yes,"","https://en.wikipedia.org/wiki/List_of_Janya_ragas"
"puranirmai","Puranirmai","Puranirmai",15,"Mayamalavagowla",3,"Agni (Fire)","S R1 G3 P D1 S'","S' N3 D1 P G3 R1 S","Audava-Shadava",No,"",Yes,"","https://en.wikipedia.org/wiki/List_of_Janya_ragas"
"ramakali","Ramakali","Rāmakali",15,"Mayamalavagowla",3,"Agni (Fire)","S R1 G3 P D1 S'","S' N3 D1 P M1 G3 R1 S","Audava-Sampurna",No,"",Yes,"","https://en.wikipedia.org/wiki/List_of_Janya_ragas"
"ramakriya","Ramakriya","Rāmakriya",15,"Mayamalavagowla",3,"Agni (Fire)","S G3 M1 P D1 N3 S'","S' N3 P D1 P M1 G3 R1 S","Shadava-Sampurna",No,"",Yes,"","https://en.wikipedia.org/wiki/List_of_Janya_ragas"
"revagupti","Revagupti","Revagupti",15,"Mayamalavagowla",3,"Agni (Fire)","S R1 G3 P D1 S'","S' D1 P G3 R1 S","Audava",No,"",Yes,"","https://en.wikipedia.org/wiki/Revagupti"
"rukhmambari","Rukhmambari","Rukhmāmbari",15,"Mayamalavagowla",3,"Agni (Fire)","S R1 G3 P N3 S'","S' N3 P G3 R1 S","Audava",No,"",Yes,"","https://en.wikipedia.org/wiki/List_of_Janya_ragas"
"samantadeepara","Samantadeepara","Sāmantadeepara",15,"Mayamalavagowla",3,"Agni (Fire)","S R1 G3 M1 P N3 S'","S' N3 P M1 G3 R1 S","Shadava",No,"",Yes,"","https://en.wikipedia.org/wiki/List_of_Janya_ragas"
"saranga-nata","Saranga Nata","Sāranga Nāta",15,"Mayamalavagowla",3,"Agni (Fire)","S R1 M1 P D1 S'","S' N3 S D1 P M1 G3 R1 S","Audava-Sampurna",No,"",Yes,"","https://en.wikipedia.org/wiki/List_of_Janya_ragas"
"saveri","Saveri","Sāveri",15,"Mayamalavagowla",3,"Agni (Fire)","S R1 M1 P D1 S'","S' N3 D1 P M1 G3 R1 S","Audava-Sampurna",No,"",Yes,"","https://en.wikipedia.org/wiki/Saveri"
"salanganata","Salanganata","Salanganāta",15,"Mayamalavagowla",3,"Agni (Fire)","S R1 M1 P D1 S'","S' D1 P G3 R1 S","Audava",No,"",Yes,"","https://en.wikipedia.org/wiki/List_of_Janya_ragas"
"satyavati","Satyavati","Satyāvati",15,"Mayamalavagowla",3,"Agni (Fire)","S G3 R1 G3 P D1 S'","S' N3 D1 N3 P D1 P G3 R1 S","Audava-Shadava",No,"",Yes,"","https://en.wikipedia.org/wiki/List_of_Janya_ragas"
"sindhu-ramakriya","Sindhu Ramakriya","Sindhu Rāmakriya",15,"Mayamalavagowla",3,"Agni (Fire)","S G3 M1 P D1 N3 S'","S' N3 P M1 G3 R1 G3 S","Shadava",No,"",Yes,"","https://en.wikipedia.org/wiki/List_of_Janya_ragas"
"surasindhu","Surasindhu","Surasindhu",15,"Mayamalavagowla",3,"Agni (Fire)","S M1 G3 M1 P D1 N3 D1 S'","S' N3 D1 P M1 R1 G3 R1 S","Shadava-Sampurna",No,"",Yes,"","https://en.wikipedia.org/wiki/List_of_Janya_ragas"
"tarakagowla","Tarakagowla","Tārakagowla",15,"Mayamalavagowla",3,"Agni (Fire)","S G3 M1 D1 N3 S'","S' N3 D1 M1 G3 S","Audava",No,"",Yes,"","https://en.wikipedia.org/wiki/List_of_Janya_ragas"
"takka","Takka","Takka",15,"Mayamalavagowla",3,"Agni (Fire)","S R1 S G3 M1 G3 P M1 D1 N3 S'","S' N3 D1 P M1 G3 R1 S","Sampurna",No,"",Yes,"","https://en.wikipedia.org/wiki/List_of_Janya_ragas"
"ushavali","Ushavali","Ushāvali",15,"Mayamalavagowla",3,"Agni (Fire)","S R1 M1 P D1 S'","S' N3 D1 M1 P M1 R1 S","Audava-Shadava",No,"",Yes,"","https://en.wikipedia.org/wiki/List_of_Janya_ragas"
"visharada","Visharada","Vishārada",15,"Mayamalavagowla",3,"Agni (Fire)","S R1 M1 P N3 S'","S' N3 P M1 R1 S","Audava",No,"",Yes,"","https://en.wikipedia.org/wiki/List_of_Janya_ragas"
"toyavegavahini","Toyavegavahini","Toyavegavāhini",16,"Chakravakam",3,"Agni (Fire)","S R1 G3 M1 P D2 N2 S'","S' N2 D2 P M1 G3 R1 S","Sampurna",No,"",Yes,"","https://en.wikipedia.org/wiki/List_of_Janya_ragas"
"ahir-bhairavi","Ahir Bhairavi","Āhir Bhairavi",16,"Chakravakam",3,"Agni (Fire)","S R1 G3 M1 P N2 D2 M1 P D2 S'","S' N2 D2 P M1 P G3 R1 S","Sampurna",No,"",Yes,"","https://en.wikipedia.org/wiki/List_of_Janya_ragas"
"bhakthapriya","Bhakthapriya","Bhakthapriya",16,"Chakravakam",3,"Agni (Fire)","S G3 M1 P D2 N2 S'","S' N2 D2 P M1 R1 M1 G3 S","Shadava-Sampurna",No,"",Yes,"","https://en.wikipedia.org/wiki/List_of_Janya_ragas"
"bhujangini","Bhujangini","Bhujāngini",16,"Chakravakam",3,"Agni (Fire)","S R1 G3 M1 D2 N2 S'","S' N2 D2 M1 G3 R1 S","Shadava",No,"",Yes,"","https://en.wikipedia.org/wiki/List_of_Janya_ragas"
"bindhumalini","Bindhumalini","Bindhumālini",16,"Chakravakam",3,"Agni (Fire)","S G3 R1 G3 M1 P N2 S'","S' N2 S D2 P G3 M1 P G3 R1 S","Shadava-Sampurna",No,"",Yes,"","https://en.wikipedia.org/wiki/List_of_Janya_ragas"
"chakranarayani","Chakranarayani","Chakranārāyani",16,"Chakravakam",3,"Agni (Fire)","S R1 M1 P D2 N2 S'","S' N2 D2 P M1 R1 S","Shadava",No,"",Yes,"","https://en.wikipedia.org/wiki/List_of_Janya_ragas"
"ghoshini","Ghoshini","Ghoshini",16,"Chakravakam",3,"Agni (Fire)","S M1 G3 M1 P D2 N2 D2 S'","S' N2 D2 P M1 G3 R1 S","Shadava-Sampurna",No,"",Yes,"","https://en.wikipedia.org/wiki/List_of_Janya_ragas"
"guhapriya","Guhapriya","Guhapriya",16,"Chakravakam",3,"Agni (Fire)","S R1 G3 M1 P P M1 D2 N2 S'","S' N2 D2 P M1 G3 S R1 S","Sampurna",No,"",Yes,"","https://en.wikipedia.org/wiki/List_of_Janya_ragas"
"kalavati","Kalavati","Kalāvati",16,"Chakravakam",3,"Agni (Fire)","S R1 M1 P D2 S'","S' D2 P M1 G3 S R1 S","Audava-Shadava",No,"",Yes,"","https://en.wikipedia.org/wiki/List_of_Janya_ragas"
"kokila","Kokila","Kokilā",16,"Chakravakam",3,"Agni (Fire)","S R1 G3 M1 D2 N2 S'","S' N2 D2 M1 G3 R1 S","Shadava",No,"",Yes,"","https://en.wikipedia.org/wiki/List_of_Janya_ragas"
"malayamarutam","Malayamarutam","Malayamārutam",16,"Chakravakam",3,"Agni (Fire)","S R1 G3 P D2 N2 S'","S' N2 D2 P G3 R1 S","Shadava",No,"",Yes,"","https://en.wikipedia.org/wiki/Malayamarutam"
"mukthangi","Mukthangi","Mukthāngi",16,"Chakravakam",3,"Agni (Fire)","S R1 G3 M1 P D2 N2 S'","S' D2 N2 P M1 G3 R1 S","Sampurna",No,"",Yes,"","https://en.wikipedia.org/wiki/List_of_Janya_ragas"
"mukundamalini","Mukundamalini","Mukundamālini",16,"Chakravakam",3,"Agni (Fire)","S R1 G2 P D2 S'","S' D2 P G2 R1 S","Audava",No,"",Yes,"","https://en.wikipedia.org/wiki/List_of_Janya_ragas"
"poornapanchamam","Poornapanchamam","Poornapanchamam",16,"Chakravakam",3,"Agni (Fire)","P M1 S R1 S M1 P D2","D2 P M1 G3 R1 S N2","Audava-Sampurna",No,"",Yes,"","https://en.wikipedia.org/wiki/List_of_Janya_ragas"
"pravritti","Pravritti","Pravritti",16,"Chakravakam",3,"Agni (Fire)","S G3 M1 P D2 N2 S'","S' N2 D2 P M1 G3 S","Shadava",No,"",Yes,"","https://en.wikipedia.org/wiki/List_of_Janya_ragas"
"ragamanjari","Ragamanjari","Rāgamanjari",16,"Chakravakam",3,"Agni (Fire)","S R1 M1 P D2 S'","S' N2 D2 M1 R1 S","Audava",No,"",Yes,"","https://en.wikipedia.org/wiki/List_of_Janya_ragas"
"rasikaranjani","Rasikaranjani","Rasikaranjani",16,"Chakravakam",3,"Agni (Fire)","S R1 G3 P S'","S' D2 P G3 R1 S","Swarantara-Audava",No,"",Yes,"","https://en.wikipedia.org/wiki/List_of_Janya_ragas"
"rudra-panchami","Rudra Panchami","Rudra Panchami",16,"Chakravakam",3,"Agni (Fire)","S G3 M1 D2 N2 S'","S' N3 D2 M1 G3 R1 S","Audava-Shadava",No,"",Yes,"","https://en.wikipedia.org/wiki/List_of_Janya_ragas"
"samya","Samya","Samya",16,"Chakravakam",3,"Agni (Fire)","S R1 G3 P N2 S'","S' N2 P M1 G3 R1 S","Audava-Shadava",No,"",Yes,"Raga created by Mahesh Mahadev","#cite_note-5"
"shree-nabhomargini","Shree Nabhomargini","Shree Nabhomārgini",16,"Chakravakam",3,"Agni (Fire)","S G3 M1 P D2 N2 S'","S' D2 P M1 G3 R1 S","Shadava",No,"",Yes,"","https://en.wikipedia.org/wiki/List_of_Janya_ragas"
"shyamali","Shyamali","Shyāmali",16,"Chakravakam",3,"Agni (Fire)","S G3 P D2 N2 S'","S' N2 D2 P G3 R1 S","Audava-Shadava",No,"",Yes,"","https://en.wikipedia.org/wiki/List_of_Janya_ragas"
"subhashini","Subhashini","Subhāshini",16,"Chakravakam",3,"Agni (Fire)","S D2 N2 D R1 G3 M1 P","M1 G3 R1 S N2 D2 N2 S","Sampurna-Shadava",No,"",Yes,"","https://en.wikipedia.org/wiki/List_of_Janya_ragas"
"valaji","Valaji","Valaji",16,"Chakravakam",3,"Agni (Fire)","S G3 P D2 N2 S'","S' N2 D2 P G3 S","Audava",No,"",Yes,"","https://en.wikipedia.org/wiki/Valaji"
"veenadhari","Veenadhari","Veenadhāri",16,"Chakravakam",3,"Agni (Fire)","S R1 G3 P D2 N2 S'","S' N2 D2 P M1 G3 R1 S","Shadava-Sampurna",No,"",Yes,"","https://en.wikipedia.org/wiki/List_of_Janya_ragas"
"vegavahini","Vegavahini","Vegavāhini",16,"Chakravakam",3,"Agni (Fire)","S R1 G3 M1 D2 N2 D2 S'","S' N2 D2 P M1 G3 R1 S","Shadava-Sampurna",No,"",Yes,"","https://en.wikipedia.org/wiki/List_of_Janya_ragas"
"chayavathi","Chayavathi","Chāyāvathi",17,"Suryakantam",3,"Agni (Fire)","S R1 G3 M1 D2 N3 S'","S' N3 D2 P M1 G3 R1 S","Shadava-Sampurna",No,"",Yes,"","https://en.wikipedia.org/wiki/List_of_Janya_ragas"
"bhairavam","Bhairavam","Bhairavam",17,"Suryakantam",3,"Agni (Fire)","S R1 G3 M1 P D2 N3 S'","S' D2 P M1 G3 R1 S","Sampurna-Shadava",No,"",Yes,"","https://en.wikipedia.org/wiki/List_of_Janya_ragas"
"haridarpa","Haridarpa","Haridarpa",17,"Suryakantam",3,"Agni (Fire)","S R1 G3 M1 P D2 N3 S'","S' D2 P M1 R1 S","Sampurna-Audava",No,"",Yes,"","https://en.wikipedia.org/wiki/List_of_Janya_ragas"
"jayasamvardhani","Jayasamvardhani","Jayasamvardhani",17,"Suryakantam",3,"Agni (Fire)","S G3 M1 P D2 N3 S'","S' N3 P M1 G3 R1 S","Shadava",No,"",Yes,"","https://en.wikipedia.org/wiki/List_of_Janya_ragas"
"jeevantika","Jeevantika","Jeevantikā",17,"Suryakantam",3,"Agni (Fire)","S R1 M1 P D2 N3 S'","S' N3 D2 P M1 R1 S","Shadava",No,"",Yes,"","https://en.wikipedia.org/wiki/List_of_Janya_ragas"
"kusumamaruta","Kusumamaruta","Kusumamāruta",17,"Suryakantam",3,"Agni (Fire)","S M1 P D2 N3 S'","S' N3 D2 P M1 G3 R1 G3 M1 S","Audava-Sampurna",No,"",Yes,"","https://en.wikipedia.org/wiki/List_of_Janya_ragas"
"nagachoodamani","Nagachoodamani","Nāgachooḍāmani",17,"Suryakantam",3,"Agni (Fire)","S R1 G3 M1 P D2 S'","S' D2 N2 D2 P M1 G3 M1 R2 S","Shadava-Sampurna",No,"",Yes,"","https://en.wikipedia.org/wiki/List_of_Janya_ragas"
"rohini","Rohini","Rohini",17,"Suryakantam",3,"Agni (Fire)","S R1 G3 M1 M2 D2 N3 S'","S' N3 D2 M2 M1 G3 R1 S","Shadava",No,"",Yes,"","https://en.wikipedia.org/wiki/List_of_Janya_ragas"
"samakannada","Samakannada","Sāmakannada",17,"Suryakantam",3,"Agni (Fire)","S R2 M1 G2 M1 P D2 N3 S'","S' N3 D2 P M1 R1 S","Sampurna-Shadava",No,"",Yes,"","https://en.wikipedia.org/wiki/List_of_Janya_ragas"
"sowrashtram","Sowrashtram","Sowrāshtram",17,"Suryakantam",3,"Agni (Fire)","S R1 G3 M1 P M1 D2 N3 S'","S' N3 D2 N2 D2 P M1 G3 R1 S","Sampurna",No,"",Yes,"","https://en.wikipedia.org/wiki/List_of_Janya_ragas"
"suddha-gowla","Suddha Gowla","Suddha Gowla",17,"Suryakantam",3,"Agni (Fire)","S R1 M1 P N3 S'","S' N3 P M1 R1 S","Audava",No,"",Yes,"","https://en.wikipedia.org/wiki/List_of_Janya_ragas"
"supradeepam","Supradeepam","Supradeepam",17,"Suryakantam",3,"Agni (Fire)","S R1 M1 P D2 N3 S'","S' N3 D2 P M1 G3 M1 R1 S","Shadava-Sampurna",No,"",Yes,"","https://en.wikipedia.org/wiki/List_of_Janya_ragas"
"vasantha","Vasantha","Vasanthā",17,"Suryakantam",3,"Agni (Fire)","S M1 G3 M1 D2 N3 S'","S' N3 D2 M1 G3 R1 S","Audava-Shadava",No,"",Yes,"","https://en.wikipedia.org/wiki/Vasantha_(raga)"
"jayashuddhamalavi","Jayashuddhamalavi","Jayashuddhamālavi",18,"Hatakambari",3,"Agni (Fire)","S R1 G3 M1 P N3 S'","S' N3 D3 P M1 G3 R1 S","Shadava-Sampurna",No,"",Yes,"","https://en.wikipedia.org/wiki/List_of_Janya_ragas"
"hamsanantini","Hamsanantini","Hamsanantini",18,"Hatakambari",3,"Agni (Fire)","S G3 M1 P S'","S' P M1 G3 R1 S","Swarantara-Audava",No,"",Yes,"","https://en.wikipedia.org/wiki/List_of_Janya_ragas"
"kallola","Kallola","Kallola",18,"Hatakambari",3,"Agni (Fire)","S P D3 N3 S'","S' N3 D3 P M1 G3 R1 S","Swarantara-Sampurna",No,"",Yes,"","https://en.wikipedia.org/wiki/List_of_Janya_ragas"
"simhala","Simhala","Simhala",18,"Hatakambari",3,"Agni (Fire)","S R1 G3 M1 P D3 N3 S'","S' N3 D3 N3 P M1 G3 R1 S","Sampurna",No,"",Yes,"","https://en.wikipedia.org/wiki/List_of_Janya_ragas"
"jhankarabhramari","Jhankarabhramari","Jhankārabhramari",19,"Jhankaradhwani",4,"Veda (Scriptures)","S R2 G2 M1 P D1 N1 D1 P D1 S S R2 G2 M1 P D1 S S R2 G2 M1 P D1 N1 D1 S S R2 G2 M1 P D1 N1 D1 S S G2 R2 G M1 P D1 N1 D1 S S R2 G2 M1 P D1 N1 D1 S","S N1 D1 P M1 G2 R2 S S N1 D1 P M1 G2 R2 S S D1 P M1 G2 R2 S S N1 D1 P M1 G2 R2 S S N1 D1 P M1 G2 R2 G R2 S D1 N1 D1 P M1 G2 R2 S","Sampurna",No,"",Yes,"","https://en.wikipedia.org/wiki/List_of_Janya_ragas"
"bharati","Bharati","Bhārati",19,"Jhankaradhwani",4,"Veda (Scriptures)","S R2 G2 M1 P S'","S' P M1 G2 R2 S","Audava",No,"",Yes,"","https://en.wikipedia.org/wiki/List_of_Janya_ragas"
"chittaranjani","Chittaranjani","Chittaranjani",19,"Jhankaradhwani",4,"Veda (Scriptures)","S R2 G2 M1 P D1 N1","N1 D1 P M1 G2 R2 S","Sampurna",No,"",No,"","https://en.wikipedia.org/wiki/List_of_Janya_ragas"
"jalmika","Jalmika","Jalmika",19,"Jhankaradhwani",4,"Veda (Scriptures)","S R2 G1 M1 P D1 N1 S'","S' N1 D1 P M1 G1 S R2 S","Sampurna",No,"",Yes,"","https://en.wikipedia.org/wiki/List_of_Janya_ragas"
"lalitabhairavi","Lalitabhairavi","Lalitabhairavi",19,"Jhankaradhwani",4,"Veda (Scriptures)","S G2 M1 P D1 S'","S' N1 D1 P M1 G2 R2 S","Audava-Sampurna",No,"",Yes,"","https://en.wikipedia.org/wiki/List_of_Janya_ragas"
"poornalalita-m19","Poornalalita","Poornalalita",19,"Jhankaradhwani",4,"Veda (Scriptures)","S G2 R2 M1 P S S G2 R2 G2 R2 M1 P S S R2 G2 R2 M1 P S S R2 G2 M1 P S S G2 R2 G2 M1 P S","S N1 D1 P M1 G2 R2 S S N1 D1 P M1 G2 R2 S S N1 D1 P M1 G2 R2 S S N1 D1 P M1 G2 R2 S S N1 D1 P M1 G2 R2 S","Audava-Sampurna",No,"",Yes,"","https://en.wikipedia.org/wiki/List_of_Janya_ragas"
"nareretigowla","Nareretigowla","Nārērētigowla",20,"Natabhairavi",4,"Veda (Scriptures)","S G2 R2 G2 M1 N2 D1 M1 N2 N2 S'","S' N2 D1 M1 G2 M1 P M1 G2 R2 S","Shadava-Sampurna",No,"",Yes,"","https://en.wikipedia.org/wiki/List_of_Janya_ragas"
"abheri","Abheri","Abheri",20,"Natabhairavi",4,"Veda (Scriptures)","S M1 G2 M1 P P S'","S' N2 D2 P M1 G2 R2 S","Swarantara-Sampurna",No,"",Yes,"Dikshitar School","https://en.wikipedia.org/wiki/List_of_Janya_ragas"
"anandabhairavi","Anandabhairavi","Anandabhairavi",20,"Natabhairavi",4,"Veda (Scriptures)","S G2 R2 G2 M1 P D2 P S'","S' N2 D2 P M1 G2 R2 S","Shadava-Sampurna",Yes,"G3 D1 N3",Yes,"","https://en.wikipedia.org/wiki/Anandabhairavi"
"amrithavahini","Amrithavahini","Amrithavāhini",20,"Natabhairavi",4,"Veda (Scriptures)","S R2 M1 P D1 N2 S'","S' N2 D1 M1 G2 R2 S","Shadava",No,"",Yes,"","https://en.wikipedia.org/wiki/List_of_Janya_ragas"
"bhairavi","Bhairavi","Bhairavi",20,"Natabhairavi",4,"Veda (Scriptures)","S G2 R2 G2 M1 P D2 N2 S'","S' N2 D1 P M1 G2 R2 S","Sampurna",Yes,"D2",Yes,"","https://en.wikipedia.org/wiki/Bhairavi_(ragam)"
"bhuvanagandhari","Bhuvanagandhari","Bhuvanagāndhāri",20,"Natabhairavi",4,"Veda (Scriptures)","S R2 M1 P N2 S'","S' N2 D1 P M1 G2 S","Audava-Shadava",No,"",Yes,"","https://en.wikipedia.org/wiki/List_of_Janya_ragas"
"chapagantarva","Chapagantarva","Chapagantarva",20,"Natabhairavi",4,"Veda (Scriptures)","S G2 M1 P N2","D1 M1 G2 R2 S N2","Audava-Shadava",No,"",No,"","https://en.wikipedia.org/wiki/List_of_Janya_ragas"
"darbari-kanada","Darbari Kanada","Darbāri Kānada",20,"Natabhairavi",4,"Veda (Scriptures)","N2 S R2 G2 R2 S M1 P D1 N2 S'","S' D1 N2 P M1 P G2 M1 R2 S","Sampurna",No,"",Yes,"","https://en.wikipedia.org/wiki/Darbari_Kanada"
"devakriya","Devakriya","Devakriya",20,"Natabhairavi",4,"Veda (Scriptures)","S R2 M1 P N2 S'","S' N2 D1 N2 P M1 G2 R2 S","Audava-Sampurna",No,"",Yes,"","https://en.wikipedia.org/wiki/List_of_Janya_ragas"
"dhanashree","Dhanashree","Dhanashree",20,"Natabhairavi",4,"Veda (Scriptures)","N2 S G2 M1 P N2 S'","S' N2 D1 P M1 G2 R1 S","Audava-Sampurna",No,"",Yes,"","https://en.wikipedia.org/wiki/List_of_Janya_ragas"
"dharmaprakashini","Dharmaprakashini","Dharmaprakāshini",20,"Natabhairavi",4,"Veda (Scriptures)","S R2 M1 P N2 S'","S' N2 D1 M1 G2 R2 S","Audava-Shadava",No,"",Yes,"","https://en.wikipedia.org/wiki/List_of_Janya_ragas"
"dilipika-vasantha","Dilipika Vasantha","Dilipika Vasantha",20,"Natabhairavi",4,"Veda (Scriptures)","S G2 M1 P D1 P N2 S'","S' D1 P M1 R2 S","Shadava-Audava",No,"",Yes,"","https://en.wikipedia.org/wiki/List_of_Janya_ragas"
"divyagandhari","Divyagandhari","Divyagāndhāri",20,"Natabhairavi",4,"Veda (Scriptures)","S G2 M1 P D1 N2 S'","S' N2 P M1 G2 S","Shadava-Audava",No,"",Yes,"","https://en.wikipedia.org/wiki/List_of_Janya_ragas"
"gopikavasantam","Gopikavasantam","Gopikāvasantam",20,"Natabhairavi",4,"Veda (Scriptures)","S R2 G2 M1 P D1 P N2","S N2 D1 P M1 G2 R2 S","Sampurna",No,"",Yes,"","https://en.wikipedia.org/wiki/List_of_Janya_ragas"
"hindolam","Hindolam","Hindolam",20,"Natabhairavi",4,"Veda (Scriptures)","S G2 M1 D1 N2 S'","S' N2 D1 M1 G2 S","Audava",No,"",Yes,"","https://en.wikipedia.org/wiki/Hindolam"
"hindolavasanta","Hindolavasanta","Hindolavasanta",20,"Natabhairavi",4,"Veda (Scriptures)","S G2 M1 P D1 N2 D1 S'","S' N2 D1 P M1 D2 M1 G2 S","Shadava",No,"",Yes,"","https://en.wikipedia.org/wiki/List_of_Janya_ragas"
"indughantarava","Indughantarava","Indughantarava",20,"Natabhairavi",4,"Veda (Scriptures)","S G2 M1 P D1 P","N2 D1 P M1 G2 R2 S N2","Audava-Sampurna",No,"",Yes,"","https://en.wikipedia.org/wiki/List_of_Janya_ragas"
"jayanthashri","Jayanthashri","Jayanthashrī",20,"Natabhairavi",4,"Veda (Scriptures)","S G2 M1 D1 N2 S'","S' N2 D1 M1 P M1 G2 S","Audava-Shadava",No,"",Yes,"","https://en.wikipedia.org/wiki/List_of_Janya_ragas"
"jingala","Jingala","Jingaḷa",20,"Natabhairavi",4,"Veda (Scriptures)","S R2 G2 M1 P D1 N2 D1 P S'","S' N2 D1 P M1 G2 R2 S","Sampurna",No,"",Yes,"","https://en.wikipedia.org/wiki/List_of_Janya_ragas"
"jaunpuri","Jaunpuri","Jaunpuri",20,"Natabhairavi",4,"Veda (Scriptures)","S R2 M1 P D1 N2 S'","S' N2 D1 P M1 G2 R2 S","Shadava-Sampurna",No,"",Yes,"Hindustani equivalent","https://en.wikipedia.org/wiki/Jaunpuri_(raga)"
"katyayani","Katyayani","Kātyāyani",20,"Natabhairavi",4,"Veda (Scriptures)","S R2 G2 P D1 S'","S' D1 P G2 R2 S","Audava",No,"",Yes,"","https://en.wikipedia.org/wiki/List_of_Janya_ragas"
"kamakhyapriya","Kamakhyapriya","Kamakhyapriya",20,"Natabhairavi",4,"Veda (Scriptures)","S R2 M1 P D1 N2 S'","S' N2 P M1 G2 R2 S","Shadava",No,"",Yes,"Raga created by Mahesh Mahadev","#cite_note-6"
"kanakavasantham","Kanakavasantham","Kanakavasantham",20,"Natabhairavi",4,"Veda (Scriptures)","S G2 M1 P N2 D1 S'","S' N2 D1 P M1 G2 R2 S","Shadava-Sampurna",No,"",Yes,"","https://en.wikipedia.org/wiki/List_of_Janya_ragas"
"kshanika","Kshanika","Kshanika",20,"Natabhairavi",4,"Veda (Scriptures)","S G2 M1 P D1 S'","S' D1 P M1 G2 S","Audava",No,"",Yes,"","https://en.wikipedia.org/wiki/List_of_Janya_ragas"
"manji","Manji","Mānji",20,"Natabhairavi",4,"Veda (Scriptures)","S R2 G2 M1 P D2 N2 S'","S' N2 D1 P M1 P M1 P G2 R2 S","Sampurna",No,"",Yes,"","https://en.wikipedia.org/wiki/List_of_Janya_ragas"
"mahati-cf-mela-28-43","Mahati cf. Mela 28&43","Mahati cf. Mela 28&43",20,"Natabhairavi",4,"Veda (Scriptures)","S G2 P D1 N2 S'","S' N2 P G2 R2 S","Audava",No,"",Yes,"Mahathi","https://en.wikipedia.org/wiki/List_of_Janya_ragas"
"malkosh-malkauns","Malkosh / Malkauns","Malkosh / Malkauns",20,"Natabhairavi",4,"Veda (Scriptures)","S G2 M1 D1 N2 S'","S' N2 D1 M1 G2 S","Audava",No,"",Yes,"","https://en.wikipedia.org/wiki/Malkauns"
"margahindolam","mArgahindOLaM","mArgahindOLaM",20,"Natabhairavi",4,"Veda (Scriptures)","S R2 G2 M1 P D2 N2 S'","S' N2 D2 P M1 G2 S","Sampurna-Shadava",No,"",Yes,"","https://en.wikipedia.org/wiki/List_of_Janya_ragas"
"nagagandhari","Nagagandhari","Nāgagāndhāri",20,"Natabhairavi",4,"Veda (Scriptures)","S R2 M1 G2 M1 P D1 N2 S'","S' N2 D1 P M1 G2 R2 S","Sampurna",No,"",Yes,"","https://en.wikipedia.org/wiki/List_of_Janya_ragas"
"navarathna-vilasam","Navarathna Vilasam","Navarathna Vilāsam",20,"Natabhairavi",4,"Veda (Scriptures)","S R2 G2 M1 P D1 P S'","S' D1 P M1 G2 M1 R2 S","Shadava",No,"",Yes,"","https://en.wikipedia.org/wiki/List_of_Janya_ragas"
"nilamati","Nilamati","Nīlamati",20,"Natabhairavi",4,"Veda (Scriptures)","S G2 M1 P D1 N2 S'","S' N2 D1 M1 G2 S","Shadava-Audava",No,"",Yes,"","https://en.wikipedia.org/wiki/List_of_Janya_ragas"
"nilaveni","Nilaveni","Nīlaveni",20,"Natabhairavi",4,"Veda (Scriptures)","S R2 G2 M1 P D1 N2 D1 S'","S' D1 P M1 G2 R2 S","Sampurna-Shadava",No,"",Yes,"","https://en.wikipedia.org/wiki/List_of_Janya_ragas"
"poornasha-jam","Poornashađjam","Poornashađjam",20,"Natabhairavi",4,"Veda (Scriptures)","S R2 G2 M1 N2 N2 S S R2 G2 M1 N2 S'","S' N2 P M1 G2 R2 S S N2 P M1 G2 R2 S","Audava-Shadava",No,"",Yes,"","https://en.wikipedia.org/wiki/List_of_Janya_ragas"
"rajarajeshwari","Rajarajeshwari","Rājarājeshwari",20,"Natabhairavi",4,"Veda (Scriptures)","S R2 M1 P D1 S'","S' N2 D1 P M1 G2 R2 S","Audava-Sampurna",No,"",Yes,"","https://en.wikipedia.org/wiki/List_of_Janya_ragas"
"saramati","Saramati","Sāramati",20,"Natabhairavi",4,"Veda (Scriptures)","S R2 G2 M1 P D1 N2 S'","S' N2 D1 M1 G2 S","Sampurna-Audava",No,"",Yes,"","https://en.wikipedia.org/wiki/Saramati"
"saranga-kapi","Saranga Kapi","Sāranga Kāpi",20,"Natabhairavi",4,"Veda (Scriptures)","S R1 P M1 R1 P R1 M1 P N2 S'","S' N2 D1 P M1 G2 R1 S","Audava-Sampurna",No,"",Yes,"","https://en.wikipedia.org/wiki/List_of_Janya_ragas"
"sharadapriya","Sharadapriya","Sharadapriya",20,"Natabhairavi",4,"Veda (Scriptures)","S R2 G2 P N2 S'","S' N2 P G2 R2 S","Audava",No,"",Yes,"","https://en.wikipedia.org/wiki/List_of_Janya_ragas"
"shree-navarasachandrika","Shree Navarasachandrika","Shree Navarasachandrika",20,"Natabhairavi",4,"Veda (Scriptures)","S R2 G2 M1 P D1 S'","S' D1 P M1 G2 R2 S","Shadava",No,"",Yes,"","https://en.wikipedia.org/wiki/List_of_Janya_ragas"
"sindhu-dhanyasi","Sindhu Dhanyasi","Sindhu Dhanyāsi",20,"Natabhairavi",4,"Veda (Scriptures)","S G2 M1 P N2 S'","S' N2 D1 M1 P M1 G2 R2 S","Audava-Sampurna",No,"",Yes,"","https://en.wikipedia.org/wiki/List_of_Janya_ragas"
"shuddha-desi","Shuddha Desi","Shuddha Desi",20,"Natabhairavi",4,"Veda (Scriptures)","S R2 G2 R2 M1 P D1 N2 S'","S' N2 D1 P M1 G2 R2 S","Sampurna",No,"",Yes,"","https://en.wikipedia.org/wiki/List_of_Janya_ragas"
"shuddha-salavi","Shuddha Salavi","Shuddha Sālavi",20,"Natabhairavi",4,"Veda (Scriptures)","S G2 M1 P N2 S'","S' N2 P M1 R2 S","Audava",No,"",Yes,"","https://en.wikipedia.org/wiki/List_of_Janya_ragas"
"sukumari","Sukumari","Sukumāri",20,"Natabhairavi",4,"Veda (Scriptures)","S G2 M1 P N2 D1 N2 S'","S' N2 P M1 G2 M1 R2 S","Shadava",No,"",Yes,"","https://en.wikipedia.org/wiki/List_of_Janya_ragas"
"sushama","Sushama","Sushama",20,"Natabhairavi",4,"Veda (Scriptures)","S R2 M1 P D1 S'","S' D1 P M1 R2 S","Audava",No,"",Yes,"Raga created by M. Balamuralikrishna","https://en.wikipedia.org/wiki/List_of_Janya_ragas"
"sutradhari","Sutradhari","Sutradhāri",20,"Natabhairavi",4,"Veda (Scriptures)","(Also 27) S R2 M1 P D1 S","S D1 P M1 R2 S","Audava",No,"",Yes,"","https://en.wikipedia.org/wiki/List_of_Janya_ragas"
"tarkshika","Tarkshika","Tarkshika",20,"Natabhairavi",4,"Veda (Scriptures)","S R2 M1 P N2 S'","S' N2 D1 P M1 R2 G2 R2 S","Audava-Sampurna",No,"",Yes,"","https://en.wikipedia.org/wiki/List_of_Janya_ragas"
"udayaraga","Udayaraga","Udayarāga",20,"Natabhairavi",4,"Veda (Scriptures)","S G2 M1 P N2 S'","S' N2 P M1 G2 S","Audava",No,"",Yes,"","https://en.wikipedia.org/wiki/Udayaravichandrika"
"vasantavarali","Vasantavarali","Vasantavarāli",20,"Natabhairavi",4,"Veda (Scriptures)","S R2 M1 P D1 S'","S' N2 D1 P G2 R2 S","Audava-Shadava",No,"",Yes,"","https://en.wikipedia.org/wiki/List_of_Janya_ragas"
"keeranavali","Keeranavali","Keeranāvali",21,"Keeravani",4,"Veda (Scriptures)","S R2 G2 M1 P D1 N3 S'","S' P M1 G2 R2 S","Sampurna-Audava",No,"",Yes,"","https://en.wikipedia.org/wiki/List_of_Janya_ragas"
"aymmukhan","Aymmukhan","Aymmukhan",21,"Keeravani",4,"Veda (Scriptures)","S G2 M1 P D1 N3 S'","S' N3 D1 P M1 G2 S","Shadava",No,"",Yes,"","https://en.wikipedia.org/wiki/List_of_Janya_ragas"
"bhanupriya","Bhanupriya","Bhānupriya",21,"Keeravani",4,"Veda (Scriptures)","S R2 G2 D1 N3 S'","S' N3 D1 G2 R2 S","Audava",No,"",Yes,"","https://en.wikipedia.org/wiki/List_of_Janya_ragas"
"beethovanapriya","Beethovanapriya","Beethovanapriya",21,"Keeravani",4,"Veda (Scriptures)","G2, P, N,3 S R2 G2 M1 P D1","P M2 P R2 M1 G2 S","Sampurna-Audava",No,"",Yes,"invented by Ramesh Vinayakam","https://en.wikipedia.org/wiki/Ramesh_Vinayakam"
"chandrika","Chandrika","Chandrika",21,"Keeravani",4,"Veda (Scriptures)","S R2 G2 P D1 N3 S'","S' N3 D1 P G2 R2 S","Shadava",No,"",Yes,"","https://en.wikipedia.org/wiki/List_of_Janya_ragas"
"gaganabhoopalam","Gaganabhoopalam","Gaganabhoopālam",21,"Keeravani",4,"Veda (Scriptures)","S M1 G2 M1 P D1 N3","S N3 D1 M1 G2 R2 S","Shadava",No,"",Yes,"","https://en.wikipedia.org/wiki/List_of_Janya_ragas"
"hamsapancama","Hamsapancama","Hamsapancama",21,"Keeravani",4,"Veda (Scriptures)","S G2 M1 P N3 D1 N3 P S'","S' N3 D1 M1 G2 R2 S","Shadava",No,"",Yes,"","https://en.wikipedia.org/wiki/List_of_Janya_ragas"
"hamsavahini","Hamsavahini","Hamsavāhini",21,"Keeravani",4,"Veda (Scriptures)","S R2 M1 P D1 N3 S'","S' N3 D1 P M1 R2 S","Shadava",No,"",Yes,"","https://en.wikipedia.org/wiki/List_of_Janya_ragas"
"jayashree","Jayashree","Jayashree",21,"Keeravani",4,"Veda (Scriptures)","S R2 G2 M1 P D1 N3 D1 S'","S' N3 D1 P M1 G2 R2 S","Sampurna",No,"",Yes,"","https://en.wikipedia.org/wiki/List_of_Janya_ragas"
"kadaram","Kadaram","Kadaram",21,"Keeravani",4,"Veda (Scriptures)","S G2 M1 D1 N3 S'","S' N3 D1 M1 G2 S","Audava",No,"",Yes,"Chandrakosh, Chandrakauns , Chandrakaush","https://en.wikipedia.org/wiki/Chandrakauns"
"kalyana-vasantam","Kalyana Vasantam","Kalyāna Vasantam",21,"Keeravani",4,"Veda (Scriptures)","S G2 M1 D1 N3 S'","S' N3 D1 P M1 G2 R2 S","Audava-Sampurna",No,"",Yes,"","https://en.wikipedia.org/wiki/Kalyanavasantam"
"kusumavali","Kusumavali","Kusumāvali",21,"Keeravani",4,"Veda (Scriptures)","S G2 M1 P D1 S'","S' N3 D1 P M1 G2 M1 R1 S","Audava-Sampurna",No,"",Yes,"","https://en.wikipedia.org/wiki/List_of_Janya_ragas"
"madhavi","Madhavi","Mādhavi",21,"Keeravani",4,"Veda (Scriptures)","S M1 G2 M1 P D1 N3 S'","S' N3 D1 P M1 S M1 G2 R1 S","Shadava-Sampurna",No,"",Yes,"","https://en.wikipedia.org/wiki/List_of_Janya_ragas"
"mishramanolayam","Mishramanolayam","Mishramanolayam",21,"Keeravani",4,"Veda (Scriptures)","S R2 M1 P D1 S'","S' D2 D1 P M1 R2 S","Audava",No,"",Yes,"","https://en.wikipedia.org/wiki/List_of_Janya_ragas"
"priyadarshani","Priyadarshani","Priyadarshani",21,"Keeravani",4,"Veda (Scriptures)","S R2 M1 D1 N3 S'","S' N3 D1 M1 R2 S","Audava",No,"",Yes,"","https://en.wikipedia.org/wiki/List_of_Janya_ragas"
"rishipriya","Rishipriya","Rishipriya",21,"Keeravani",4,"Veda (Scriptures)","S R2 G2 M1 P D1 N3 S'","S' N3 P M1 G2 R2 S","Sampurna-Shadava",No,"",Yes,"","https://en.wikipedia.org/wiki/List_of_Janya_ragas"
"samapriya","Samapriya","Sāmapriya",21,"Keeravani",4,"Veda (Scriptures)","S R2 M1 P D1 S'","S' D1 P M1 R2 S","Audava",No,"",Yes,"","https://en.wikipedia.org/wiki/List_of_Janya_ragas"
"shrothasvini","Shrothasvini","Shrothasvini",21,"Keeravani",4,"Veda (Scriptures)","S G2 M1 P N3 S'","S' N3 P M1 G2 S","Audava",No,"",Yes,"","https://en.wikipedia.org/wiki/List_of_Janya_ragas"
"vasanthamanohari","Vasanthamanohari","Vasanthamanohari",21,"Keeravani",4,"Veda (Scriptures)","S R2 G2 M1 D1 N3 S'","S' N3 D1 M1 G2 R2 S","Shadava",No,"",Yes,"","https://en.wikipedia.org/wiki/List_of_Janya_ragas"
"shree","Shree","Shree",22,"Kharaharapriya",4,"Veda (Scriptures)","S R2 M1 P N2 S'","S' N2 P D2 N2 P M1 R2 G2 R2 S","Audava-Sampurna",No,"",Yes,"","https://en.wikipedia.org/wiki/Sri_Ragam"
"andolika","Andolika","Andolikā",22,"Kharaharapriya",4,"Veda (Scriptures)","S R2 M1 P N2 S'","S' N2 D2 M1 R2 S","Audava",No,"",Yes,"","https://en.wikipedia.org/wiki/Andolika"
"abheri-m22","Abheri","Abheri",22,"Kharaharapriya",4,"Veda (Scriptures)","S G2 M1 P N2 S'","S' N2 D2 P M1 G2 R2 S","Audava-Sampurna",No,"",Yes,"","https://en.wikipedia.org/wiki/Abheri"
"abhogi","Abhogi","Abhogi",22,"Kharaharapriya",4,"Veda (Scriptures)","S R2 G2 M1 D2 S'","S' D2 M1 G2 R2 S","Audava",No,"",Yes,"","https://en.wikipedia.org/wiki/Abhogi"
"adi-kapi","Adi Kapi","Ādi Kāpi",22,"Kharaharapriya",4,"Veda (Scriptures)","S R2 M1 G2 M1 P D2 N2 S'","S' N2 D2 P M1 G2 R2 S","Sampurna",No,"",Yes,"","https://en.wikipedia.org/wiki/List_of_Janya_ragas"
"aryamati","Aryamati","Āryamati",22,"Kharaharapriya",4,"Veda (Scriptures)","S R2 G2 P D2 S'","S' N2 D2 P D2 M1 G2 R2 S","Audava-Sampurna",No,"",Yes,"","https://en.wikipedia.org/wiki/List_of_Janya_ragas"
"agnikopa","Agnikopa","Agnikopa",22,"Kharaharapriya",4,"Veda (Scriptures)","S G2 M1 P N2 S'","S' N2 P M1 G2 R2 S","Audava-Shadava",No,"",Yes,"","https://en.wikipedia.org/wiki/List_of_Janya_ragas"
"balachandrika","Balachandrika","Bālachandrika",22,"Kharaharapriya",4,"Veda (Scriptures)","S G2 M1 P D2 N2 S'","S' N2 D2 M1 G2 R2 S","Shadava",No,"",Yes,"","https://en.wikipedia.org/wiki/List_of_Janya_ragas"
"basant-bahar","Basant Bahar","Basant Bahār",22,"Kharaharapriya",4,"Veda (Scriptures)","S M2 P G3 M2 N3 D1 N3 S","R2 S N2 D2 P M1 G2 M1 G2 R2 S","Shadava-Sampurna",No,"",Yes,"Hindustani equivalent","https://en.wikipedia.org/wiki/List_of_Janya_ragas"
"bageshri","Bageshri","Bageshri",22,"Kharaharapriya",4,"Veda (Scriptures)","S G2 M1 D2 N2 S'","S' N2 D2 M1 P D2 G2 M1 R2 S","Audava-Sampurna",No,"",Yes,"","https://en.wikipedia.org/wiki/Bageshri"
"bhagavatapriya","Bhagavatapriya","Bhagavatapriya",22,"Kharaharapriya",4,"Veda (Scriptures)","S R2 G2 M1 P N2 S'","S' N2 D2 P M1 G2 R2 S","Shadava-Sampurna",No,"",Yes,"","https://en.wikipedia.org/wiki/List_of_Janya_ragas"
"bhagavathpriya","Bhagavathpriya","Bhagavathpriya",22,"Kharaharapriya",4,"Veda (Scriptures)","S R2 G2 M1 R2 M1 P D2 N2 S'","S' N2 D2 P M1 R2 S","Sampurna-Shadava",No,"",Yes,"","https://en.wikipedia.org/wiki/List_of_Janya_ragas"
"bhimpalasi","Bhimpalasi","Bhimpalasi",22,"Kharaharapriya",4,"Veda (Scriptures)","N2 S G2 M1 P N2 S'","S' N2 D2 P M1 G2 R2 S","Audava-Sampurna",No,"",Yes,"Hindustani equivalent","https://en.wikipedia.org/wiki/Bhimpalasi"
"brindavana-saranga","Brindavana Saranga","Brindāvana Sāranga",22,"Kharaharapriya",4,"Veda (Scriptures)","S R2 M1 P N3 S'","S' N2 P M1 R2 G2 R2 S","Audava-Shadava",Yes,"N3",Yes,"Hindustani equivalent","https://en.wikipedia.org/wiki/Brindavani_Sarang"
"brindavani","Brindavani","Brindāvani",22,"Kharaharapriya",4,"Veda (Scriptures)","S R2 M1 P N3 S'","S' N2 P M1 R2 S","Audava",Yes,"N3",Yes,"Hindustani equivalent","https://en.wikipedia.org/wiki/Brindavani_Sarang"
"chakrapradipta","Chakrapradipta","Chakrapradipta",22,"Kharaharapriya",4,"Veda (Scriptures)","S R2 G2 M1 P M1 D2 N2 S'","S' N2 D2 M1 G2 S","Sampurna-Audava",No,"",Yes,"","https://en.wikipedia.org/wiki/List_of_Janya_ragas"
"chittaranjani-m22","Chittaranjani","Chittaranjani",22,"Kharaharapriya",4,"Veda (Scriptures)","S R2 G2 M1 P D2 N2","N2 D2 P M1 G2 R2 S","Sampurna",No,"",No,"","https://en.wikipedia.org/wiki/List_of_Janya_ragas"
"darbar","Darbar","Darbar",22,"Kharaharapriya",4,"Veda (Scriptures)","S R2 M1 P D2 N2 S","R2 S N2 S D2 P M1 R2 G2 G2 R2 S","Shadava-Sampurna",No,"",Yes,"","https://en.wikipedia.org/wiki/Darbar_(Raga)"
"dayavati","Dayavati","Dayavati",22,"Kharaharapriya",4,"Veda (Scriptures)","S R2 G2 P N2 S'","S' N2 P M1 G2 S","Audava",No,"",Yes,"","https://en.wikipedia.org/wiki/List_of_Janya_ragas"
"devamruthavarshani","Devamruthavarshani","Devāmruthavarshani",22,"Kharaharapriya",4,"Veda (Scriptures)","S R2 G2 M1 N2 D2 N2 S'","S' N2 D2 P M1 G2 R2 S","Shadava-Sampurna",No,"",Yes,"","https://en.wikipedia.org/wiki/List_of_Janya_ragas"
"deva-manohari","Deva Manohari","Deva Manohari",22,"Kharaharapriya",4,"Veda (Scriptures)","S R2 M1 P D2 N2 S'","S' N2 D2 N2 P M1 R2 S","Shadava",No,"",Yes,"","https://en.wikipedia.org/wiki/List_of_Janya_ragas"
"dhanakapi","Dhanakapi","Dhanakāpi",22,"Kharaharapriya",4,"Veda (Scriptures)","S R2 M1 P N2 S (Varies)","S N2 D2 N2 P M1 G2 R2 S","Audava-Sampurna",No,"",Yes,"","https://en.wikipedia.org/wiki/List_of_Janya_ragas"
"dilipika","Dilipika","Dilipika",22,"Kharaharapriya",4,"Veda (Scriptures)","S R2 G2 M1 P N2 D2 N2 P D2 N2 S'","S' N2 D2 P M1 G2 R2 S","Sampurna",No,"",Yes,"","https://en.wikipedia.org/wiki/List_of_Janya_ragas"
"gowla-kannada","Gowla Kannada","Gowla Kannada",22,"Kharaharapriya",4,"Veda (Scriptures)","S R2 G2 M1 P D2 N2 S'","S' N2 P M1 G2 S","Sampurna-Audava",No,"",Yes,"","https://en.wikipedia.org/wiki/List_of_Janya_ragas"
"gara","Gara","Gāra",22,"Kharaharapriya",4,"Veda (Scriptures)","S G2 M1 P D2 N3 S'","S' N2 D2 P M1 G3 R2 G2 R2 S N3 S N2 D2 S","Shadava-Sampurna",Yes,"G3 D1 N3",Yes,"Hindustani equivalent","https://en.wikipedia.org/wiki/Gara_(raga)"
"hamsa-abheri","Hamsa abheri","Hamsa ābheri",22,"Kharaharapriya",4,"Veda (Scriptures)","S G2 P M1 P N2 S'","S' N2 D2 P M1 G2 S","Audava-Shadava",No,"",Yes,"","https://en.wikipedia.org/wiki/List_of_Janya_ragas"
"haridasapriya","Haridasapriya","Haridasapriya",22,"Kharaharapriya",4,"Veda (Scriptures)","S P M1 G3 M1 P N2 S'","S' N2 D2 N2 P M1 G2 R2 S","Audava-Sampurna",No,"",Yes,"","https://en.wikipedia.org/wiki/List_of_Janya_ragas"
"harinarayani","Harinarayani","Harinārāyani",22,"Kharaharapriya",4,"Veda (Scriptures)","S R2 G2 M1 P M1 D2 N2 S'","S' N2 P M1 G2 R2 S","Sampurna-Shadava",No,"",Yes,"","https://en.wikipedia.org/wiki/List_of_Janya_ragas"
"hindustani-kapi","Hindustani Kapi","Hindustāni Kāpi",22,"Kharaharapriya",4,"Veda (Scriptures)","S R2 M1 P N2 S'","S' N2 D2 N2 P M1 G2 M1 D2 P G2 R2 S N2 S","Audava-Sampurna",Yes,"G3 D1 N3",Yes,"","https://en.wikipedia.org/wiki/List_of_Janya_ragas"
"huseni","Huseni","Huseni",22,"Kharaharapriya",4,"Veda (Scriptures)","S R2 G2 M1 P N2 D2 N2 S S R2 G3 M1 P N3 D2 M1 P N3 S'","S' N2 D1 P M1 G2 R2 S  S N3 S P D2 M1 P G3 R2 S","Sampurna",Yes,"D1",Yes,"","https://en.wikipedia.org/wiki/List_of_Janya_ragas"
"jatadhari","Jatadhari","Jatādhāri",22,"Kharaharapriya",4,"Veda (Scriptures)","S R2 M1 P D2 N2 S'","S' N2 D2 P M1 R2 S","Shadava",No,"",Yes,"","https://en.wikipedia.org/wiki/List_of_Janya_ragas"
"jayamanohari","Jayamanohari","Jayamanohari",22,"Kharaharapriya",4,"Veda (Scriptures)","S R2 G2 M1 D2 S'","S' N2 D2 M1 G2 R2 S","Audava-Shadava",No,"",Yes,"","https://en.wikipedia.org/wiki/List_of_Janya_ragas"
"jayanarayani","Jayanarayani","Jayanārāyani",22,"Kharaharapriya",4,"Veda (Scriptures)","S R2 G2 M1 P D2 S'","S' N2 D2 P M1 G2 R2 S","Shadava-Sampurna",No,"",Yes,"","https://en.wikipedia.org/wiki/List_of_Janya_ragas"
"jayanthasena","Jayanthasena","Jayanthasena",22,"Kharaharapriya",4,"Veda (Scriptures)","S G2 M1 P D2 S'","S' N2 D2 P M1 G2 S","Audava-Shadava",No,"",Yes,"","https://en.wikipedia.org/wiki/List_of_Janya_ragas"
"jog","Jog","Jog",22,"Kharaharapriya",4,"Veda (Scriptures)","S G3 M1 P N2 S'","S' N2 P M1 G3 M1 G2 S","Audava",Yes,"G2",Yes,"Hindustani equivalent","https://en.wikipedia.org/wiki/Jog_(raga)"
"kanada","Kanada","Kanadā",22,"Kharaharapriya",4,"Veda (Scriptures)","S R2 P G2 M1 D2 N2 S'","S' N2 P M1 G2 M1 R2 S","Sampurna-Shadava",No,"",Yes,"","https://en.wikipedia.org/wiki/List_of_Janya_ragas"
"kapi","Kapi","Kāpi",22,"Kharaharapriya",4,"Veda (Scriptures)","S R2 M1 P N3 S'","S' N2 D2 N2 P M1 G2 R2 S","Audava-Sampurna",Yes,"G3 D1 N3",Yes,"","https://en.wikipedia.org/wiki/K%C4%81pi"
"kapijingala","Kapijingala","Kāpijingala",22,"Kharaharapriya",4,"Veda (Scriptures)","S N2 S R2 G2 M1","M1 G2 R2 S N2 D2 N2 S","Audava-Shadava",No,"",Yes,"","https://en.wikipedia.org/wiki/List_of_Janya_ragas"
"kalanidhi","Kalanidhi","Kalānidhi",22,"Kharaharapriya",4,"Veda (Scriptures)","S R2 G2 M1 S P M1 D2 N2 S'","S' N2 D2 P M1 G2 R2 S","Sampurna",No,"",Yes,"","https://en.wikipedia.org/wiki/List_of_Janya_ragas"
"kalika","Kalika","Kalika",22,"Kharaharapriya",4,"Veda (Scriptures)","S R2 G2 P D2 N2 S'","S' N2 D2 P G2 R2 S","Shadava",No,"",Yes,"","https://en.wikipedia.org/wiki/List_of_Janya_ragas"
"kannadagowla","Kannadagowla","Kannadagowla",22,"Kharaharapriya",4,"Veda (Scriptures)","S R2 G2 M1 P N2 S'","S' N2 D2 P M1 G2 S","Shadava",No,"",Yes,"","https://en.wikipedia.org/wiki/List_of_Janya_ragas"
"karnataka-hindolam","Karnataka Hindolam","Karnātaka Hindolam",22,"Kharaharapriya",4,"Veda (Scriptures)","S G2 M1 D2 N2 S'","S' N2 D2 M1 G2 S","Audava",No,"",Yes,"","https://en.wikipedia.org/wiki/List_of_Janya_ragas"
"karnataka-kapi","Karnataka Kapi","Karnātaka Kāpi",22,"Kharaharapriya",4,"Veda (Scriptures)","S R2 G2 M1 P D2 N2 S'","S' N2 D2 P M1 G2 R2 S","Sampurna",No,"",Yes,"","https://en.wikipedia.org/wiki/List_of_Janya_ragas"
"karnataka-devagandhari","Karnataka Devagandhari","Karnātaka Devagāndhari",22,"Kharaharapriya",4,"Veda (Scriptures)","S G2 M1 P N2 S'","S' N2 D2 P M1 G2 R2 S","Audava-Sampurna",No,"",Yes,"","https://en.wikipedia.org/wiki/List_of_Janya_ragas"
"karnaranjani","Karnaranjani","Karnaranjani",22,"Kharaharapriya",4,"Veda (Scriptures)","S R2 G2 M1 G2 P D2 S'","S' N2 D2 P M1 G2 R2 S","Shadava-Sampurna",No,"",Yes,"","https://en.wikipedia.org/wiki/List_of_Janya_ragas"
"kowmodaki","Kowmodaki","Kowmodaki",22,"Kharaharapriya",4,"Veda (Scriptures)","S R2 G2 M1 P D2 N2 S'","S' D2 P G2 S","Sampurna-Swarantara",No,"",Yes,"","https://en.wikipedia.org/wiki/List_of_Janya_ragas"
"kowshika","Kowshika","Kowshika",22,"Kharaharapriya",4,"Veda (Scriptures)","S G2 M1 D2 N2 S'","S' N2 D2 M1 G2 M1 R2 S","Audava-Shadava",No,"",Yes,"","https://en.wikipedia.org/wiki/List_of_Janya_ragas"
"lalitamanohari","Lalitamanohari","Lalitamanohari",22,"Kharaharapriya",4,"Veda (Scriptures)","S G2 M1 P D2 N2 S'","S' N2 P M1 G2 R2 S","Shadava",No,"",Yes,"","https://en.wikipedia.org/wiki/List_of_Janya_ragas"
"madhavamanohari","Madhavamanohari","Mādhavamanohari",22,"Kharaharapriya",4,"Veda (Scriptures)","S R2 G2 M1 P N2 D2 N2 S'","S' N2 D2 M1 G2 R2 S","Sampurna-Shadava",No,"",Yes,"","https://en.wikipedia.org/wiki/List_of_Janya_ragas"
"malavashree","Malavashree","Mālavashree",22,"Kharaharapriya",4,"Veda (Scriptures)","S G2 M1 P N2 D2 N2 P D2 N2 S'","S' N2 D2 P M1 G2 R2 S","Shadava-Sampurna",No,"",Yes,"","https://en.wikipedia.org/wiki/List_of_Janya_ragas"
"mayapradeeptam","Mayapradeeptam","Māyapradeeptam",22,"Kharaharapriya",4,"Veda (Scriptures)","S M1 G2 M1 P D2 N2 S'","S' D2 P M1 G2 R2 S","Shadava",No,"",Yes,"","https://en.wikipedia.org/wiki/List_of_Janya_ragas"
"madhyamaravali","Madhyamaravali","Madhyamarāvali",22,"Kharaharapriya",4,"Veda (Scriptures)","S R2 G2 P D2 N2 S'","S' N2 D2 P G2 R2 S","Shadava",No,"",Yes,"","https://en.wikipedia.org/wiki/List_of_Janya_ragas"
"madhyamavathi","Madhyamavathi","Madhyamāvathi",22,"Kharaharapriya",4,"Veda (Scriptures)","S R2 M1 P N2 S'","S' N2 P M1 R2 S","Audava",No,"",Yes,"","https://en.wikipedia.org/wiki/Madhyamavathi"
"mahanandhi","Mahanandhi","Mahānandhi",22,"Kharaharapriya",4,"Veda (Scriptures)","S R2 G2 P D2 S'","S' D2 P G2 R2 S","Audava",No,"",Yes,"","https://en.wikipedia.org/wiki/List_of_Janya_ragas"
"mandamari","Mandamari","Mandāmari",22,"Kharaharapriya",4,"Veda (Scriptures)","S R2 M1 P D2 S'","S' N2 S D2 P M1 G2 R2 S","Audava-Sampurna",No,"",Yes,"","https://en.wikipedia.org/wiki/List_of_Janya_ragas"
"mangalavathi","Mangalavathi","Mangalāvathi",22,"Kharaharapriya",4,"Veda (Scriptures)","S R2 M1 P D2 S'","S' D2 P M1 G2 R2 S","Audava-Shadava",No,"",Yes,"","https://en.wikipedia.org/wiki/List_of_Janya_ragas"
"manirangu","Manirangu","Manirangu",22,"Kharaharapriya",4,"Veda (Scriptures)","S R2 M1 P N2 S'","S' N2 P M1 G2 R2 S","Audava-Shadava",No,"",Yes,"","https://en.wikipedia.org/wiki/List_of_Janya_ragas"
"manjari","Manjari","Manjari",22,"Kharaharapriya",4,"Veda (Scriptures)","S G2 R2 G2 M1 P N2 D2 N2 S'","S' N2 D2 P M1 G2 R2 S","Sampurna",No,"",Yes,"","https://en.wikipedia.org/wiki/List_of_Janya_ragas"
"manohari","Manohari","Manohari",22,"Kharaharapriya",4,"Veda (Scriptures)","S G2 R2 G2 M1 P D2 S'","S' D2 P M1 G2 R2 S","Shadava",No,"",Yes,"","https://en.wikipedia.org/wiki/List_of_Janya_ragas"
"manorama","Manorama","Manorama",22,"Kharaharapriya",4,"Veda (Scriptures)","S R2 G2 M1 P D1 P S'","S' N2 D1 P M1 G2 R2 S","Shadava-Sampurna",No,"",Yes,"","https://en.wikipedia.org/wiki/List_of_Janya_ragas"
"maruvadhanyasi","Maruvadhanyasi","Maruvadhanyāsi",22,"Kharaharapriya",4,"Veda (Scriptures)","S G2 M1 P D2 S'","S' N2 D2 P M1 D2 M1 G2 R2 S","Audava-Sampurna",No,"",Yes,"","https://en.wikipedia.org/wiki/List_of_Janya_ragas"
"mishramanolayam-m22","Mishramanolayam","Mishramanolayam",22,"Kharaharapriya",4,"Veda (Scriptures)","S R2 M1 P D1 S'","S' D2 D1 P M1 R2 S","Audava",No,"",Yes,"","https://en.wikipedia.org/wiki/List_of_Janya_ragas"
"mishra-shivaranjani","Mishra shivaranjani","Mishra shivaranjani",22,"Kharaharapriya",4,"Veda (Scriptures)","S R2 G2 P D2 S'","S' D2 P G2 R2 S","Audava",Yes,"R1 G3 M1 M2 D1 N2 N3",Yes,"","https://en.wikipedia.org/wiki/List_of_Janya_ragas"
"malhar-or-miyan-ki-malhar","Malhar or Miyan ki Malhar","Malhar or Miyān ki Malhār",22,"Kharaharapriya",4,"Veda (Scriptures)","S R2 P M1 P N2 D2 N3 S'","S' N2 P M1 P G2 M1 R2 S","Shadava",Yes,"N3",Yes,"Hindustani equivalent","https://en.wikipedia.org/wiki/Malhar"
"mukhari","Mukhari","Mukhāri",22,"Kharaharapriya",4,"Veda (Scriptures)","S R2 M1 P N2 D2 S'","S' N2 D1 P M1 G2 R2 S","Shadava-Sampurna",Yes,"D1",Yes,"","https://en.wikipedia.org/wiki/Mukhari"
"nadachintamani","Nadachintamani","Nādachintāmani",22,"Kharaharapriya",4,"Veda (Scriptures)","S R2 G2 M1 N2 D2 N2 S'","S' N2 D2 P M1 G2 R2 S","Shadava-Sampurna",No,"",Yes,"","https://en.wikipedia.org/wiki/List_of_Janya_ragas"
"nadatarangini","Nadatarangini","Nādatārangini",22,"Kharaharapriya",4,"Veda (Scriptures)","S P M1 R2 G2 S'","S' P N2 D2 P M1 G2 R2 G2 S","Audava-Sampurna",No,"",Yes,"","https://en.wikipedia.org/wiki/List_of_Janya_ragas"
"nadavarangini","Nadavarangini","Nādavarangini",22,"Kharaharapriya",4,"Veda (Scriptures)","S P M1 N2 D2 N2 S'","S' P N2 D2 P M1 G2 R2 G2 S","Audava-Sampurna",No,"",Yes,"","https://en.wikipedia.org/wiki/List_of_Janya_ragas"
"nagari","Nagari","Nāgari",22,"Kharaharapriya",4,"Veda (Scriptures)","S R2 M1 P D2 N2 S'","S' N2 D2 P M1 G2 S","Shadava",No,"",Yes,"","https://en.wikipedia.org/wiki/List_of_Janya_ragas"
"nagavalli","Nagavalli","Nāgavalli",22,"Kharaharapriya",4,"Veda (Scriptures)","S R2 M1 D2 N2 S'","S' N2 D2 M1 R2 S","Audava",No,"",Yes,"","https://en.wikipedia.org/wiki/List_of_Janya_ragas"
"nayaki","Nayaki","Nāyaki",22,"Kharaharapriya",4,"Veda (Scriptures)","S R2 M1 P D2 N2 D2 P S'","S' N2 D2 P M1 R2 G2 R2 S","Shadava-Sampurna",No,"",Yes,"","https://en.wikipedia.org/wiki/List_of_Janya_ragas"
"nigamagamini","Nigamagamini","Nigamagāmini",22,"Kharaharapriya",4,"Veda (Scriptures)","M1 G2 S G2 M1 N2 S'","S' N2 M1 G2 M1 G2 S","Swarantara",No,"",Yes,"","https://en.wikipedia.org/wiki/List_of_Janya_ragas"
"nirmalangi","Nirmalangi","Nirmalāngi",22,"Kharaharapriya",4,"Veda (Scriptures)","S R2 M1 P N2 S'","S' N2 P M1 R2 S","Audava",No,"",Yes,"","https://en.wikipedia.org/wiki/List_of_Janya_ragas"
"omkari","Omkari","Omkāri",22,"Kharaharapriya",4,"Veda (Scriptures)","S R2 G2 M1 P D2 S'","S' D2 P M1 G2 R2 S","Shadava",No,"",Yes,"","https://en.wikipedia.org/wiki/List_of_Janya_ragas"
"panchamam","Panchamam","Panchamam",22,"Kharaharapriya",4,"Veda (Scriptures)","S R2 D2 P N2 S'","S' N2 D2 P M1 G2 R2 S","Audava-Sampurna",No,"",Yes,"","https://en.wikipedia.org/wiki/List_of_Janya_ragas"
"phalamanjari","Phalamanjari","Phalamanjari",22,"Kharaharapriya",4,"Veda (Scriptures)","S G2 M1 D2 S'","S' N2 D2 P M1 G2 M1 R2 S","Swarantara-Sampurna",No,"",Yes,"","https://en.wikipedia.org/wiki/List_of_Janya_ragas"
"phalaranjani","Phalaranjani","Phalaranjani",22,"Kharaharapriya",4,"Veda (Scriptures)","S G2 M1 P M1 D2 S'","S' N2 D2 P M1 G2 M1 R2 S","Audava-Sampurna",No,"",Yes,"","https://en.wikipedia.org/wiki/List_of_Janya_ragas"
"pilu-peelu-","Pilu (peelu)","Pilu (peelu)",22,"Kharaharapriya",4,"Veda (Scriptures)","N3 S G3 M1 P N3 S'","S' N2 D2 P D1 P M1 G2 R2 S N3 S","Audava-Sampurna",Yes,"G3 D1 N3",Yes,"Hindustani equivalent","https://en.wikipedia.org/wiki/Pilu_(raga)"
"poornakalanidhi","Poornakalanidhi","Poornakalānidhi",22,"Kharaharapriya",4,"Veda (Scriptures)","S G2 M1 P D2 N2 S'","S' D2 P M1 G2 R2 S","Shadava",No,"",Yes,"","https://en.wikipedia.org/wiki/List_of_Janya_ragas"
"pushpalathika","Pushpalathika","Pushpalathika",22,"Kharaharapriya",4,"Veda (Scriptures)","S R2 G2 M1 P N2 S'","S' N2 P M1 G2 R2 S","Shadava",No,"",Yes,"","https://en.wikipedia.org/wiki/List_of_Janya_ragas"
"ratipatipriya","Ratipatipriya","Ratipatipriya",22,"Kharaharapriya",4,"Veda (Scriptures)","S R2 G2 P N2 S'","S' N2 P G2 R2 S","Audava",No,"",Yes,"","https://en.wikipedia.org/wiki/List_of_Janya_ragas"
"reethigowla","Reethigowla","Reethigowla",22,"Kharaharapriya",4,"Veda (Scriptures)","S G2 R2 G2 M1 N2 D2 M1 N2 N2 S'","S' N2 D2 M1 G2 M1 P M1 G2 R2 S","Shadava-Sampurna",No,"",Yes,"","https://en.wikipedia.org/wiki/Reethigowla"
"rudrapriya","Rudrapriya","Rudrapriyā",22,"Kharaharapriya",4,"Veda (Scriptures)","S R2 G2 M1 P D2 N2 S'","S' N2 P M1 G2 R2 S","Sampurna-Shadava",No,"",Yes,"","https://en.wikipedia.org/wiki/List_of_Janya_ragas"
"sahana","Sahana","Sahāna",22,"Kharaharapriya",4,"Veda (Scriptures)","S R2 G2 M1 P M1 D2 N2 S'","S' N2 D2 P M1 G2 G2 R2 G2 R2 S","Sampurna",Yes,"G3",Yes,"Original","https://en.wikipedia.org/wiki/Sahana_(raga)"
"salagabhairavi","Salagabhairavi","Sālagabhairavi",22,"Kharaharapriya",4,"Veda (Scriptures)","S R2 M1 P D2 S'","S' N2 D2 P M1 G2 R2 S","Audava-Sampurna",No,"",Yes,"","https://en.wikipedia.org/wiki/Salaga_Bhairavi"
"sarang","Sarang","Sārang",22,"Kharaharapriya",4,"Veda (Scriptures)","S R2 M1 P N2 S'","S' N2 P M1 R2 S","Audava",No,"",Yes,"Hindustani equivalent","https://en.wikipedia.org/wiki/List_of_Janya_ragas"
"saindhavi","Saindhavi","Saindhavi",22,"Kharaharapriya",4,"Veda (Scriptures)","N2 D2 N2 S R2 G2 M1 P D2 N2","D2 P M1 G2 R2 S N2 D2 N2 S","Sampurna",No,"",Yes,"","https://en.wikipedia.org/wiki/List_of_Janya_ragas"
"sangrama","Sangrama","Sangrama",22,"Kharaharapriya",4,"Veda (Scriptures)","S R2 M1 D2 N2 P S'","S' N2 D2 G2 R2 S","Shadava-Audava",No,"",Yes,"","https://en.wikipedia.org/wiki/List_of_Janya_ragas"
"sankrandanapriya","Sankrandanapriya","Sankrāndanapriyā",22,"Kharaharapriya",4,"Veda (Scriptures)","S R2 G2 P D2 S'","S' D2 P G2 R2 S","Audava",No,"",Yes,"","https://en.wikipedia.org/wiki/List_of_Janya_ragas"
"sarvachoodamani","Sarvachoodamani","Sarvachoodāmani",22,"Kharaharapriya",4,"Veda (Scriptures)","S R2 M1 G2 M1 P D2 N2 S'","S' N2 P D2 N2 D2 P M1 G2 R2 G2 R2 S","Sampurna",No,"",Yes,"","https://en.wikipedia.org/wiki/List_of_Janya_ragas"
"shivapriya","Shivapriya","Shivapriyā",22,"Kharaharapriya",4,"Veda (Scriptures)","S R2 G2 P D2 S'","S' D2 P G2 R2 S","Audava",No,"",Yes,"","https://en.wikipedia.org/wiki/List_of_Janya_ragas"
"shivaranjani","Shivaranjani","Shivaranjani",22,"Kharaharapriya",4,"Veda (Scriptures)","S R2 G2 P D2 S'","S' D2 P G2 R2 S","Audava",No,"",Yes,"","https://en.wikipedia.org/wiki/Shivaranjani"
"shree-manohari","Shree Manohari","Shree Manohari",22,"Kharaharapriya",4,"Veda (Scriptures)","S G2 R2 G2 M1 P D2 S'","S' D2 P M1 G2 R2 S","Shadava",No,"",Yes,"","https://en.wikipedia.org/wiki/List_of_Janya_ragas"
"shree-manoranjani","Shree Manoranjani","Shree Manoranjani",22,"Kharaharapriya",4,"Veda (Scriptures)","S G2 M1 D2 N2 S'","S' N2 D2 M1 G2 R2 S","Audava-Shadava",No,"",Yes,"","https://en.wikipedia.org/wiki/List_of_Janya_ragas"
"shreeranjani","Shreeranjani","Shreeranjani",22,"Kharaharapriya",4,"Veda (Scriptures)","S R2 G2 M1 D2 N2 S'","S' N2 D2 M1 G2 R2 S","Shadava",No,"",Yes,"","https://en.wikipedia.org/wiki/Shreeranjani"
"siddhasena","Siddhasena","Siddhasena",22,"Kharaharapriya",4,"Veda (Scriptures)","S G2 R2 G2 M1 P D2 S'","S' N2 D2 M1 P M1 R2 G2 R2 S","Shadava-Sampurna",No,"",Yes,"","https://en.wikipedia.org/wiki/List_of_Janya_ragas"
"suddha-bangala","Suddha Bangala","Suddha Bangāla",22,"Kharaharapriya",4,"Veda (Scriptures)","S R2 M1 P D2 S'","S' D2 P M1 R2 G2 R2 S","Audava-Shadava",No,"",Yes,"","https://en.wikipedia.org/wiki/List_of_Janya_ragas"
"suddha-bhairavi","Suddha Bhairavi","Suddha Bhairavi",22,"Kharaharapriya",4,"Veda (Scriptures)","S G2 M1 P N2 D2 S'","S' N2 D2 M1 G2 R2 S","Shadava",No,"",Yes,"","https://en.wikipedia.org/wiki/List_of_Janya_ragas"
"suddha-dhanyasi","Suddha Dhanyasi","Suddha Dhanyāsi",22,"Kharaharapriya",4,"Veda (Scriptures)","S G2 M1 P N2 S'","S' N2 P M1 G2 S","Audava",No,"",Yes,"","https://en.wikipedia.org/wiki/Shuddha_Dhanyasi"
"suddha-hindolam","Suddha Hindolam","Suddha Hindolam",22,"Kharaharapriya",4,"Veda (Scriptures)","S G2 M1 D2 N2 S'","S' N2 D2 M1 G2 S","Audava",No,"",Yes,"Varamu","https://en.wikipedia.org/wiki/List_of_Janya_ragas"
"suddha-manohari","Suddha Manohari","Suddha Manohari",22,"Kharaharapriya",4,"Veda (Scriptures)","S R2 G2 M1 P D2 S'","S' N2 P M1 R2 G2 S","Shadava",No,"",Yes,"","https://en.wikipedia.org/wiki/List_of_Janya_ragas"
"suddha-velavali","Suddha Velavali","Suddha Velāvali",22,"Kharaharapriya",4,"Veda (Scriptures)","S R2 M1 P N2 S'","S' N2 D2 N2 P M1 G2 R2 S","Audava-Sampurna",No,"",Yes,"","https://en.wikipedia.org/wiki/List_of_Janya_ragas"
"sugunabhooshani","Sugunabhooshani","Sugunabhooshani",22,"Kharaharapriya",4,"Veda (Scriptures)","S G2 M1 P M1 D2 N2 S'","S' N2 D2 P M1 D2 M1 R2 S","Shadava",No,"",Yes,"","https://en.wikipedia.org/wiki/List_of_Janya_ragas"
"swarabhooshani","Swarabhooshani","Swarabhooshani",22,"Kharaharapriya",4,"Veda (Scriptures)","S G2 M1 P D2 N2 S'","S' N2 D2 P M1 R2 S","Shadava",No,"",Yes,"","https://en.wikipedia.org/wiki/List_of_Janya_ragas"
"swarakalanidhi","Swarakalanidhi","Swarakalānidhi",22,"Kharaharapriya",4,"Veda (Scriptures)","S M1 G2 M1 P D2 N2 S'","S' N2 D2 N2 P M1 G2 R2 S","Shadava-Sampurna",No,"",Yes,"","https://en.wikipedia.org/wiki/List_of_Janya_ragas"
"swararanjani","Swararanjani","Swararanjani",22,"Kharaharapriya",4,"Veda (Scriptures)","S R2 G2 M1 D2 N2 S'","S' N2 P M1 G2 M1 R2 S","Shadava",No,"",Yes,"","https://en.wikipedia.org/wiki/List_of_Janya_ragas"
"tavamukhari","Tavamukhari","Tavamukhāri",22,"Kharaharapriya",4,"Veda (Scriptures)","S R2 G2 P D2 S'","S' N2 D2 P M1 G2 R2 S","Audava-Sampurna",No,"",Yes,"","https://en.wikipedia.org/wiki/List_of_Janya_ragas"
"vajrakanti","Vajrakanti","Vajrakānti",22,"Kharaharapriya",4,"Veda (Scriptures)","S G2 M1 P N2 S'","S' N2 D1 P M1 G2 R2 S","Audava-Sampurna",No,"",Yes,"","https://en.wikipedia.org/wiki/List_of_Janya_ragas"
"gowrivelavali","Gowrivelavali","Gowrivelāvali",23,"Gourimanohari",4,"Veda (Scriptures)","S R2 G2 S R2 M1 P D2 S S R2 G1 G2 S R2 M1 M1 P D2 D2 S'","S' N3 D2 P M1 G2 R2 S S N3 D2 P M1 G1 G2 R2 S","Shadava-Sampurna",No,"",Yes,"","https://en.wikipedia.org/wiki/List_of_Janya_ragas"
"gowrishankar","Gowrishankar","Gowrishankar",23,"Gourimanohari",4,"Veda (Scriptures)","S R2 G2 M1 P N3 S'","S' N3 D2 P M1 G2 R2 S","Shadava-Sampurna",No,"",Yes,"","https://en.wikipedia.org/wiki/List_of_Janya_ragas"
"hamsadeepika","Hamsadeepika","Hamsadeepika",23,"Gourimanohari",4,"Veda (Scriptures)","S R2 G2 M1 D2 S'","S' N3 D2 P M1 G2 R2 S","Audava-Sampurna",No,"",Yes,"","https://en.wikipedia.org/wiki/List_of_Janya_ragas"
"hrudkamali","Hrudkamali","Hrudkamali",23,"Gourimanohari",4,"Veda (Scriptures)","S R2 M1 D2 N3 S'","S' N3 D2 M1 R2 S","Audava",No,"",Yes,"","https://en.wikipedia.org/wiki/List_of_Janya_ragas"
"lavanthika","Lavanthika","Lavanthika",23,"Gourimanohari",4,"Veda (Scriptures)","S R2 M1 P N3 S'","S' N3 P M1 R2 S","Audava",No,"",Yes,"","https://en.wikipedia.org/wiki/List_of_Janya_ragas"
"sundaramanohari","Sundaramanohari","Sundaramanohari",23,"Gourimanohari",4,"Veda (Scriptures)","S R2 M1 P N3 S'","S' N3 D2 P M1 G2 R2 S","Audava-Sampurna",No,"",Yes,"","https://en.wikipedia.org/wiki/List_of_Janya_ragas"
"patdip","Patdip","Patdīp",23,"Gourimanohari",4,"Veda (Scriptures)","N3 S G2 M1 P N3 S'","S' N3 D2 P M1 P G2 M1 G2 R2 S","Audava-Sampurna",No,"",Yes,"Hindustani equivalent","https://en.wikipedia.org/wiki/Patdeep"
"thyagaraja-mangalam","Thyagaraja Mangalam","Thyagaraja Mangalam",23,"Gourimanohari",4,"Veda (Scriptures)","S G2 M1 P N3 S'","S' N3 D2 P M1 G2 R2 S","Audava-Sampurna",No,"",Yes,"","https://en.wikipedia.org/wiki/Thyagaraja_Mangalam"
"vasantashree","Vasantashree","Vasantashree",23,"Gourimanohari",4,"Veda (Scriptures)","S R2 G2 M1 D2 N3 S'","S' N3 D2 M1 G2 R2 S","Shadava",No,"",Yes,"Amba Manohari","https://en.wikipedia.org/wiki/List_of_Janya_ragas"
"velavali","Velavali","Velāvali",23,"Gourimanohari",4,"Veda (Scriptures)","S G2 M1 D2 N3 S S R2 M1 P D2 S S R2 G2 M1 P D2 S S G2 R2 M1 P D2 S S R2 G2 S R2 M1 P D2 S S R2 M1 P D2 N3 S","S N3 D2 P M1 G2 R2 S S N3 D2 P M1 G2 R2 S S N3 D2 P M1 G2 S S N3 D2 P M1 G2 R2 S S N3 D2 P M1 G2 R2 S S N3 D2 P M1 G2 R2 S","Sampurna",No,"",Yes,"","https://en.wikipedia.org/wiki/List_of_Janya_ragas"
"veeravasantham","Veeravasantham","Veeravasantham",24,"Varunapriya",4,"Veda (Scriptures)","S R2 G2 M1 P S'","S' N3 D3 P M1 G2 R2 S","Audava-Sampurna",No,"",Yes,"","https://en.wikipedia.org/wiki/List_of_Janya_ragas"
"sharavathi","Sharavathi","Sharāvathi",25,"Mararanjani",5,"Bana (Arrows)","S R2 G3 M1 P D1 N1 D1 S'","S' N1 D1 P M1 G3 R2 S","Sampurna",No,"",Yes,"","https://en.wikipedia.org/wiki/List_of_Janya_ragas"
"devasalaga","Devasalaga","Devasalaga",25,"Mararanjani",5,"Bana (Arrows)","S G3 P D1 N1 S'","S' N1 D1 P M1 G3 R2 S","Audava-Sampurna",No,"",Yes,"","https://en.wikipedia.org/wiki/List_of_Janya_ragas"
"kesari","Kesari","Kesari",25,"Mararanjani",5,"Bana (Arrows)","S R2 G3 M1 P M1 D1 P D1 S'","S' D1 N1 D1 P M1 G2 R2 S","Shadava-Sampurna",No,"",Yes,"","https://en.wikipedia.org/wiki/List_of_Janya_ragas"
"gayakamandini","Gayakamandini","Gayakamandini",25,"Mararanjani",5,"Bana (Arrows)","S R2 G3 M1 P D1 S","S D1 P M1 G3 R2 S","Shadava",No,"",Yes,"","https://en.wikipedia.org/wiki/List_of_Janya_ragas"
"rajathilaka","Rajathilaka","Rājathilaka",25,"Mararanjani",5,"Bana (Arrows)","S R2 G3 M1 P S'","S' P M1 G3 R2 S","Audava",No,"",Yes,"","https://en.wikipedia.org/wiki/List_of_Janya_ragas"
"tarangini","Tarangini","Tarangini",26,"Charukesi",5,"Bana (Arrows)","S R2 G3 P D1 N2 D1 S S R2 G3 P D1 N2 D1 P D1 S","S D1 P M1 G3 R2 S S D1 P G3 R2 S G3 M1 R2 G3 S","Shadava",No,"",Yes,"","https://en.wikipedia.org/wiki/List_of_Janya_ragas"
"chirswaroopi","Chirswaroopi","Chirswaroopi",26,"Charukesi",5,"Bana (Arrows)","S R2 G3 M1 P D1 N2 S'","S' N2 D1 P M1 G3 R2 S","Sampurna",No,"",Yes,"","https://en.wikipedia.org/wiki/List_of_Janya_ragas"
"maravi","Maravi","Māravi",26,"Charukesi",5,"Bana (Arrows)","S G3 M1 P N2 S'","S' N2 D1 P M1 G3 R2 S","Audava-Sampurna",No,"",Yes,"","https://en.wikipedia.org/wiki/List_of_Janya_ragas"
"poorvadhanyasi","Poorvadhanyasi","Poorvadhanyāsi",26,"Charukesi",5,"Bana (Arrows)","S M1 G3 M1 N2 S'","S' N2 D1 P M1 G3 R2 S","Swarantara-Sampurna",No,"",Yes,"","https://en.wikipedia.org/wiki/List_of_Janya_ragas"
"shiva-manohari","Shiva Manohari","Shiva Manohari",26,"Charukesi",5,"Bana (Arrows)","S M1 G3 M1 P D1 N2 S'","S' N2 D1 P M1 G3 R2 S","Shadava-Sampurna",No,"",Yes,"","https://en.wikipedia.org/wiki/List_of_Janya_ragas"
"shukrajyothi","Shukrajyothi","Shukrajyothi",26,"Charukesi",5,"Bana (Arrows)","S R2 G3 M1 P D1 N2 S'","S' N2 P D1 M1 G3 R2 S","Sampurna",No,"",Yes,"","https://en.wikipedia.org/wiki/List_of_Janya_ragas"
"ushabharanam","Ushabharanam","Ushābharanam",26,"Charukesi",5,"Bana (Arrows)","S G3 M1 D1 P M1 D1 N2 S'","S' N2 D1 P M1 G3 R2 G3 M1 R2 S","Shadava-Sampurna",No,"",Yes,"","https://en.wikipedia.org/wiki/List_of_Janya_ragas"
"sowrasena","Sowrasena","Sowrasenā",27,"Sarasangi",5,"Bana (Arrows)","S R2 M1 P D1 S'","S' N3 D1 P M1 G3 R2 S","Audava-Sampurna",No,"",Yes,"","https://en.wikipedia.org/wiki/List_of_Janya_ragas"
"haripriya","Haripriya","Haripriya",27,"Sarasangi",5,"Bana (Arrows)","S R1 G3 M1 P S'","S' N3 D1 P M1 G3 S","Audava-Shadava",No,"",Yes,"","https://en.wikipedia.org/wiki/List_of_Janya_ragas"
"srirangapriya","Srirangapriya","Srirangapriya",27,"Sarasangi",5,"Bana (Arrows)","S R2 G3 M1 P D1 S'","S' D1 P M1 G3 R2 S","Shadava",No,"",Yes,"","https://en.wikipedia.org/wiki/List_of_Janya_ragas"
"kamala-manohari","Kamala Manohari","Kamalā Manohari",27,"Sarasangi",5,"Bana (Arrows)","S G3 M1 P N3 S'","S' N3 D1 P M1 G3 S","Audava-Shadava",No,"",Yes,"","https://en.wikipedia.org/wiki/List_of_Janya_ragas"
"madhulika","Madhulika","Madhulika",27,"Sarasangi",5,"Bana (Arrows)","S R2 G3 M1 N3 S'","S' N3 M1 G3 R2 S","Audava",No,"",Yes,"","https://en.wikipedia.org/wiki/List_of_Janya_ragas"
"nalinakanthi","Nalinakanthi","Nalinakānthi",27,"Sarasangi",5,"Bana (Arrows)","S G3 R2 M1 P N3 S'","S' N3 P M1 G3 R2 S","Shadava",No,"",Yes,"","https://en.wikipedia.org/wiki/List_of_Janya_ragas"
"neelamani","Neelamani","Neelamani",27,"Sarasangi",5,"Bana (Arrows)","S R2 M1 P D1 N3 S'","S' N3 D1 P M1 R2 S","Shadava",No,"",Yes,"","https://en.wikipedia.org/wiki/List_of_Janya_ragas"
"salavi","Salavi","Salavi",27,"Sarasangi",5,"Bana (Arrows)","S G3 R2 G3 M1 P D1 N3 D1 S'","S' N3 D1 P M1 G3 R2 S","Sampurna",No,"",Yes,"","https://en.wikipedia.org/wiki/List_of_Janya_ragas"
"sarasanana","Sarasanana","Sarasānana",27,"Sarasangi",5,"Bana (Arrows)","S R2 G3 M1 D1 N3 S'","S' N3 D1 M1 G3 R2 S","Shadava",No,"",Yes,"","https://en.wikipedia.org/wiki/List_of_Janya_ragas"
"saraseeruha","Saraseeruha","Saraseeruha",27,"Sarasangi",5,"Bana (Arrows)","S R2 G3 M1 D1 N1 D1 S'","S' N1 D1 M1 G3 R2","Shadava",No,"",Yes,"","https://en.wikipedia.org/wiki/List_of_Janya_ragas"
"simhavahini","Simhavahini","Simhavāhini",27,"Sarasangi",5,"Bana (Arrows)","S G2 M1 P D1 N3 S'","S' N3 D1 P M1 G3 R2 S","Shadava-Sampurna",No,"",Yes,"","https://en.wikipedia.org/wiki/List_of_Janya_ragas"
"surasena","Surasena","Surasena",27,"Sarasangi",5,"Bana (Arrows)","S R2 M1 P D1 S'","S' N3 D1 P M1 G3 S R2 S","Audava-Sampurna",No,"",Yes,"","https://en.wikipedia.org/wiki/List_of_Janya_ragas"
"sutradhari-m27","Sutradhari","Sutradhāri",27,"Sarasangi",5,"Bana (Arrows)","(Also 20) S R2 M1 P D1 S'","S' D1 P M1 R2 S","Audava",No,"",Yes,"","https://en.wikipedia.org/wiki/List_of_Janya_ragas"
"vasanthi","Vasanthi","Vasanthi",27,"Sarasangi",5,"Bana (Arrows)","S R2 G3 P D1 S'","S' D1 P G3 R2 S","Audava",No,"",Yes,"","https://en.wikipedia.org/wiki/List_of_Janya_ragas"
"harikedaragowla","Harikedaragowla","Harikedāragowla",28,"Harikambhoji",5,"Bana (Arrows)","S R2 G3 M1 P D2 N2 S'","S' N2 D2 P M1 G3 R2 S","Sampurna",No,"",Yes,"","https://en.wikipedia.org/wiki/List_of_Janya_ragas"
"ambhojini","Ambhojini","Ambhojini",28,"Harikambhoji",5,"Bana (Arrows)","S R2 G3 M1 D2 S'","S' D2 M1 G3 R2 S","Audava",No,"",Yes,"","https://en.wikipedia.org/wiki/List_of_Janya_ragas"
"andhali","Andhali","Andhali",28,"Harikambhoji",5,"Bana (Arrows)","S R2 M1 P N2 S'","S' N2 P M1 R2 G3 M1 R2 S","Audava-Shadava",No,"",Yes,"","https://en.wikipedia.org/wiki/List_of_Janya_ragas"
"aparoopam","Aparoopam","Aparoopam",28,"Harikambhoji",5,"Bana (Arrows)","S R2 G3 M1 P N2 D2 N2 S'","S' D2 M1 G3 R2 G3 S","Sampurna-Audava",No,"",Yes,"","https://en.wikipedia.org/wiki/List_of_Janya_ragas"
"balahamsa","Balahamsa","Bālahamsa",28,"Harikambhoji",5,"Bana (Arrows)","S R2 M1 P D2 S'","S' N2 D2 P M1 R2 M1 G3 S","Audava-Sampurna",No,"",Yes,"","https://en.wikipedia.org/wiki/List_of_Janya_ragas"
"bahudari","Bahudari","Bahudāri",28,"Harikambhoji",5,"Bana (Arrows)","S G3 M1 P D2 N2 S'","S' N2 P M1 G3 S","Shadava-Audava",No,"",Yes,"","https://en.wikipedia.org/wiki/Bahudari"
"chayalagakhamas","Chayalagakhamas","Chāyalagakhamās",28,"Harikambhoji",5,"Bana (Arrows)","S M1 G3 M1 P D2 N2 S'","S' N2 D2 P M1 G3 R2 S","Shadava-Sampurna",No,"",Yes,"","https://en.wikipedia.org/wiki/List_of_Janya_ragas"
"chayatarangini","Chayatarangini","Chāyatārangini",28,"Harikambhoji",5,"Bana (Arrows)","S R2 M1 G3 M1 P N2 S'","S' N2 D2 P M1 G3 R2 S","Shadava-Sampurna",No,"",Yes,"","https://en.wikipedia.org/wiki/List_of_Janya_ragas"
"chandrahasitham","Chandrahasitham","Chandrahasitham",28,"Harikambhoji",5,"Bana (Arrows)","S R2 G3 M1 D2 N2 S'","S' N2 D2 M1 G3 R2 S","Shadava",No,"",Yes,"","https://en.wikipedia.org/wiki/List_of_Janya_ragas"
"dasharatipriya","Dasharatipriya","Dasharatipriya",28,"Harikambhoji",5,"Bana (Arrows)","S M1 G3 M1 P D2 N2 D2 S'","S' N2 D2 P M1 G3 M1 R2 S","Shadava-Sampurna",No,"",Yes,"","https://en.wikipedia.org/wiki/List_of_Janya_ragas"
"dayaranjani","Dayaranjani","Dayaranjani",28,"Harikambhoji",5,"Bana (Arrows)","S R2 M1 P D2 S'","S' N2 D2 M1 G3 S","Audava",No,"",Yes,"","https://en.wikipedia.org/wiki/List_of_Janya_ragas"
"desh","Desh","Desh",28,"Harikambhoji",5,"Bana (Arrows)","S R2 M1 P N3 S'","S' N2 D2 P M1 G3 R2 S","Audava-Sampurna",Yes,"N3",Yes,"Hindustani equivalent","https://en.wikipedia.org/wiki/Desh_(raga)"
"deshakshi","Deshakshi","Deshākshi",28,"Harikambhoji",5,"Bana (Arrows)","S R2 G3 P D2 S'","S' N2 D2 P M1 G3 R2 S","Audava-Sampurna",No,"",Yes,"","https://en.wikipedia.org/wiki/List_of_Janya_ragas"
"deshkar","Deshkar","Deshkār",28,"Harikambhoji",5,"Bana (Arrows)","S R2 G3 P D2 S'","S' D2 P G3 R2 S","Audava",No,"",Yes,"Hindustani equivalent","https://en.wikipedia.org/wiki/List_of_Janya_ragas"
"dwaithachintamani","Dwaithachintamani","Dwaithachintāmani",28,"Harikambhoji",5,"Bana (Arrows)","S G3 M1 D2 N2 S S G3 M1 D2 N2 S","S N2 D2 M1 P G3 R2 S S N2 D2 M1 G3 R2 S","Audava-Sampurna",No,"",Yes,"","https://en.wikipedia.org/wiki/List_of_Janya_ragas"
"dwijavanthi-jujavanthi","Dwijavanthi /Jujavanthi","Dwijāvanthi /Jujāvanthi",28,"Harikambhoji",5,"Bana (Arrows)","S R2 M1 G3 M1 P D2 S'","S' N2 D2 P M1 G3 M1 R2 G2 R2 S N2 D2 N2 S","Shadava-Sampurna",Yes,"G2 N3",Yes,"","https://en.wikipedia.org/wiki/Jaijaivanti"
"eeshamanohari","Eeshamanohari","Eeshamanohari",28,"Harikambhoji",5,"Bana (Arrows)","S R2 G3 M1 P D2 N2 S'","S' N2 D2 P M1 R2 M1 G3 R2 S","Sampurna",No,"",Yes,"","https://en.wikipedia.org/wiki/List_of_Janya_ragas"
"eeshaivaridhi","Eeshaivaridhi","Eeshaivaridhi",28,"Harikambhoji",5,"Bana (Arrows)","S R2 M1 D2 N2 S'","S' N2 P M1 R2 S","Audava",No,"",Yes,"","https://en.wikipedia.org/wiki/List_of_Janya_ragas"
"gandharalola","Gandharalola","Gāndhāralola",28,"Harikambhoji",5,"Bana (Arrows)","S R2 M1 P D2 S'","S' N2 D2 P M1 G3 M1 G3 R2 S","Audava-Sampurna",No,"",Yes,"","https://en.wikipedia.org/wiki/List_of_Janya_ragas"
"gara-m28","Gara","Gāra",28,"Harikambhoji",5,"Bana (Arrows)","S G3 M1 P D2 N3 S'","S' N2 D2 P M1 G3 R2 G2 R2 S N3 S N2 D2 S","Shadava-Sampurna",Yes,"G2 D1 N3",Yes,"Hindustani equivalent","https://en.wikipedia.org/wiki/Gara_(raga)"
"gavati","Gavati","Gavati",28,"Harikambhoji",5,"Bana (Arrows)","S M1 P N2 S'","S' D2 M1 P G3 M1 R2 N2 S","Swarantara-Sampurna",No,"",Yes,"Hindustani equivalent","https://en.wikipedia.org/wiki/List_of_Janya_ragas"
"guhamanohari","Guhamanohari","Guhamanohari",28,"Harikambhoji",5,"Bana (Arrows)","S R2 M1 D2 N2 S'","S' N2 D2 M1 R2 S","Audava",No,"",Yes,"","https://en.wikipedia.org/wiki/List_of_Janya_ragas"
"guharanjani","Guharanjani","Guharanjani",28,"Harikambhoji",5,"Bana (Arrows)","S R2 S M1 P D2 N2 S'","S' N2 D2 N2 P M1 G3 S","Shadava",No,"",Yes,"","https://en.wikipedia.org/wiki/List_of_Janya_ragas"
"hamsaroopini","Hamsaroopini","Hamsaroopini",28,"Harikambhoji",5,"Bana (Arrows)","S R2 G3 P D2 S'","S' N2 P M1 R2 S","Audava",No,"",Yes,"","https://en.wikipedia.org/wiki/List_of_Janya_ragas"
"haridasapriya-m28","Haridasapriya","Haridasapriya",28,"Harikambhoji",5,"Bana (Arrows)","S P M1 G3 M1 P N2 S'","S' N2 D2 N2 P M1 G2 R2 S","Audava-Sampurna",No,"",Yes,"","https://en.wikipedia.org/wiki/List_of_Janya_ragas"
"harikedaram","Harikedaram","Harikedāram",28,"Harikambhoji",5,"Bana (Arrows)","S R2 G3 M1 P D2 N2 S N2 S'","S' N2 S D2 N2 D2 P M1 G3 R2 S","Sampurna",No,"",Yes,"","https://en.wikipedia.org/wiki/List_of_Janya_ragas"
"harini","Harini","Harini",28,"Harikambhoji",5,"Bana (Arrows)","S G3 M1 P D2 N2 D2 S'","S' N2 S N2 D2 P M1 G3 M1 G2 R2 S","Shadava-Sampurna",No,"",Yes,"","https://en.wikipedia.org/wiki/List_of_Janya_ragas"
"harithapriya","Harithapriya","Harithapriya",28,"Harikambhoji",5,"Bana (Arrows)","S R2 M1 P D2 S'","S' N2 D2 P M1 G3 R2 G3 R2 S","Audava-Sampurna",No,"",Yes,"","https://en.wikipedia.org/wiki/List_of_Janya_ragas"
"hemasaranga","Hemasaranga","Hemasāranga",28,"Harikambhoji",5,"Bana (Arrows)","S R2 G3 M1 P D2 N2 D2 S'","S' P M1 G3 R2 S","Sampurna-Audava",No,"",Yes,"","https://en.wikipedia.org/wiki/List_of_Janya_ragas"
"jaijaiwanti","Jaijaiwanti","Jaijaiwanti",28,"Harikambhoji",5,"Bana (Arrows)","S D2 N2 R2 S R2 G3 M1 P M1 G3 M1 G3 R2 M1 P N3 S'","S' N2 D2 P D2 M1 G3 M1 R2 G2 R2 S N3 S","Sampurna",Yes,"G2 N3",Yes,"Hindustani equivalent","https://en.wikipedia.org/wiki/Jaijaiwanti"
"jaithshree","Jaithshree","Jaithshree",28,"Harikambhoji",5,"Bana (Arrows)","S R2 G3 P D2 S'","S' D2 P G3 R2 S","Audava",No,"",Yes,"","https://en.wikipedia.org/wiki/List_of_Janya_ragas"
"jana-sammodhini","Jana Sammodhini","Jana Sammodhini",28,"Harikambhoji",5,"Bana (Arrows)","S R2 G3 P D2 N2 S'","S' N2 D2 P G3 R2 S","Shadava",No,"",Yes,"","https://en.wikipedia.org/wiki/List_of_Janya_ragas"
"jayarama","Jayarama","Jayarāma",28,"Harikambhoji",5,"Bana (Arrows)","S R2 G3 M1 P D2 N2 S'","S' N2 D2 P M1 G3 S","Sampurna-Shadava",No,"",Yes,"","https://en.wikipedia.org/wiki/List_of_Janya_ragas"
"jhinjoti","Jhinjoti","Jhinjoti",28,"Harikambhoji",5,"Bana (Arrows)","D2 S R2 G3 M1 P D2 N2","D2 P M1 G3 R2 S N2 D2 P D2 S","Sampurna",No,"",Yes,"Hindustani equivalent","https://en.wikipedia.org/wiki/Jhinjhoti"
"jujahuli","Jujahuli","Jujahuli",28,"Harikambhoji",5,"Bana (Arrows)","S M1 G3 M1 P D2 N2 S'","S' N2 D2 P M1 G3 S","Shadava",No,"",Yes,"","https://en.wikipedia.org/wiki/List_of_Janya_ragas"
"kambhoji","Kambhoji","Kāmbhoji",28,"Harikambhoji",5,"Bana (Arrows)","S R2 G3 M1 P D2 S'","S N2 D2 P M1 G3 R2 S N3 P D2 S'","Shadava-Sampurna",Yes,"N3",Yes,"","https://en.wikipedia.org/wiki/Kambhoji"
"kapi-narayani","Kapi Narayani","Kāpi Nārāyani",28,"Harikambhoji",5,"Bana (Arrows)","S R2 M1 P D2 N2 S'","S' N2 D2 P M1 G3 R2 S","Shadava-Sampurna",No,"",Yes,"","https://en.wikipedia.org/wiki/List_of_Janya_ragas"
"khamaj","Khamaj","Khamāj",28,"Harikambhoji",5,"Bana (Arrows)","S G3 M1 P D2 N3 S'","S' N2 D2 P M1 G3 R2 S","Shadava-Sampurna",Yes,"N3",Yes,"Hindustani equivalent","https://en.wikipedia.org/wiki/Khamaj"
"kamas","Kamas","Kamās",28,"Harikambhoji",5,"Bana (Arrows)","S M1 G3 M1 P D2 N2 S'","S' N2 D2 P M1 G3 R2 S","Shadava-Sampurna",Yes,"N3",Yes,"","https://en.wikipedia.org/wiki/Khamas_(raga)"
"karnataka-behag","Karnataka Behag","Karnātaka Behāg",28,"Harikambhoji",5,"Bana (Arrows)","S R2 G3 M1 P D2 N2 S'","S' N2 D2 N2 P D2 M1 G3 R2 S","Sampurna",No,"",Yes,"","https://en.wikipedia.org/wiki/List_of_Janya_ragas"
"karnataka-devagandhari-m28","Karnataka Devagandhari","Karnātaka Devagāndhāri",28,"Harikambhoji",5,"Bana (Arrows)","S G3 M1 P N2 S'","S' N2 D2 P M1 G3 R2 S","Audava-Sampurna",No,"",Yes,"","https://en.wikipedia.org/wiki/List_of_Janya_ragas"
"karnataka-khamas","Karnataka Khamas","Karnātaka Khamās",28,"Harikambhoji",5,"Bana (Arrows)","S G3 M1 P D2 N2 S'","S' N2 D2 P M1 G3 S","Shadava",No,"",Yes,"","https://en.wikipedia.org/wiki/List_of_Janya_ragas"
"kedaragowla","Kedaragowla","Kedāragowla",28,"Harikambhoji",5,"Bana (Arrows)","S R2 M1 P N2 S'","S' N2 D2 P M1 G3 R2 S","Audava-Sampurna",No,"",Yes,"","https://en.wikipedia.org/wiki/Kedaragaula"
"keshavapriya","Keshavapriya","Keshavapriyā",28,"Harikambhoji",5,"Bana (Arrows)","S R2 S M1 P D2 N2 S'","S' N2 S P M1 G3 R2 S","Shadava",No,"",Yes,"","https://en.wikipedia.org/wiki/List_of_Janya_ragas"
"kokiladhwani","Kokiladhwani","Kokiladhwani",28,"Harikambhoji",5,"Bana (Arrows)","S R2 G3 M1 D2 N2 D2 S'","S' N2 D2 N2 P M1 G3 R2 S","Shadava-Sampurna",No,"",Yes,"","https://en.wikipedia.org/wiki/List_of_Janya_ragas"
"kokilavarali","Kokilavarali","Kokilavarāli",28,"Harikambhoji",5,"Bana (Arrows)","S R2 M1 P D2 S'","S' N2 D2 M1 P M1 G3 R2 G3 S","Audava-Sampurna",No,"",Yes,"","https://en.wikipedia.org/wiki/List_of_Janya_ragas"
"kunthalavarali","Kunthalavarali","Kunthalavarāli",28,"Harikambhoji",5,"Bana (Arrows)","S M1 P D2 N2 D2 S'","S' N2 D2 P M1 S","Audava",No,"",Yes,"","https://en.wikipedia.org/wiki/List_of_Janya_ragas"
"malavi","Malavi","Mālavi",28,"Harikambhoji",5,"Bana (Arrows)","S R2 G3 M1 P N2 M1 D2 N2 S'","S' N2 D2 N2 P M1 G3 M1 R2 S","Sampurna",No,"",Yes,"","https://en.wikipedia.org/wiki/List_of_Janya_ragas"
"madhurakokila","Madhurakokila","Madhurakokila",28,"Harikambhoji",5,"Bana (Arrows)","S R2 G3 D2 N2 S'","S' N2 D2 G3 R2 S","Audava",No,"",Yes,"","https://en.wikipedia.org/wiki/List_of_Janya_ragas"
"mahathi","Mahathi","Mahathi",28,"Harikambhoji",5,"Bana (Arrows)","S G3 P N2 S'","S' N2 P G3 S","Swarantara",No,"",Yes,"","https://en.wikipedia.org/wiki/Mahati"
"mahuri","Mahuri","Mahuri",28,"Harikambhoji",5,"Bana (Arrows)","S R2 M1 G3 R2 G3 P D2 S'","S' N2 D2 P M1 G3 R2 S R2 G3 R2 S","Shadava-Sampurna",No,"",Yes,"","https://en.wikipedia.org/wiki/List_of_Janya_ragas"
"manjupriya","Manjupriya","Manjupriya",28,"Harikambhoji",5,"Bana (Arrows)","S G3 M1 P N2 S'","S' N2 D2 P G3 R2 S","Audava-Shadava",No,"",Yes,"","https://en.wikipedia.org/wiki/List_of_Janya_ragas"
"manoharam","Manoharam","Manoharam",28,"Harikambhoji",5,"Bana (Arrows)","S R2 G3 M1 D2 N2 S'","S' N2 P M1 R2 S","Shadava-Audava",No,"",Yes,"","https://en.wikipedia.org/wiki/List_of_Janya_ragas"
"mattakokila","Mattakokila","Mattakokila",28,"Harikambhoji",5,"Bana (Arrows)","S R2 P D2 N2 D2 S'","S' D2 N2 D2 P R2 S","Audava",No,"",Yes,"","https://en.wikipedia.org/wiki/List_of_Janya_ragas"
"meghana","Meghana","Meghana",28,"Harikambhoji",5,"Bana (Arrows)","S M1 G3 M1 P D2 S'","S' N2 D2 M1 G3 S","Audava",No,"",Yes,"","https://en.wikipedia.org/wiki/List_of_Janya_ragas"
"mohanam","Mohanam","Mohanam",28,"Harikambhoji",5,"Bana (Arrows)","S R2 G3 P D2 S'","S' D2 P G3 R2 S","Audava",No,"",Yes,"","https://en.wikipedia.org/wiki/Mohanam"
"nadavalli","Nadavalli","Nādavalli",28,"Harikambhoji",5,"Bana (Arrows)","S R2 M1 D2 N2 S'","S' N2 D2 M1 R2 S","Audava",No,"",Yes,"","https://en.wikipedia.org/wiki/List_of_Janya_ragas"
"nagaswaravali","Nagaswaravali","Nāgaswarāvali",28,"Harikambhoji",5,"Bana (Arrows)","S G3 M1 P D2 S'","S' D2 P M1 G3 S","Audava",No,"",Yes,"","https://en.wikipedia.org/wiki/Nagasvaravali"
"narayanagowla","Narayanagowla","Nārāyanagowla",28,"Harikambhoji",5,"Bana (Arrows)","S R2 M1 P N2 D2 N2 S'","S' N2 D2 P M1 G3 R2 G3 S","Shadava-Sampurna",No,"",Yes,"","https://en.wikipedia.org/wiki/List_of_Janya_ragas"
"narayani","Narayani","Nārāyani",28,"Harikambhoji",5,"Bana (Arrows)","S R2 M1 P D2 S'","S' N2 D2 P M1 R2 S","Audava-Shadava",No,"",Yes,"","https://en.wikipedia.org/wiki/List_of_Janya_ragas"
"nattai-kurinji","Nattai Kurinji","Nāttai Kurinji",28,"Harikambhoji",5,"Bana (Arrows)","S R2 G3 M1 N2 D2 N2 P D2 N2 S S R2 G3 M1 D2 N2 S S R2 G3 M1 N2 D2 N2 P D2 N2 S'","S' N2 D2 M1 G3 M1 P G3 R2 S S N2 D2 M1 G3 S S N2 D2 M1 G3 M1 P M1 G3 R2 S","Sampurna",No,"",Yes,"","https://en.wikipedia.org/wiki/Nattakurinji"
"nattai-narayani","Nattai Narayani","Nāttai Nārāyani",28,"Harikambhoji",5,"Bana (Arrows)","S R2 G3 M1 D2 N2 D2 S'","S' N2 D2 P M1 G3 M1 R2 S","Shadava-Sampurna",No,"",Yes,"","https://en.wikipedia.org/wiki/List_of_Janya_ragas"
"nandhkowns","Nandhkowns","Nandhkowns",28,"Harikambhoji",5,"Bana (Arrows)","S G3 M1 P M1 D2 N2 S'","S' N2 D2 P M1 G3 S G3 S","Shadava",No,"",Yes,"Hindustani equivalent","https://en.wikipedia.org/wiki/List_of_Janya_ragas"
"narani","Narani","Narani",28,"Harikambhoji",5,"Bana (Arrows)","S R2 M1 P D2 S'","S' N2 D2 P M1 R2 S","Audava-Shadava",No,"",Yes,"","https://en.wikipedia.org/wiki/List_of_Janya_ragas"
"navarasa-kalanidhi","Navarasa Kalanidhi","Navarasa Kalānidhi",28,"Harikambhoji",5,"Bana (Arrows)","S R2 M1 P S N2 S'","S' N2 D2 P M1 G3 R2 S","Audava-Sampurna",No,"",Yes,"","https://en.wikipedia.org/wiki/List_of_Janya_ragas"
"navarasa-kannada","Navarasa kannada","Navarasa kannada",28,"Harikambhoji",5,"Bana (Arrows)","S G3 M1 P S'","S' N2 D2 M1 G3 R2 S","Swarantara-Shadava",No,"",Yes,"","https://en.wikipedia.org/wiki/Navarasa_kannada"
"neela","Neela","Neela",28,"Harikambhoji",5,"Bana (Arrows)","S G3 M1 D2 N2 S'","S' N2 D2 M1 G3 S","Audava",No,"",Yes,"","https://en.wikipedia.org/wiki/List_of_Janya_ragas"
"parsi","Parsi","Pārsi",28,"Harikambhoji",5,"Bana (Arrows)","S R2 G3 M1 D2 N2 S'","S' N2 D2 P M1 G3 R2 S","Shadava-Sampurna",No,"",Yes,"","https://en.wikipedia.org/wiki/List_of_Janya_ragas"
"parameshwarapriya","Parameshwarapriya","Parameshwarapriyā",28,"Harikambhoji",5,"Bana (Arrows)","S R2 G3 M1 P N2 S'","S' N2 P M1 R2 S","Shadava-Audava",No,"",Yes,"","https://en.wikipedia.org/wiki/List_of_Janya_ragas"
"pashupathipriya","Pashupathipriya","Pashupathipriyā",28,"Harikambhoji",5,"Bana (Arrows)","S R2 M1 P M1 D2 S'","S' D2 M1 P R2 M1 S","Audava",No,"",Yes,"","https://en.wikipedia.org/wiki/List_of_Janya_ragas"
"poornakambhoji","Poornakambhoji","Poornakāmbhoji",28,"Harikambhoji",5,"Bana (Arrows)","S R2 G3 M1 P N2 S'","S' D2 P M1 G3 R2 S","Shadava",No,"",Yes,"","https://en.wikipedia.org/wiki/List_of_Janya_ragas"
"pratapa-nattai","Pratapa Nattai","Pratāpa Nāttai",28,"Harikambhoji",5,"Bana (Arrows)","S R2 G3 M1 D2 P D2 N3 S'","S' N3 D2 P M1 G3 S","Sampurna-Shadava",No,"",Yes,"","https://en.wikipedia.org/wiki/List_of_Janya_ragas"
"pratapavarali","Pratapavarali","Pratāpavarāli",28,"Harikambhoji",5,"Bana (Arrows)","S R2 M1 P D2 P S'","S' D2 P M1 G3 R2 S","Audava-Shadava",No,"",Yes,"","https://en.wikipedia.org/wiki/List_of_Janya_ragas"
"pravalajyoti","Pravalajyoti","Pravalajyoti",28,"Harikambhoji",5,"Bana (Arrows)","S R2 M1 P D2 N2 S'","S' N2 D2 P M1 G3 S","Shadava",No,"",Yes,"","https://en.wikipedia.org/wiki/List_of_Janya_ragas"
"ragapanjaramu","Ragapanjaramu","Rāgapanjaramu",28,"Harikambhoji",5,"Bana (Arrows)","S R2 M1 P D2 N2 D2 S'","S' N2 D2 M1 R2 S","Shadava-Audava",No,"",Yes,"","https://en.wikipedia.org/wiki/List_of_Janya_ragas"
"ragavinodini","Ragavinodini","Rāgavinodini",28,"Harikambhoji",5,"Bana (Arrows)","S R2 G3 M1 D2 S'","S' D2 M1 G3 R2 S","Audava",No,"",Yes,"","https://en.wikipedia.org/wiki/List_of_Janya_ragas"
"rageshree","Rageshree","Rāgeshree",28,"Harikambhoji",5,"Bana (Arrows)","S G3 M1 D2 N2 S S G3 M1 D2 N2 S S G3 M1 D2 N2 S'","S' N2 D2 M1 G3 R2 S S N2 D2 M1 G3 R2 S S N2 D2 N3 D2 M1 G3 R2 S","Audava-Shadava",No,"",Yes,"","https://en.wikipedia.org/wiki/Rageshree"
"ravi-chandrika","Ravi Chandrika","Ravi Chandrikā",28,"Harikambhoji",5,"Bana (Arrows)","S R2 G3 M1 D2 S'","S' N2 D2 M1 G3 R2 S","Audava-Shadava",No,"",Yes,"","https://en.wikipedia.org/wiki/List_of_Janya_ragas"
"savithri","Savithri","Sāvithri",28,"Harikambhoji",5,"Bana (Arrows)","S G3 M1 P N2 S'","S' N2 P M1 G3 S","Audava",No,"",Yes,"","https://en.wikipedia.org/wiki/List_of_Janya_ragas"
"sahana-m28","Sahana","Sahāna",28,"Harikambhoji",5,"Bana (Arrows)","S R2 G3 M1 P M1 D2 N2 S'","S' N2 S D2 N2 D2 P M1 G3 M1 R2 G3 R2 S","Sampurna",No,"",Yes,"","https://en.wikipedia.org/wiki/Sahana_(raga)"
"saraswathi-manohari","Saraswathi Manohari","Saraswathi Manohari",28,"Harikambhoji",5,"Bana (Arrows)","S R2 G3 M1 D2 S'","S' D2 N2 P M1 G3 R2 S","Audava-Sampurna",No,"",Yes,"","https://en.wikipedia.org/wiki/List_of_Janya_ragas"
"sathvamanjari","Sathvamanjari","Sathvamanjari",28,"Harikambhoji",5,"Bana (Arrows)","S R2 M1 P D2 S'","S' N2 D2 P M1 N2 D2 M1 R2 S","Audava-Shadava",No,"",Yes,"","https://en.wikipedia.org/wiki/List_of_Janya_ragas"
"shakunthala","Shakunthala","Shakunthala",28,"Harikambhoji",5,"Bana (Arrows)","S R2 G3 M1 D2 N2 S'","S' N2 D2 M1 G3 S","Shadava-Audava",No,"",Yes,"","https://en.wikipedia.org/wiki/List_of_Janya_ragas"
"shankaraharigowla","Shankaraharigowla","Shankaraharigowla",28,"Harikambhoji",5,"Bana (Arrows)","S R2 G3 M1 P D2 N3 S'","S' N2 D2 P M1 G3 R2 S","Sampurna",No,"",Yes,"","https://en.wikipedia.org/wiki/List_of_Janya_ragas"
"shenchukambhoji","Shenchukambhoji","Shenchukāmbhoji",28,"Harikambhoji",5,"Bana (Arrows)","S P M1 D2 N2 S'","S' N2 D2 P M1 G3 R2 S","Audava-Sampurna",No,"",Yes,"","https://en.wikipedia.org/wiki/List_of_Janya_ragas"
"chenjurutti","Chenjurutti","Chenjurutti",28,"Harikambhoji",5,"Bana (Arrows)","D2 S R2 G3 M1 P D2 N2","N2 D2 P M1 G3 R2 S N2 D2 P D2 S","Sampurna",Yes,"G2",Yes,"","https://en.wikipedia.org/wiki/List_of_Janya_ragas"
"shiva-kambhoji","Shiva Kambhoji","Shiva Kāmbhoji",28,"Harikambhoji",5,"Bana (Arrows)","S R2 G3 M1 N2 S'","S' N2 P M1 G3 R2 S","Audava-Shadava",No,"",Yes,"","https://en.wikipedia.org/wiki/List_of_Janya_ragas"
"surutti","Surutti","Surutti",28,"Harikambhoji",5,"Bana (Arrows)","S R2 M1 P N2 D2 N2 S'","S' N2 D2 P M1 G3 P M1 R2 S","Shadava-Sampurna",No,"",Yes,"","https://en.wikipedia.org/wiki/Surutti"
"shyama","Shyama","Shyāmā",28,"Harikambhoji",5,"Bana (Arrows)","S R2 M1 P D2 S S R2 G3 S R2 P M1 D2 D2 S","S D2 P M1 G3 R2 S S D2 P M1 G3 R2 S","Shadava",No,"",Yes,"","https://en.wikipedia.org/wiki/List_of_Janya_ragas"
"simhavikrama","Simhavikrama","Simhavikrama",28,"Harikambhoji",5,"Bana (Arrows)","S R2 G3 R2 M1 P D2 P N2 S'","S' N2 D2 P M1 G3 R2 S","Sampurna",No,"",Yes,"","https://en.wikipedia.org/wiki/List_of_Janya_ragas"
"sindhu-kannada","Sindhu Kannada","Sindhu Kannada",28,"Harikambhoji",5,"Bana (Arrows)","S M1 G3 M1 R2 G3 M1 P D2 P S'","S' N2 D2 P M1 G3 R2 S","Shadava-Sampurna",No,"",Yes,"","https://en.wikipedia.org/wiki/List_of_Janya_ragas"
"sindhu-surutti","Sindhu Surutti","Sindhu Surutti",28,"Harikambhoji",5,"Bana (Arrows)","S R2 M1 P N2 S S N2 S'","S' N2 D2 P M1 R2 M1 G3 R2 S","Audava-Sampurna",No,"",Yes,"","https://en.wikipedia.org/wiki/List_of_Janya_ragas"
"suddha-khamas","Suddha Khamas","Suddha Khamās",28,"Harikambhoji",5,"Bana (Arrows)","S M1 G3 M1 P D2 N2 S'","S' N2 D2 P M1 G3 R2 S","Shadava-Sampurna",No,"",Yes,"","https://en.wikipedia.org/wiki/List_of_Janya_ragas"
"suddha-varali","Suddha Varali","Suddha Varāli",28,"Harikambhoji",5,"Bana (Arrows)","S R2 G3 M1 D2 N2 S'","S' N2 D2 N2 P M1 G3 S","Shadava",No,"",Yes,"","https://en.wikipedia.org/wiki/List_of_Janya_ragas"
"suddha","Suddha","Suddha",28,"Harikambhoji",5,"Bana (Arrows)","S R2 M1 P D2 S'","S' N2 D2 P M1 R2 S","Audava-Shadava",No,"",Yes,"","https://en.wikipedia.org/wiki/List_of_Janya_ragas"
"suddhatarangini","Suddhatarangini","Suddhatarangini",28,"Harikambhoji",5,"Bana (Arrows)","S R2 M1 P D2 S'","S' N2 D2 P M1 G3 R2 S","Audava-Sampurna",No,"",Yes,"","https://en.wikipedia.org/wiki/List_of_Janya_ragas"
"sumanapriya","Sumanapriya","Sumanapriyā",28,"Harikambhoji",5,"Bana (Arrows)","S R2 G3 M1 P D2 P S'","S' D2 S P M1 G3 R2 S","Shadava",No,"",Yes,"","https://en.wikipedia.org/wiki/List_of_Janya_ragas"
"suposhini","Suposhini","Suposhini",28,"Harikambhoji",5,"Bana (Arrows)","S R2 S M1 P N2 D2 S'","S' D2 P M1 R2 M1 S","Shadava-Audava",No,"",Yes,"","https://en.wikipedia.org/wiki/List_of_Janya_ragas"
"suvarnakriya","Suvarnakriya","Suvarnakriyā",28,"Harikambhoji",5,"Bana (Arrows)","S R2 G3 P N2 D2 S'","S' N2 P G3 R2 S","Shadava-Audava",No,"",Yes,"","https://en.wikipedia.org/wiki/List_of_Janya_ragas"
"swaravali","Swaravali","Swarāvali",28,"Harikambhoji",5,"Bana (Arrows)","S M1 G3 M1 P N2 D2 N2 S'","S' N2 D2 P M1 G3 R2 S","Shadava-Sampurna",No,"",Yes,"","https://en.wikipedia.org/wiki/List_of_Janya_ragas"
"swaravedi","Swaravedi","Swaravedi",28,"Harikambhoji",5,"Bana (Arrows)","S M1 G3 M1 P N2 D2 N2 S'","S' N2 D2 P M1 G3 S","Shadava",No,"",Yes,"","https://en.wikipedia.org/wiki/List_of_Janya_ragas"
"tilakavathi","Tilakavathi","Tilakavathi",28,"Harikambhoji",5,"Bana (Arrows)","S R2 G3 M1 P D2 P S'","S' D2 P M1 R2 S","Shadava-Audava",No,"",Yes,"","https://en.wikipedia.org/wiki/List_of_Janya_ragas"
"tilang","Tilang","Tilang",28,"Harikambhoji",5,"Bana (Arrows)","S G3 M1 P N3 S'","S' N2 P M1 G3 S","Audava",Yes,"N3",Yes,"Hindustani equivalent","https://en.wikipedia.org/wiki/Tilang"
"umabharanam","Umabharanam","Umābharanam",28,"Harikambhoji",5,"Bana (Arrows)","S R2 G3 M1 P D2 N2 S'","S' N2 P M1 R2 G3 M1 R2 S","Sampurna-Shadava",No,"",Yes,"","https://en.wikipedia.org/wiki/List_of_Janya_ragas"
"vaishnavi","Vaishnavi","Vaishnavi",28,"Harikambhoji",5,"Bana (Arrows)","S R2 G3 M1 P D2 S'","S' D2 P M1 G3 R2 S","Shadava",No,"",Yes,"","https://en.wikipedia.org/wiki/List_of_Janya_ragas"
"veenavadini","Veenavadini","Veenavadini",28,"Harikambhoji",5,"Bana (Arrows)","S R2 G3 P N2 S'","S' N2 P G3 R2 S","Audava",No,"",Yes,"","https://en.wikipedia.org/wiki/List_of_Janya_ragas"
"vivardhani","Vivardhani","Vivardhani",28,"Harikambhoji",5,"Bana (Arrows)","S R2 M1 P S'","S' N2 D2 P M1 G3 R2 S","Swarantara-Sampurna",No,"",Yes,"","https://en.wikipedia.org/wiki/List_of_Janya_ragas"
"yadukula-kambhoji","Yadukula Kambhoji","Yadukula Kāmbhoji",28,"Harikambhoji",5,"Bana (Arrows)","S R2 M1 P D2 S'","S' N2 D2 P M1 G3 R2 S","Audava-Sampurna",No,"",Yes,"","https://en.wikipedia.org/wiki/Yadukulakamboji"
"anandharoopa","Anandharoopa","Ānandharoopa",29,"Dheerasankarabharanam",5,"Bana (Arrows)","S R2 G3 P D2 N3 S'","S' N3 D2 P G3 R2 S","Shadava",No,"",Yes,"","https://en.wikipedia.org/wiki/List_of_Janya_ragas"
"arabhi","Arabhi","Ārabhi",29,"Dheerasankarabharanam",5,"Bana (Arrows)","S R2 M1 P D2 S S R2 M1 P D2 S'","S' N3 D2 P M1 G3 R2 S S D2 P M1 G3 R2 S","Audava-Sampurna",No,"",Yes,"","https://en.wikipedia.org/wiki/Arabhi"
"atana","Atana","Atāna",29,"Dheerasankarabharanam",5,"Bana (Arrows)","S R2 M1 P N2 S'","S' N2 D2 P M1 G2 M1 R2 S","Audava-Sampurna",Yes,"G2 N2",Yes,"","https://en.wikipedia.org/wiki/Atana"
"bangala","Bangala","Bangāla",29,"Dheerasankarabharanam",5,"Bana (Arrows)","S R2 G3 M1 P M1 R2 P S'","S' N3 P M1 R2 G3 M1 R2 S","Audava-Shadava",No,"",Yes,"","https://en.wikipedia.org/wiki/List_of_Janya_ragas"
"begada","Begada","Begada",29,"Dheerasankarabharanam",5,"Bana (Arrows)","S G3 R2 G3 M1 P D2 P S'","S' N3 D2 P M1 G3 R2 S","Shadava-Sampurna",No,"",Yes,"","https://en.wikipedia.org/wiki/List_of_Janya_ragas"
"behag","Behag","Behāg",29,"Dheerasankarabharanam",5,"Bana (Arrows)","S G3 M1 P N3 D2 N3 S'","S' N3 D2 P M1 G3 R2 S","Shadava-Sampurna",Yes,"M2 N2",Yes,"Carnatic adaptation","https://en.wikipedia.org/wiki/List_of_Janya_ragas"
"behag-deshikam","Behag Deshikam","Behāg Deshikam",29,"Dheerasankarabharanam",5,"Bana (Arrows)","S R2 G3 M1 M2 P D2 N3 S'","S' N3 D2 P M2 M1 G3 R2 S","Sampurna",No,"",Yes,"","https://en.wikipedia.org/wiki/List_of_Janya_ragas"
"bihag-original-hindustani-","Bihag {Original/Hindustani}","Bihag {Original/Hindustani}",29,"Dheerasankarabharanam",5,"Bana (Arrows)","N3 S G3 M1 P N3 S'","S' N3 D2 P M2 P G3 M1 G3 R2 S","Audava-Sampurna",Yes,"M2",Yes,"","https://en.wikipedia.org/wiki/Bihag"
"bilahari","Bilahari","Bilahari",29,"Dheerasankarabharanam",5,"Bana (Arrows)","S R2 G3 P D2 S'","S' N3 D2 P M1 G3 R2 S","Audava-Sampurna",Yes,"N2",Yes,"","https://en.wikipedia.org/wiki/Bilahari"
"buddhamanohari","Buddhamanohari","Buddhamanohari",29,"Dheerasankarabharanam",5,"Bana (Arrows)","S R2 G3 M1 S P S'","S' P M1 G3 R2 S","Audava",No,"",Yes,"","https://en.wikipedia.org/wiki/List_of_Janya_ragas"
"buddharanjani","Buddharanjani","Buddharanjani",29,"Dheerasankarabharanam",5,"Bana (Arrows)","S R2 G3 M1 P S'","S' N3 P M1 G3 M1 R2 S","Audava-Shadava",No,"",Yes,"","https://en.wikipedia.org/wiki/List_of_Janya_ragas"
"chaya","Chaya","Chāyā",29,"Dheerasankarabharanam",5,"Bana (Arrows)","S P M1 P D2 P N3 R2 S'","S' D2 P M1 P D2 P G3 M1 R2 S","Shadava",No,"",Yes,"","https://en.wikipedia.org/wiki/List_of_Janya_ragas"
"chayashankarabharanam","Chayashankarabharanam","Chāyashankarābharanam",29,"Dheerasankarabharanam",5,"Bana (Arrows)","S R1 M1 P D2 N3 S'","S' N3 D2 P M1 G3 R1 S","Shadava-Sampurna",No,"",Yes,"","https://en.wikipedia.org/wiki/List_of_Janya_ragas"
"devagandhari","Devagandhari","Devagāndhāri",29,"Dheerasankarabharanam",5,"Bana (Arrows)","S R2 M1 P D2 S'","S' N3 D2 P M1 G3 R2 S","Audava-Sampurna",Yes,"N2",Yes,"","https://en.wikipedia.org/wiki/Devagandhari#In_Carnatic_music"
"dharmalakhi","Dharmalakhi","Dharmalakhi",29,"Dheerasankarabharanam",5,"Bana (Arrows)","S M1 P D2 N3 S'","S' N3 D2 P M1 S","Audava",No,"",Yes,"","https://en.wikipedia.org/wiki/List_of_Janya_ragas"
"dhurvanki","Dhurvanki","Dhurvanki",29,"Dheerasankarabharanam",5,"Bana (Arrows)","S R2 M1 P D2 S'","S' N3 D2 P M1 G3 R2 S","Audava-Sampurna",No,"",Yes,"","https://en.wikipedia.org/wiki/List_of_Janya_ragas"
"durga","Durga","Durga",29,"Dheerasankarabharanam",5,"Bana (Arrows)","S R2 M1 D2 P D2 S'","S' D2 P M1 R2 S","Audava",No,"",Yes,"Hindustani equivalent","https://en.wikipedia.org/wiki/Durga_(raga)"
"gajagowri","Gajagowri","Gajagowri",29,"Dheerasankarabharanam",5,"Bana (Arrows)","S R2 M1 G3 M1 N3 P D2 S'","S' N3 D2 P M1 P M1 G3 R2 S","Sampurna",No,"",Yes,"","https://en.wikipedia.org/wiki/List_of_Janya_ragas"
"garudadhvani","Garudadhvani","Garudadhvani",29,"Dheerasankarabharanam",5,"Bana (Arrows)","S R2 G3 M1 P D2 N3 S'","S' D2 P G3 R2 S","Sampurna-Audava",No,"",Yes,"","https://en.wikipedia.org/wiki/Garudadhvani"
"gowdamalhar","Gowdamalhar","Gowdamalhār",29,"Dheerasankarabharanam",5,"Bana (Arrows)","S R2 M1 P D2 S'","S' N3 M1 G3 R2 S","Audava",No,"",Yes,"","https://en.wikipedia.org/wiki/List_of_Janya_ragas"
"hamsadhwani","Hamsadhwani","Hamsadhwani",29,"Dheerasankarabharanam",5,"Bana (Arrows)","S R2 G3 P N3 S'","S' N3 P G3 R2 S","Audava",No,"",Yes,"","https://en.wikipedia.org/wiki/Hamsadhwani"
"hamsavinodhini","Hamsavinodhini","Hamsavinodhini",29,"Dheerasankarabharanam",5,"Bana (Arrows)","S R2 G3 M1 D2 N3 S'","S' N3 D2 M1 G3 R2 S","Shadava",No,"",Yes,"","https://en.wikipedia.org/wiki/List_of_Janya_ragas"
"hemant","Hemant","Hemant",29,"Dheerasankarabharanam",5,"Bana (Arrows)","N3 S D2 N3 S G3 G3 M1 D2 N3 S'","S' N3 D2 P M1 G3 R2 S","Audava-Sampurna",No,"",Yes,"Hindustani equivalent","https://en.wikipedia.org/wiki/List_of_Janya_ragas"
"jana-ranjani","Jana Ranjani","Jana Ranjani",29,"Dheerasankarabharanam",5,"Bana (Arrows)","S R2 G3 M1 P D2 P N3 S'","S' D2 P M1 R2 S","Sampurna-Audava",No,"",Yes,"","https://en.wikipedia.org/wiki/Jana_Ranjani"
"julavu","Julavu","Julavu",29,"Dheerasankarabharanam",5,"Bana (Arrows)","P D2 N3 S R2 G3 M1 P","M1 G3 R2 S N3 D2 P M1","Sampurna",No,"",Yes,"","https://en.wikipedia.org/wiki/List_of_Janya_ragas"
"kamaripriya","Kamaripriya","Kamaripriyā",29,"Dheerasankarabharanam",5,"Bana (Arrows)","S G3 M1 D2 N3 S'","S' N3 D2 M1 M1 G3 M1 R2 S","Audava-Shadava",No,"",Yes,"","https://en.wikipedia.org/wiki/List_of_Janya_ragas"
"kannada","Kannada","Kannada",29,"Dheerasankarabharanam",5,"Bana (Arrows)","S R2 G3 M1 P M1 D2 N3 S'","S' N3 S D2 P M1 G3 M1 G3 M1 R2 S","Sampurna",No,"",Yes,"","https://en.wikipedia.org/wiki/List_of_Janya_ragas"
"kathanakuthuhalam","Kathanakuthuhalam","Kathanakuthuhalam",29,"Dheerasankarabharanam",5,"Bana (Arrows)","S R2 M1 D2 N3 G3 P S'","S' N3 D2 P M1 G3 R2 S","Sampurna",No,"",Yes,"","https://en.wikipedia.org/wiki/Kathanakuthuhalam"
"kaushikadhwani-bhinna-shadaj","Kaushikadhwani / Bhinna shadaj","Kaushikadhwani / Bhinna shadaj",29,"Dheerasankarabharanam",5,"Bana (Arrows)","S G3 M1 D2 N3 S'","S' N3 D2 M1 G3 S","Audava",No,"",Yes,"Hindustani equivalent","https://en.wikipedia.org/wiki/List_of_Janya_ragas"
"kedaram","Kedaram","Kedaram",29,"Dheerasankarabharanam",5,"Bana (Arrows)","S M1 G3 M1 P N3 S'","S' N3 P M1 G3 R2 S","Audava-Shadava",No,"",Yes,"","https://en.wikipedia.org/wiki/Kedaram"
"kokilabhashani","Kokilabhashani","Kokilabhāshani",29,"Dheerasankarabharanam",5,"Bana (Arrows)","S R2 G3 M1 P D2 N3 S'","S' N3 P M1 G3 M1 R2 S","Sampurna-Shadava",No,"",Yes,"","https://en.wikipedia.org/wiki/List_of_Janya_ragas"
"kolahalam","Kolahalam","Kolahalam",29,"Dheerasankarabharanam",5,"Bana (Arrows)","S P M1 G3 M1 P D2 N3 S'","S' N3 D2 P M1 G3 R2 S","Shadava-Sampurna",No,"",Yes,"","https://en.wikipedia.org/wiki/List_of_Janya_ragas"
"kurinji","Kurinji","Kurinji",29,"Dheerasankarabharanam",5,"Bana (Arrows)","S N3 S R2 G3 M1 P D2","D2 P M1 G3 R2 S N3 S","Sampurna",No,"",Yes,"","https://en.wikipedia.org/wiki/List_of_Janya_ragas"
"kusumavichithra","Kusumavichithra","Kusumavichithra",29,"Dheerasankarabharanam",5,"Bana (Arrows)","S G3 R2 G3 M1 P N3 P D2 N3 S'","S' D2 N3 D2 M1 G3 P M1 G3 R2 S","Sampurna",No,"",Yes,"","https://en.wikipedia.org/wiki/List_of_Janya_ragas"
"kutuhala","Kutuhala","Kutuhala",29,"Dheerasankarabharanam",5,"Bana (Arrows)","S R2 M1 N3 D2 P N3 S'","S' N3 D2 P M1 G3 R2 S","Shadava-Sampurna",No,"",Yes,"","https://en.wikipedia.org/wiki/List_of_Janya_ragas"
"lahari","Lahari","Lahari",29,"Dheerasankarabharanam",5,"Bana (Arrows)","S R2 G3 P D2 S'","S' D2 P M1 G3 R2 S","Audava-Shadava",No,"",Yes,"","https://en.wikipedia.org/wiki/List_of_Janya_ragas"
"mand","Mand","Mānd",29,"Dheerasankarabharanam",5,"Bana (Arrows)","S G3 M1 D2 N3 S'","S' N3 D2 P M1 G3 R2 S","Audava-Sampurna",Yes,"R1 G2 M2 D1 N2",Yes,"Hindustani equivalent","https://en.wikipedia.org/wiki/List_of_Janya_ragas"
"mayadravila","Mayadravila","Māyadravila",29,"Dheerasankarabharanam",5,"Bana (Arrows)","S R2 G3 M1 P D2 N3 S'","S' N2 P M1 P G3 M1 R2 S","Sampurna-Shadava",No,"",Yes,"","https://en.wikipedia.org/wiki/List_of_Janya_ragas"
"mohanadhwani","Mohanadhwani","Mohanadhwani",29,"Dheerasankarabharanam",5,"Bana (Arrows)","S R2 G3 P D2 S'","S' N3 P D2 P G3 R2 S","Audava-Shadava",No,"",Yes,"","https://en.wikipedia.org/wiki/List_of_Janya_ragas"
"nagabhooshani","Nagabhooshani","Nāgabhooshani",29,"Dheerasankarabharanam",5,"Bana (Arrows)","S R2 M1 P D2 N3 S'","S' D2 P M1 R2 S","Shadava-Audava",No,"",Yes,"","https://en.wikipedia.org/wiki/List_of_Janya_ragas"
"nagadhwani","Nagadhwani","Nāgadhwani",29,"Dheerasankarabharanam",5,"Bana (Arrows)","S R2 S M1 G3 M1 P N3 D2 N3 S'","S' N3 D2 N3 P M1 G3 S","Sampurna-Shadava",No,"",Yes,"","https://en.wikipedia.org/wiki/List_of_Janya_ragas"
"narayanadeshakshi","Narayanadeshakshi","Nārāyanadeshākshi",29,"Dheerasankarabharanam",5,"Bana (Arrows)","S R2 M1 G3 R2 G3 M1 P D2 N3 S'","S' N3 D2 P M1 G3 R2 S","Sampurna",No,"",Yes,"","https://en.wikipedia.org/wiki/List_of_Janya_ragas"
"navaroj","Navaroj","Navaroj",29,"Dheerasankarabharanam",5,"Bana (Arrows)","P D2 N3 S R2 G3 M1 P","M1 G1 R3 S N2 D2 P","Sampurna",Yes,"N2",Yes,"","https://en.wikipedia.org/wiki/List_of_Janya_ragas"
"neelambari","Neelambari","Neelāmbari",29,"Dheerasankarabharanam",5,"Bana (Arrows)","S R2 G3 M1 P D2 P N3 S'","S' N3 P M1 G3 R2 G3 S","Sampurna-Shadava",Yes,"N2",Yes,"","https://en.wikipedia.org/wiki/List_of_Janya_ragas"
"niroshta","Niroshta","Niroshta",29,"Dheerasankarabharanam",5,"Bana (Arrows)","S R2 G3 D2 N3 S'","S' N3 D2 G3 R2 S","Audava",No,"",Yes,"","https://en.wikipedia.org/wiki/Niroshta"
"pahadi","Pahadi","Pahādi",29,"Dheerasankarabharanam",5,"Bana (Arrows)","S R2 G3 P D2 P D2 S","N3 D2 P G3 M1 G3 R2 S N3 D2 P D2 S","Audava-Sampurna",Yes,"R1 G2 M2 D1 N2",Yes,"Hindustani equivalent","https://en.wikipedia.org/wiki/List_of_Janya_ragas"
"poornachandrika","Poornachandrika","Poornachandrika",29,"Dheerasankarabharanam",5,"Bana (Arrows)","S R2 G3 M1 P D2 P S'","S' N3 P M1 R2 G3 M1 R2 S","Shadava",No,"",Yes,"","https://en.wikipedia.org/wiki/Poornachandrika"
"poornagowla","Poornagowla","Poornagowla",29,"Dheerasankarabharanam",5,"Bana (Arrows)","S R2 G3 M1 P N3 D2 N3 P D2 N3 S'","S' N3 D2 N3 P M1 G3 R2 S","Sampurna",No,"",Yes,"","https://en.wikipedia.org/wiki/List_of_Janya_ragas"
"poorvagowla","Poorvagowla","Poorvagowla",29,"Dheerasankarabharanam",5,"Bana (Arrows)","S G3 R2 G3 S R2 M1 P D2 N3 S'","S' N3 D2 P M1 G3 R2 S","Sampurna",No,"",Yes,"","https://en.wikipedia.org/wiki/List_of_Janya_ragas"
"rathnabhooshani","Rathnabhooshani","Rathnabhooshani",29,"Dheerasankarabharanam",5,"Bana (Arrows)","S R2 G3 M1 P S'","S' P M1 G3 R2 S","Audava",No,"",Yes,"","https://en.wikipedia.org/wiki/List_of_Janya_ragas"
"reetuvilasa","Reetuvilasa","Reetuvilāsa",29,"Dheerasankarabharanam",5,"Bana (Arrows)","S G3 M1 P D2 N3 S'","S' N3 D2 P M1 G3 S","Shadava",No,"",Yes,"","https://en.wikipedia.org/wiki/List_of_Janya_ragas"
"saranga-mallar","Saranga Mallar","Sāranga Mallār",29,"Dheerasankarabharanam",5,"Bana (Arrows)","S R2 M1 P D2 N3 S'","S' N3 D2 P M1 R2 S N3 S","Shadava",No,"",Yes,"","https://en.wikipedia.org/wiki/List_of_Janya_ragas"
"shankara","Shankara","Shankara",29,"Dheerasankarabharanam",5,"Bana (Arrows)","S G3 P S'","S' N3 D2 P G3 P R2 G3 S","Swarantara-Shadava",No,"",Yes,"","https://en.wikipedia.org/wiki/List_of_Janya_ragas"
"shankara-m29","Shankara","Shankara",29,"Dheerasankarabharanam",5,"Bana (Arrows)","S G3 P N3 D2 S' N3 S'","S' N3 D2 P G3 P G3 R2 S","Audava-Shadava",No,"",Yes,"Hindustani equivalent","https://en.wikipedia.org/wiki/Shankara_(raga)"
"shankaraharigowla-m29","Shankaraharigowla","Shankaraharigowla",29,"Dheerasankarabharanam",5,"Bana (Arrows)","S R2 G3 M1 P D2 N3 S'","S' N2 D2 P M1 G3 R2 S","Sampurna",No,"",Yes,"","https://en.wikipedia.org/wiki/List_of_Janya_ragas"
"shankaramohana","Shankaramohana","Shankaramohana",29,"Dheerasankarabharanam",5,"Bana (Arrows)","S R2 G3 P N3 D2 S N3","S D2 P G3 R2 S","Shadava-Audava",No,"",Yes,"","https://en.wikipedia.org/wiki/List_of_Janya_ragas"
"shankari","Shankari","Shankari",29,"Dheerasankarabharanam",5,"Bana (Arrows)","S G3 P N3 S'","S' N3 P G3 S","Swarantara",No,"",Yes,"","https://en.wikipedia.org/wiki/List_of_Janya_ragas"
"sindhu","Sindhu","Sindhu",29,"Dheerasankarabharanam",5,"Bana (Arrows)","S M1 P D2 S'","S' N3 D2 M1 P M1 G3 R2 S","Swarantara-Sampurna",No,"",Yes,"","https://en.wikipedia.org/wiki/List_of_Janya_ragas"
"sindhu-mandari","Sindhu Mandari","Sindhu Mandāri",29,"Dheerasankarabharanam",5,"Bana (Arrows)","S R2 G3 M1 P S'","S' N3 D2 P G3 M1 P M1 R2 S","Audava-Sampurna",No,"",Yes,"","https://en.wikipedia.org/wiki/List_of_Janya_ragas"
"suddha-malavi","Suddha Malavi","Suddha Mālavi",29,"Dheerasankarabharanam",5,"Bana (Arrows)","S R2 G3 M1 P N3 S'","S' D2 N3 P M1 G3 R2 S","Shadava-Sampurna",No,"",Yes,"","https://en.wikipedia.org/wiki/List_of_Janya_ragas"
"suddha-sarang","Suddha Sarang","Suddha Sārang",29,"Dheerasankarabharanam",5,"Bana (Arrows)","S R2 G3 M1 P D2 N3 D2 S'","S' D2 P M1 R2 G3 R2 S","Sampurna-Shadava",No,"",Yes,"","https://en.wikipedia.org/wiki/List_of_Janya_ragas"
"suddha-saveri","Suddha Saveri","Suddha Sāveri",29,"Dheerasankarabharanam",5,"Bana (Arrows)","S R2 M1 P D2 S'","S' D2 P M1 R2 S","Audava",No,"",Yes,"","https://en.wikipedia.org/wiki/Shuddha_Saveri"
"suddha-vasantha","Suddha Vasantha","Suddha Vasantha",29,"Dheerasankarabharanam",5,"Bana (Arrows)","S R2 G3 M1 P N3 S'","S' N3 D2 N3 P M1 G3 S","Shadava",No,"",Yes,"","https://en.wikipedia.org/wiki/List_of_Janya_ragas"
"suranandini","Suranandini","Suranandini",29,"Dheerasankarabharanam",5,"Bana (Arrows)","S R2 G3 P D2 N3 S'","S' N3 D2 P G3 R2 S","Shadava",No,"",Yes,"","https://en.wikipedia.org/wiki/List_of_Janya_ragas"
"suraranjani","Suraranjani","Suraranjani",29,"Dheerasankarabharanam",5,"Bana (Arrows)","S G3 P R2 M1 D2 S'","S' N3 D2 P M1 G3 R2 S","Shadava-Sampurna",No,"",Yes,"","https://en.wikipedia.org/wiki/List_of_Janya_ragas"
"tandavam","Tandavam","Tāndavam",29,"Dheerasankarabharanam",5,"Bana (Arrows)","S G3 P D2 N3 S'","S' N3 D2 P G3 S","Audava",No,"",Yes,"","https://en.wikipedia.org/wiki/List_of_Janya_ragas"
"vallabhi","Vallabhi","Vallabhi",29,"Dheerasankarabharanam",5,"Bana (Arrows)","S R2 G3 M1 P D2 N3 S'","S' N3 D2 N3 D2 P M1 P G3 M1 R2 S","Sampurna",No,"",Yes,"","https://en.wikipedia.org/wiki/List_of_Janya_ragas"
"vasanthamalai","Vasanthamalai","Vasanthamalai",29,"Dheerasankarabharanam",5,"Bana (Arrows)","S R2 M1 P N3 S'","S' D2 P M1 R2 S","Audava",No,"",Yes,"","https://en.wikipedia.org/wiki/List_of_Janya_ragas"
"vedhandhagamana","Vedhandhagamana","Vedhāndhagamana",29,"Dheerasankarabharanam",5,"Bana (Arrows)","S G3 M1 P N3 S'","S' N3 P M1 G3 S","Audava",No,"",Yes,"","https://en.wikipedia.org/wiki/List_of_Janya_ragas"
"veerapratapa","Veerapratapa","Veerapratāpa",29,"Dheerasankarabharanam",5,"Bana (Arrows)","S G3 M1 P D2 S'","S' N3 D2 P M1 G3 R2 S","Audava-Sampurna",No,"",Yes,"","https://en.wikipedia.org/wiki/List_of_Janya_ragas"
"vilasini","Vilasini","Vilāsini",29,"Dheerasankarabharanam",5,"Bana (Arrows)","S R2 G3 M1 P N3 S'","S' N3 P M1 G3 R2 S","Shadava",No,"",Yes,"","https://en.wikipedia.org/wiki/List_of_Janya_ragas"
"nagabharanam","Nagabharanam","Nāgabharanam",30,"Naganandini",5,"Bana (Arrows)","S R2 G2 M1 P D3 N3 S'","S' N3 D3 P M1 G2 R2 S","Sampurna",No,"",Yes,"","https://en.wikipedia.org/wiki/List_of_Janya_ragas"
"gambheeravani","Gambheeravani","Gambheeravani",30,"Naganandini",5,"Bana (Arrows)","S G3 P M1 D3 N3 S'","S' N3 P M1 G3 R2 G3 R2 S","Shadava",No,"",Yes,"","https://en.wikipedia.org/wiki/List_of_Janya_ragas"
"lalithagandharva","Lalithagandharva","Lalithagāndharva",30,"Naganandini",5,"Bana (Arrows)","S R2 G3 M1 P D3 N3 S'","S' N3 P G3 R2 S","Sampurna-Audava",No,"",Yes,"","https://en.wikipedia.org/wiki/List_of_Janya_ragas"
"samanta","Samanta","Sāmanta",30,"Naganandini",5,"Bana (Arrows)","S R2 G3 M1 P D3 N3 S'","S' N3 D3 N3 D3 P M1 G3 R2 S","Sampurna",No,"",Yes,"","https://en.wikipedia.org/wiki/List_of_Janya_ragas"
"kalavathi","Kalavathi","Kalāvathi",31,"Yagapriya",6,"Ritu (Seasons)","S R3 G3 M1 P D1 N1 S'","S' N1 D1 P M1 G3 R3 S","Sampurna",No,"",Yes,"","https://en.wikipedia.org/wiki/List_of_Janya_ragas"
"damarugapriya","Damarugapriya","Damarugapriya",31,"Yagapriya",6,"Ritu (Seasons)","S R3 G3 P D1 N1 S'","S' N1 D1 P G3 R3 S","Shadava",No,"",Yes,"","https://en.wikipedia.org/wiki/List_of_Janya_ragas"
"desharanjani","Desharanjani","Desharanjani",31,"Yagapriya",6,"Ritu (Seasons)","S R3 M1 P D1 N1 S'","S' N1 D1 P M1 R3 S","Shadava",No,"",Yes,"","https://en.wikipedia.org/wiki/List_of_Janya_ragas"
"deshyathodi","Deshyathodi","Deshyathodi",31,"Yagapriya",6,"Ritu (Seasons)","S G2 M1 P D1 N2 S'","S' N2 D1 P M1 G2 R1 S","Shadava-Sampurna",No,"",Yes,"","https://en.wikipedia.org/wiki/List_of_Janya_ragas"
"kalahamsa","Kalahamsa","Kalāhamsa",31,"Yagapriya",6,"Ritu (Seasons)","S R3 G3 M1 P D1 S'","S' N1 D1 P M1 G3 R3 S","Shadava-Sampurna",No,"",Yes,"","https://en.wikipedia.org/wiki/List_of_Janya_ragas"
"niranjani","Niranjani","Niranjani",31,"Yagapriya",6,"Ritu (Seasons)","S R3 M1 D1 N1 S'","S' N1 D1 M1 R3 S","Audava",No,"",Yes,"","https://en.wikipedia.org/wiki/List_of_Janya_ragas"
"prathapahamsi","Prathapahamsi","Prathāpahamsi",31,"Yagapriya",6,"Ritu (Seasons)","S G3 M1 P N1 D1 N1 S'","S' N1 D1 P M1 G3 M1 R3 S","Shadava-Sampurna",No,"",Yes,"","https://en.wikipedia.org/wiki/List_of_Janya_ragas"
"ragachoodamani","Ragachoodamani","Rāgachoodāmani",32,"Ragavardhini",6,"Ritu (Seasons)","S R3 G3 M1 P N2 S'","S' N2 D1 M1 R3 G3 S","Shadava",No,"",Yes,"","https://en.wikipedia.org/wiki/List_of_Janya_ragas"
"amudagandhari","Amudagandhari","Amudagāndhāri",32,"Ragavardhini",6,"Ritu (Seasons)","S G3 M1 P D1 N2 S'","S' N2 D1 P M1 G3 R3 S","Shadava-Sampurna",No,"",Yes,"","https://en.wikipedia.org/wiki/List_of_Janya_ragas"
"dhowmya","Dhowmya","Dhowmya",32,"Ragavardhini",6,"Ritu (Seasons)","S R3 G3 M1 P D1 N2 P S'","S' N2 D1 P M1 G3 R3 S","Sampurna",No,"",Yes,"","https://en.wikipedia.org/wiki/List_of_Janya_ragas"
"hindoladarbar","Hindoladarbar","Hindoladarbār",32,"Ragavardhini",6,"Ritu (Seasons)","S G3 M1 P S'","S' N2 D1 P M1 R3 S","Swarantara-Shadava",No,"",Yes,"","https://en.wikipedia.org/wiki/List_of_Janya_ragas"
"ramya","Ramya","Ramyā",32,"Ragavardhini",6,"Ritu (Seasons)","S R3 G3 M1 P D1 N2 P S'","S' N2 D1 P M1 G3 R3 S","Sampurna",No,"",Yes,"","https://en.wikipedia.org/wiki/List_of_Janya_ragas"
"samantajingala","Samantajingala","Sāmantajingala",32,"Ragavardhini",6,"Ritu (Seasons)","S R3 G3 M1 P D1 N2 S'","S' N2 P D1 N2 P M1 G3 M1 R3 G3 S","Sampurna",No,"",Yes,"","https://en.wikipedia.org/wiki/List_of_Janya_ragas"
"gangatarangini","Gangatarangini","Gangātarangini",33,"Gangeyabhushani",6,"Ritu (Seasons)","S R3 G3 M1 P D1 N3 S'","S' N3 D1 P M1 M1 G3 M1 R3 S","Sampurna",No,"",Yes,"","https://en.wikipedia.org/wiki/List_of_Janya_ragas"
"amarasindhu","Amarasindhu","Amarasindhu",34,"Vagadheeswari",6,"Ritu (Seasons)","S R3 G3 P D2 N2 S'","S' N2 D2 P G3 R3 S","Shadava",No,"",Yes,"","https://en.wikipedia.org/wiki/List_of_Janya_ragas"
"bhogachaya-nattai","Bhogachaya Nattai","Bhogachāyā Nāttai",34,"Vagadheeswari",6,"Ritu (Seasons)","S R3 G3 R3 G3 M1 P N2 N2 S'","S' N2 D2 N2 P S N2 P M1 M1 R3 S","Shadava",No,"",Yes,"","https://en.wikipedia.org/wiki/List_of_Janya_ragas"
"bhanumanjari","Bhanumanjari","Bhānumanjari",34,"Vagadheeswari",6,"Ritu (Seasons)","S R3 G3 M1 P N2 S'","S' N2 P M1 R3 G3 R3 S","Shadava",No,"",Yes,"","https://en.wikipedia.org/wiki/List_of_Janya_ragas"
"chayanattai","Chayanattai","Chāyanāttai",34,"Vagadheeswari",6,"Ritu (Seasons)","S R3 G3 M1 P M1 P S'","S' N2 D2 N2 P M1 R3 S","Audava-Shadava",No,"",Yes,"","https://en.wikipedia.org/wiki/List_of_Janya_ragas"
"maghathi","Maghathi","Maghathi",34,"Vagadheeswari",6,"Ritu (Seasons)","S R3 M1 P D2 N2 S'","S' N2 D2 P M1 R3 S","Shadava",No,"",Yes,"","https://en.wikipedia.org/wiki/List_of_Janya_ragas"
"dravida-kalavati","Dravida Kalavati","Drāvida Kalāvati",34,"Vagadheeswari",6,"Ritu (Seasons)","S R3 G3 P D2 S'","S' N2 D2 P G3 R3 S","Audava-Shadava",No,"",Yes,"","https://en.wikipedia.org/wiki/List_of_Janya_ragas"
"mohanangi","Mohanangi","Mohanāngi",34,"Vagadheeswari",6,"Ritu (Seasons)","S R3 G3 P D2 S'","S' D2 P G3 P D2 P G3 R3 S","Audava",No,"",Yes,"","https://en.wikipedia.org/wiki/List_of_Janya_ragas"
"murali","Murali","Murali",34,"Vagadheeswari",6,"Ritu (Seasons)","S R3 G3 M1 D2 N2 S'","S' N2 D2 M1 G3 R3 S","Shadava",No,"",Yes,"","https://en.wikipedia.org/wiki/List_of_Janya_ragas"
"sharadabharana","Sharadabharana","Sharadabharana",34,"Vagadheeswari",6,"Ritu (Seasons)","S M1 G3 M1 P M1 D2 N2 S'","S' N2 D2 M1 P M1 R3 S","Shadava",No,"",Yes,"","https://en.wikipedia.org/wiki/List_of_Janya_ragas"
"vikhavathi","Vikhavathi","Vikhavathi",34,"Vagadheeswari",6,"Ritu (Seasons)","S R3 G3 P D2 S'","S' D2 P G3 R3 S","Audava",No,"",Yes,"","https://en.wikipedia.org/wiki/List_of_Janya_ragas"
"shailadeshakshhi","Shailadeshakshhi","Shailadeshākshhi",35,"Sulini",6,"Ritu (Seasons)","S M1 G3 P D2 S'","S' N3 D2 S N3 P M1 G3 S","Audava-Shadava",No,"",Yes,"","https://en.wikipedia.org/wiki/List_of_Janya_ragas"
"suryavasantham","Suryavasantham","Suryavasantham",35,"Sulini",6,"Ritu (Seasons)","S M1 G3 M1 D2 N3 S'","S' N3 D2 M1 G3 R3 S","Audava-Shadava",No,"",Yes,"","https://en.wikipedia.org/wiki/List_of_Janya_ragas"
"dheerahindolam","Dheerahindolam","Dheerahindolam",35,"Sulini",6,"Ritu (Seasons)","S G3 M1 D2 N3 S'","S' N3 D2 P M1 G3 R3 S","Audava-Sampurna",No,"",Yes,"","https://en.wikipedia.org/wiki/List_of_Janya_ragas"
"ganavaridhi","Ganavaridhi","Ganavaridhi",35,"Sulini",6,"Ritu (Seasons)","S M1 R3 G3 M1 P D2 N2 S' S M1 R3 G3 M1 P D2 N3 S'","S' D2 N2 P M1 R3 S S' D2 N3 P M1 R3 S","Sampurna-Shadava",No,"",Yes,"","https://en.wikipedia.org/wiki/List_of_Janya_ragas"
"shokavarali","Shokavarali","Shokavarāli",35,"Sulini",6,"Ritu (Seasons)","S G3 D2 N3","D2 P M1 G3 R3 S","Swarantara-Shadava",No,"",No,"","https://en.wikipedia.org/wiki/List_of_Janya_ragas"
"devanattai","Devanattai","Devanāttai",36,"Chalanata",6,"Ritu (Seasons)","S G3 M1 P S'","S' N3 D3 P M1 G3 R3 S","Swarantara-Sampurna",No,"",Yes,"","https://en.wikipedia.org/wiki/List_of_Janya_ragas"
"gambheeranattai","Gambheeranattai","Gambheeranāṭṭai",36,"Chalanata",6,"Ritu (Seasons)","S G3 M1 P N3 S'","S' N3 P M1 G3 S","Audava",No,"",Yes,"","https://en.wikipedia.org/wiki/Gambhiranata"
"ganaranjani","Ganaranjani","Ganaranjani",36,"Chalanata",6,"Ritu (Seasons)","S R3 G3 M1 P M1 D3 N3 S'","S' N3 D3 P M1 P M1 R3 S","Sampurna-Shadava",No,"",Yes,"","https://en.wikipedia.org/wiki/List_of_Janya_ragas"
"nattai","Nattai","Nāṭṭai",36,"Chalanata",6,"Ritu (Seasons)","S R3 G3 M1 P N3 S'","S' N3 P M1 G3 R3 S","Shadava",No,"",Yes,"","https://en.wikipedia.org/wiki/Nata_(raga)"
"sowgandhini","Sowgandhini","Sowgandhini",37,"Salagam",7,"Rishi (Sages)","S R1 M2 P D1 S'","S' N1 D1 P M2 G1 R1 S","Audava-Sampurna",No,"",Yes,"","https://en.wikipedia.org/wiki/List_of_Janya_ragas"
"bhogasaveri","Bhogasaveri","Bhogasāveri",37,"Salagam",7,"Rishi (Sages)","S R1 M2 D1 N1","D1 P M2 G1 R1 S","Audava-Shadava",No,"",No,"","https://en.wikipedia.org/wiki/List_of_Janya_ragas"
"jaganmohinam","Jaganmohinam","Jaganmohinam",38,"Jalarnavam",7,"Rishi (Sages)","S R1 G1 M2 P D1 N2 S'","S' N2 D1 P M2 G1 R1 S","Sampurna",No,"",Yes,"","https://en.wikipedia.org/wiki/List_of_Janya_ragas"
"jaganmohana","Jaganmohana","Jaganmohana",38,"Jalarnavam",7,"Rishi (Sages)","S R1 G1 M2 P D2 S'","S' N2 D1 P M2 G1 R1 S","Shadava-Sampurna",No,"",Yes,"","https://en.wikipedia.org/wiki/List_of_Janya_ragas"
"dhalivarali","Dhalivarali","Dhālivarāli",39,"Jhalavarali",7,"Rishi (Sages)","S R1 G1 M2 P D1 N3 S'","S' N3 D1 P M2 G1 R1 S","Sampurna",No,"",Yes,"","https://en.wikipedia.org/wiki/List_of_Janya_ragas"
"bhoopalapanchamam","Bhoopalapanchamam","Bhoopālapanchamam",39,"Jhalavarali",7,"Rishi (Sages)","S G1 R1 G1 P M2 D1 S'","S' P D1 M2 G1 R1 S","Shadava",No,"",Yes,"","https://en.wikipedia.org/wiki/List_of_Janya_ragas"
"godari","Godari","Godari",39,"Jhalavarali",7,"Rishi (Sages)","S R1 G1 R1 M2 G1 M2 P D1 N3 S'","S' N3 D1 P M2 R1 S","Sampurna-Shadava",No,"",Yes,"","https://en.wikipedia.org/wiki/List_of_Janya_ragas"
"jalasugandhi","Jalasugandhi","Jālasugandhi",39,"Jhalavarali",7,"Rishi (Sages)","S R1 G1 M2 P D1 S'","S' D1 P M2 G1 R1 S","Shadava",No,"",Yes,"","https://en.wikipedia.org/wiki/List_of_Janya_ragas"
"janavali","Janavali","Janāvali",39,"Jhalavarali",7,"Rishi (Sages)","S G2 R1 G2 M2 P D1 N3 D1 S'","S' N3 D1 P M2 G2 R1 S","Sampurna",No,"",Yes,"","https://en.wikipedia.org/wiki/List_of_Janya_ragas"
"karunamritavarshini","Karunamritavarshini","Karunāmritavarshini",39,"Jhalavarali",7,"Rishi (Sages)","S R1 G1 M2 P D1 N3 P S'","S' N3 D1 M2 G1 R1 S","Sampurna-Shadava",No,"",Yes,"","https://en.wikipedia.org/wiki/List_of_Janya_ragas"
"kokilapanchamam","Kokilapanchamam","Kokilapanchamam",39,"Jhalavarali",7,"Rishi (Sages)","S G1 R1 G1 P D1 N3 S'","S' N3 D1 P M2 G1 R1 S","Shadava-Sampurna",No,"",Yes,"","https://en.wikipedia.org/wiki/List_of_Janya_ragas"
"varali","Varali","Varāli",39,"Jhalavarali",7,"Rishi (Sages)","S G1 R1 G1 M2 P D1 N3 S'","S' N3 D1 P M2 G1 R1 S","Sampurna",No,"",Yes,"","https://en.wikipedia.org/wiki/Varali"
"nabhomani","Nabhomani","Nabhomani",40,"Navaneetam",7,"Rishi (Sages)","S G1 R1 G1 M2 P S'","S' N2 D2 P M2 G1 R1 S","Audava-Sampurna",No,"",Yes,"","https://en.wikipedia.org/wiki/List_of_Janya_ragas"
"kumbhini","Kumbhini","Kumbhini",41,"Pavani",7,"Rishi (Sages)","S G1 R1 G1 M2 P N3 D2 N3 S'","S' N3 D2 P M2 G1 R1 S","Sampurna",No,"",Yes,"","https://en.wikipedia.org/wiki/List_of_Janya_ragas"
"chandrajyothi","Chandrajyothi","Chandrajyothi",41,"Pavani",7,"Rishi (Sages)","S R1 G1 M2 P D2 S'","S' D2 P M2 G1 R1 S","Shadava",No,"",Yes,"","https://en.wikipedia.org/wiki/List_of_Janya_ragas"
"prabhavali","Prabhavali","Prabhāvali",41,"Pavani",7,"Rishi (Sages)","S R1 M2 P D2 N3 S'","S' N3 D2 M2 P M2 R1 G1 R1 S","Shadava-Sampurna",No,"",Yes,"","https://en.wikipedia.org/wiki/List_of_Janya_ragas"
"poornalalitha","Poornalalitha","Poornalalitha",41,"Pavani",7,"Rishi (Sages)","S R1 M2 G1 R1 M2 P N3 D2 N3 S'","S' N3 D2 P M2 G1 R1 S","Sampurna",No,"",Yes,"","https://en.wikipedia.org/wiki/List_of_Janya_ragas"
"poornapanchamam-m41","Poornapanchamam","Poornapanchamam",41,"Pavani",7,"Rishi (Sages)","(See 15, 16) S R1 G1 M2 P D2","D2 P M2 G1 R1 S","Shadava",No,"",Yes,"","https://en.wikipedia.org/wiki/List_of_Janya_ragas"
"ravi-kriya","Ravi Kriya","Ravi Kriyā",42,"Raghupriya",7,"Rishi (Sages)","S G1 R1 G1 M2 P D3 N3 S'","S' N3 P M2 G1 R1 S","Sampurna-Shadava",No,"",Yes,"","https://en.wikipedia.org/wiki/List_of_Janya_ragas"
"gandharva","Gandharva","Gāndharva",42,"Raghupriya",7,"Rishi (Sages)","M2 P D3 N3 S R1 G1","R1 S N3 P M2 P","Sampurna-Audava",No,"",Yes,"","https://en.wikipedia.org/wiki/List_of_Janya_ragas"
"gomathi","Gomathi","Gomathi",42,"Raghupriya",7,"Rishi (Sages)","S R1 G1 M2 P D3 N3","P M2 G1 R1 S","Sampurna-Audava",No,"",No,"","https://en.wikipedia.org/wiki/List_of_Janya_ragas"
"raghuleela","Raghuleela","Raghuleela",42,"Raghupriya",7,"Rishi (Sages)","S M2 R1 P M2 G1 M2 P M2 R1 M2 P N3 S'","S' N3 D3 N3 P M2 G1 M2 R1 M2 G1 R1 S","Shadava-Sampurna",No,"",Yes,"","https://en.wikipedia.org/wiki/List_of_Janya_ragas"
"geervani","Geervani","Geervāni",43,"Gavambodhi",8,"Vasu (Gods)","S R1 G2 M2 P D1 N1 S'","S' N1 D1 P M2 G2 R1 S","Sampurna",No,"",Yes,"","https://en.wikipedia.org/wiki/List_of_Janya_ragas"
"kanchanabowli","Kanchanabowli","Kanchanabowli",43,"Gavambodhi",8,"Vasu (Gods)","S G2 M2 P D1 S'","S' N1 D1 P M1 G2 R1 S","Audava-Sampurna",No,"",Yes,"","https://en.wikipedia.org/wiki/List_of_Janya_ragas"
"mahathi-m43","Mahathi","Mahathi",43,"Gavambodhi",8,"Vasu (Gods)","S G2 M2 P D1 N1 S'","S' N1 D1 P M2 G2 S","Shadava",No,"",Yes,"","https://en.wikipedia.org/wiki/List_of_Janya_ragas"
"mechagandhari","Mechagandhari","Mechagāndhāri",43,"Gavambodhi",8,"Vasu (Gods)","S R3 G3 M1 P D2 N2 S'","S' N2 D2 N2 P M1 G3 M1 R3 S","Sampurna",No,"",Yes,"","https://en.wikipedia.org/wiki/List_of_Janya_ragas"
"suvarnadeepakam","Suvarnadeepakam","Suvarnadeepakam",43,"Gavambodhi",8,"Vasu (Gods)","S R1 G2 M2 P D1 S'","S' D1 P M2 G2 R1 S","Shadava",No,"",Yes,"","https://en.wikipedia.org/wiki/List_of_Janya_ragas"
"vijayabhooshavali","Vijayabhooshavali","Vijayabhooshāvali",43,"Gavambodhi",8,"Vasu (Gods)","S R1 G3 M2 P S'","S' N3 D3 P M2 G3 R1 S","Audava-Sampurna",No,"",Yes,"","https://en.wikipedia.org/wiki/List_of_Janya_ragas"
"bhavani","Bhavani","Bhavāni",44,"Bhavapriya",8,"Vasu (Gods)","S R1 G2 M2 D1 N2 S","S N2 D1 M2 G2 R1 S","Shadava",No,"",Yes,"","https://en.wikipedia.org/wiki/List_of_Janya_ragas"
"bhavani-m44","Bhavani","Bhavāni",44,"Bhavapriya",8,"Vasu (Gods)","S R1 G2 M2 P D1 P N2 S'","S' N2 D1 P M2 G2 R1 S","Sampurna",No,"",Yes,"","https://en.wikipedia.org/wiki/List_of_Janya_ragas"
"kanchanavathi","Kanchanavathi","Kanchanāvathi",44,"Bhavapriya",8,"Vasu (Gods)","S R1 G2 M2 P N2 S'","S' N2 P M2 G2 R1 S","Shadava",No,"",Yes,"","https://en.wikipedia.org/wiki/List_of_Janya_ragas"
"shivapanthuvarali","Shivapanthuvarali","Shivapanthuvarāli",45,"Subhapantuvarali",8,"Vasu (Gods)","S R1 G2 M2 P D1 N3 S'","S' N3 D1 P M2 G2 R1 S","Sampurna",No,"",Yes,"","https://en.wikipedia.org/wiki/List_of_Janya_ragas"
"arunangi","Arunangi","Arunāngi",45,"Subhapantuvarali",8,"Vasu (Gods)","S R1 M2 P N3 D1 S'","S' N3 D1 M2 R1 G2 R1 S","Shadava",No,"",Yes,"","https://en.wikipedia.org/wiki/List_of_Janya_ragas"
"bandhuvarali","Bandhuvarali","Bandhuvarāli",45,"Subhapantuvarali",8,"Vasu (Gods)","S M2 S N3 D1 P M2","D1 M2 G2 R1 S","Audava",No,"",Yes,"","https://en.wikipedia.org/wiki/List_of_Janya_ragas"
"bhanudhanyasi","Bhanudhanyasi","Bhānudhanyāsi",45,"Subhapantuvarali",8,"Vasu (Gods)","S R1 G2 M2 N3 D1 N3","D1 P M2 G2 R1 S N3 S","Shadava-Sampurna",No,"",Yes,"","https://en.wikipedia.org/wiki/List_of_Janya_ragas"
"bhanukeeravani","Bhanukeeravani","Bhānukeeravāni",45,"Subhapantuvarali",8,"Vasu (Gods)","S R1 G2 M2 P D1 N3 S'","S' N3 D1 M2 G2 R1 S","Sampurna-Shadava",No,"",Yes,"","https://en.wikipedia.org/wiki/List_of_Janya_ragas"
"chayaranjani","Chayaranjani","Chāyaranjani",45,"Subhapantuvarali",8,"Vasu (Gods)","S G2 M2 P N3 S'","S' N3 D1 P M2 G2 S","Audava-Shadava",No,"",Yes,"","https://en.wikipedia.org/wiki/List_of_Janya_ragas"
"dhowreyani","Dhowreyani","Dhowreyani",45,"Subhapantuvarali",8,"Vasu (Gods)","S R1 G2 M2 N3 S'","S' N3 D1 P M2 G2 R1 S","Audava-Sampurna",No,"",Yes,"","https://en.wikipedia.org/wiki/List_of_Janya_ragas"
"hindusthani-todi","Hindusthani Todi","Hindusthāni Todi",45,"Subhapantuvarali",8,"Vasu (Gods)","N3 R1 G2 M2 D1 N3 S'","S' N3 D1 P M2 G2 R1 S","Shadava-Sampurna",No,"",Yes,"","https://en.wikipedia.org/wiki/Todi_(raga)"
"jalakesari","Jalakesari","Jālakesari",45,"Subhapantuvarali",8,"Vasu (Gods)","S R1 M2 P D1 N3 S'","S' D1 P M2 R1 S","Shadava-Audava",No,"",Yes,"","https://en.wikipedia.org/wiki/List_of_Janya_ragas"
"kumudhachandrika","Kumudhachandrika","Kumudhachandrikā",45,"Subhapantuvarali",8,"Vasu (Gods)","S G2 M2 D1 S'","S' N3 D1 M2 G2 R1 S","Swarantara-Shadava",No,"",Yes,"","https://en.wikipedia.org/wiki/List_of_Janya_ragas"
"mahanandhini","Mahanandhini","Mahānandhini",45,"Subhapantuvarali",8,"Vasu (Gods)","S M2 G2 M2 P D1 N3 S'","S' D1 N3 D1 P M2 G2 R1 S","Shadava-Sampurna",No,"",Yes,"","https://en.wikipedia.org/wiki/List_of_Janya_ragas"
"multani","Multani","Multani",45,"Subhapantuvarali",8,"Vasu (Gods)","S G2 M2 P N3 S'","S' N3 D1 P M2 G2 R1 S","Audava-Sampurna",No,"",Yes,"Hindustani equivalent","https://en.wikipedia.org/wiki/Multani_(raga)"
"parpathi","Parpathi","Parpathi",45,"Subhapantuvarali",8,"Vasu (Gods)","S G2 M2 P N3 S'","S' N3 P M2 G2 S","Audava",No,"",Yes,"","https://en.wikipedia.org/wiki/List_of_Janya_ragas"
"shekharachandrika","Shekharachandrika","Shekharachandrikā",45,"Subhapantuvarali",8,"Vasu (Gods)","S R1 G2 M2 D1 N3 S'","S' N3 D1 M2 G2 R1 S","Shadava",No,"",Yes,"","https://en.wikipedia.org/wiki/List_of_Janya_ragas"
"sthavarajam","Sthavarajam","Sthavarājam",46,"Shadvidhamargini",8,"Vasu (Gods)","S R1 M2 P D2 S'","S' N2 D2 M2 G2 S","Audava",No,"",Yes,"","https://en.wikipedia.org/wiki/List_of_Janya_ragas"
"ganahemavati","Ganahemavati","Ganahemāvati",46,"Shadvidhamargini",8,"Vasu (Gods)","S G2 M2 P N2 S'","S' N2 D2 P M2 G2 S","Audava-Shadava",No,"",Yes,"","https://en.wikipedia.org/wiki/List_of_Janya_ragas"
"indhudhanyasi","Indhudhanyasi","Indhudhanyāsi",46,"Shadvidhamargini",8,"Vasu (Gods)","S G2 M2 D2 N2 S'","S' N2 D2 P D2 M2 G2 R1 S","Audava-Sampurna",No,"",Yes,"","https://en.wikipedia.org/wiki/List_of_Janya_ragas"
"shreekanti","Shreekanti","Shreekānti",46,"Shadvidhamargini",8,"Vasu (Gods)","S G2 M2 P D2 N2 S'","S' N2 D2 P M2 G2 S","Shadava",No,"",Yes,"","https://en.wikipedia.org/wiki/List_of_Janya_ragas"
"teevravahini","Teevravahini","Teevravāhini",46,"Shadvidhamargini",8,"Vasu (Gods)","S R1 G2 M2 P D2 P N2 S'","S' N2 D2 P M2 G2 R1 G2 M2 R1 S","Sampurna",No,"",Yes,"","https://en.wikipedia.org/wiki/List_of_Janya_ragas"
"vaishalini","Vaishalini","Vaishalini",46,"Shadvidhamargini",8,"Vasu (Gods)","R1 G2 M2 D2 N2","N2 D2 M2 G2 R1","Audava",No,"",No,"","https://en.wikipedia.org/wiki/List_of_Janya_ragas"
"sowveeram","Sowveeram","Sowveeram",47,"Suvarnangi",8,"Vasu (Gods)","S R1 G2 M2 P D2 N3 S'","S' N3 D2 P M2 G2 R1 S","Sampurna",No,"",Yes,"","https://en.wikipedia.org/wiki/List_of_Janya_ragas"
"abhiru","Abhiru","Abhiru",47,"Suvarnangi",8,"Vasu (Gods)","S R1 G2 R1 M2 P N3 S'","S' D2 P M2 G2 R1 G2 S","Shadava",No,"",Yes,"","https://en.wikipedia.org/wiki/List_of_Janya_ragas"
"rathika","Rathika","Rathikā",47,"Suvarnangi",8,"Vasu (Gods)","S M2 G2 M2 P D2 N3 S'","S' N3 D2 P M2 G2 R1 S","Shadava-Sampurna",No,"",Yes,"","https://en.wikipedia.org/wiki/List_of_Janya_ragas"
"vijayashree","Vijayashree","Vijayashree",47,"Suvarnangi",8,"Vasu (Gods)","S R1 G2 M2 P N2 S'","S' N2 P M2 G2 R1 S","Shadava",No,"",Yes,"","https://en.wikipedia.org/wiki/List_of_Janya_ragas"
"jeevanthika","Jeevanthika","Jeevanthikā",48,"Divyamani",8,"Vasu (Gods)","S M2 P D3 N3 S'","S' N3 P M2 G2 S","Audava",No,"",Yes,"","https://en.wikipedia.org/wiki/List_of_Janya_ragas"
"deshamukhari","Deshamukhari","Deshamukhāri",48,"Divyamani",8,"Vasu (Gods)","S R1 G2 M2 P D3 N3 D3 S'","S' D3 N3 D3 P M2 G2 R1 S","Sampurna",No,"",Yes,"","https://en.wikipedia.org/wiki/List_of_Janya_ragas"
"dundubi","Dundubi","Dundubi",48,"Divyamani",8,"Vasu (Gods)","S R1 G2 M2 P D3 N3 S'","S' N3 P M2 G2 R1 S","Sampurna-Shadava",No,"",Yes,"","https://en.wikipedia.org/wiki/List_of_Janya_ragas"
"jeevanthini","Jeevanthini","Jeevanthini",48,"Divyamani",8,"Vasu (Gods)","S M2 P D3 N3 S'","S' N3 P M2 G2 S","Audava",No,"",Yes,"","https://en.wikipedia.org/wiki/List_of_Janya_ragas"
"suddha-gandhari","Suddha Gandhari","Suddha Gāndhāri",48,"Divyamani",8,"Vasu (Gods)","S R1 G2 M2 N3 S'","S' N3 D3 N3 S N3 P M2 R1 S","Audava-Shadava",No,"",Yes,"","https://en.wikipedia.org/wiki/List_of_Janya_ragas"
"dhavalangam","Dhavalangam","Dhavalāngam",49,"Dhavalambari",9,"Brahma","S R1 G3 M2 P D1 S'","S' N1 D1 P M2 G3 R1 S","Shadava-Sampurna",No,"",Yes,"","https://en.wikipedia.org/wiki/List_of_Janya_ragas"
"abhiramam","Abhiramam","Abhirāmam",49,"Dhavalambari",9,"Brahma","S R1 M2 P D1 N1 S'","S' N1 D1 P M2 G2 R1 S","Shadava-Sampurna",No,"",Yes,"","https://en.wikipedia.org/wiki/List_of_Janya_ragas"
"bhinnapauarali","Bhinnapauarali","Bhinnapauarali",49,"Dhavalambari",9,"Brahma","S M2 P D1 N1 D1 S'","S' N1 D1 P M2 G3 S","Audava-Shadava",No,"",Yes,"","https://en.wikipedia.org/wiki/List_of_Janya_ragas"
"dharmini","Dharmini","Dharmini",49,"Dhavalambari",9,"Brahma","S R1 G3 M2 D1 N1 S'","S' N1 D1 M2 G3 R1 S","Shadava",No,"",Yes,"","https://en.wikipedia.org/wiki/List_of_Janya_ragas"
"sudharmini","Sudharmini","Sudharmini",49,"Dhavalambari",9,"Brahma","S R1 M2 P D1 N1 S'","S' N1 D1 M1 G3 R2 S","Shadava",No,"",Yes,"","https://en.wikipedia.org/wiki/List_of_Janya_ragas"
"namadeshi","Namadeshi","Nāmadeshi",50,"Namanarayani",9,"Brahma","S R1 G3 M2 P D1 N2 S'","S' N2 D1 P M2 G3 R1 S","Sampurna",No,"",Yes,"","https://en.wikipedia.org/wiki/List_of_Janya_ragas"
"narmada","Narmada","Narmada",50,"Namanarayani",9,"Brahma","S R1 G3 M2 D1 N2 S'","S' N2 D1 M2 P M2 G3 R1 S","Shadava-Sampurna",No,"",Yes,"","https://en.wikipedia.org/wiki/List_of_Janya_ragas"
"neelanjana","Neelanjana","Neelanjana",50,"Namanarayani",9,"Brahma","S R1 G3 P N2 S'","S' N2 P M2 G3 R1 S","Audava-Shadava",No,"",Yes,"Raga created by Mahesh Mahadev","#cite_note-8"
"swaramanjari","Swaramanjari","Swaramanjari",50,"Namanarayani",9,"Brahma","S G3 M2 P D1 S'","S' N2 D1 P M2 G3 S","Audava-Shadava",No,"",Yes,"","https://en.wikipedia.org/wiki/List_of_Janya_ragas"
"kashiramakriya","Kashiramakriya","Kāshirāmakriyā",51,"Kamavardhini",9,"Brahma","S G3 R1 G3 M2 P D1 N3 S'","S' N3 D1 P M1 G3 R1 S","Sampurna",No,"",Yes,"","https://en.wikipedia.org/wiki/List_of_Janya_ragas"
"mandari","Mandari","Mandāri",51,"Kamavardhini",9,"Brahma","S R1 G3 M2 P N3 S'","S' N3 P M2 G3 R1 S","Shadava",No,"",Yes,"","https://en.wikipedia.org/wiki/List_of_Janya_ragas"
"adhi-panchama","adhi Panchama","ādhi Panchama",51,"Kamavardhini",9,"Brahma","S R1 P D1 N3 S'","S' N3 D1 N3 P M2 G3 R1 S","Audava-Sampurna",No,"",Yes,"","https://en.wikipedia.org/wiki/List_of_Janya_ragas"
"basant-vasant","Basant /Vasant","Basant /Vasant",51,"Kamavardhini",9,"Brahma","S G3 M2 D1 N3 S'","S' N3 D1 P M2 G3 M2 N3 D1 M2 G3 R1 S","Audava-Sampurna",Yes,"M1",Yes,"Hindustani equivalent","https://en.wikipedia.org/wiki/Basant_(raga)"
"basant-bahar-m51","Basant Bahar","Basant Bahār",51,"Kamavardhini",9,"Brahma","S M2 P G3 M2 N3 D1 N3 S","R2 S N2 D2 P M1 G2 M1 G2 R2 S","Shadava-Sampurna",No,"",Yes,"Hindustani equivalent","https://en.wikipedia.org/wiki/List_of_Janya_ragas"
"bhogavasantha","Bhogavasantha","Bhogavasantha",51,"Kamavardhini",9,"Brahma","S R1 G3 M2 D1 N3 S'","S' N3 D1 M2 G3 R1 S","Shadava",No,"",Yes,"","https://en.wikipedia.org/wiki/List_of_Janya_ragas"
"deepakam","Deepakam","Deepakam",51,"Kamavardhini",9,"Brahma","S R2 M2 P D1 P S'","S' N3 D1 N3 P M2 G3 R1 S","Audava-Sampurna",No,"",Yes,"","https://en.wikipedia.org/wiki/List_of_Janya_ragas"
"gamakapriya","Gamakapriya","Gamakapriyā",51,"Kamavardhini",9,"Brahma","S R1 G3 M2 P N3 D1 S'","S' D1 P M2 G3 R1 S","Sampurna-Shadava",No,"",Yes,"","https://en.wikipedia.org/wiki/List_of_Janya_ragas"
"gamanapriya","Gamanapriya","Gamanapriyā",51,"Kamavardhini",9,"Brahma","S R1 G3 M2 P N3 D1 S'","S' D1 P M2 G3 R1 S","Sampurna-Shadava",No,"",Yes,"","https://en.wikipedia.org/wiki/List_of_Janya_ragas"
"hamsanarayani","Hamsanarayani","Hamsanārāyani",51,"Kamavardhini",9,"Brahma","S R1 G3 M2 P S'","S' N3 P M2 G3 R1 S","Audava-Shadava",No,"",Yes,"","https://en.wikipedia.org/wiki/List_of_Janya_ragas"
"indumathi","Indumathi","Indumathi",51,"Kamavardhini",9,"Brahma","S G3 M2 D1 N3 S'","S' N3 D1 P M2 G3 S","Audava-Shadava",No,"",Yes,"","https://en.wikipedia.org/wiki/List_of_Janya_ragas"
"kamalaptapriya","Kamalaptapriya","Kamalāptapriyā",51,"Kamavardhini",9,"Brahma","S R1 G3 M2 P D1 S'","S' D1 P M2 G3 R1 S","Shadava",No,"",Yes,"","https://en.wikipedia.org/wiki/List_of_Janya_ragas"
"kumudhakriya","Kumudhakriya","Kumudhakriyā",51,"Kamavardhini",9,"Brahma","S R1 G3 M2 D1 S'","S' N3 D1 M2 G3 R1 S","Audava-Shadava",No,"",Yes,"","https://en.wikipedia.org/wiki/List_of_Janya_ragas"
"maruthi","Maruthi","Māruthi",51,"Kamavardhini",9,"Brahma","S R1 M2 P N3 S'","S' N3 D1 P M2 G3 R1 S","Audava-Sampurna",No,"",Yes,"","https://en.wikipedia.org/wiki/List_of_Janya_ragas"
"ponni","Ponni","Ponni",51,"Kamavardhini",9,"Brahma","S G3 M2 P N3 S'","S' N3 P M2 G3 R1 S","Audava-Shadava",No,"",Yes,"","https://en.wikipedia.org/wiki/List_of_Janya_ragas"
"prathapa","Prathapa","Prathāpa",51,"Kamavardhini",9,"Brahma","S G3 M2 D1 N3 S'","S' N3 D1 P M2 G3 R1 S","Audava-Sampurna",No,"",Yes,"","https://en.wikipedia.org/wiki/List_of_Janya_ragas"
"puriya-dhanashree","Puriya Dhanashree","Puriya Dhanashree",51,"Kamavardhini",9,"Brahma","N3 R1 G3 M2 P D1 P N3 S","R1 N3 D1 P M2 G3 M2 R1 G3 R1 S","Sampurna",No,"",Yes,"Hindustani equivalent","https://en.wikipedia.org/wiki/Puriya_Dhanashree"
"tandavapriya","Tandavapriya","Tāndavapriyā",51,"Kamavardhini",9,"Brahma","S R1 G3 M2 P S'","S' P M2 G3 R1 S","Audava",No,"",Yes,"","https://en.wikipedia.org/wiki/List_of_Janya_ragas"
"ramamanohari","Ramamanohari","Ramāmanohari",52,"Ramapriya",9,"Brahma","S R1 G3 M2 P D2 S'","S' N2 D2 P M2 G3 R1 S","Shadava-Sampurna",No,"",Yes,"","https://en.wikipedia.org/wiki/List_of_Janya_ragas"
"chintaramani","Chintaramani","Chintaramani",52,"Ramapriya",9,"Brahma","S G3 M2 P D2 N2 S'","S' D2 P M2 G3 R1 S","Shadava",No,"",Yes,"","https://en.wikipedia.org/wiki/List_of_Janya_ragas"
"hamsagamini","Hamsagamini","Hamsagamini",52,"Ramapriya",9,"Brahma","S G3 M2 P D2 N2 S'","S' N2 D2 P M2 D2 P M2 G3 R1 S","Shadava-Sampurna",No,"",Yes,"","https://en.wikipedia.org/wiki/List_of_Janya_ragas"
"lokaranjani","Lokaranjani","Lokaranjani",52,"Ramapriya",9,"Brahma","S G3 M2 P M2 D2 N2 S'","S' N2 D2 N2 P M2 G3 R1 S","Shadava-Sampurna",No,"",Yes,"","https://en.wikipedia.org/wiki/List_of_Janya_ragas"
"meghashyamala","Meghashyamala","Meghashyāmala",52,"Ramapriya",9,"Brahma","S G3 M2 P D2 N2 D2 P S'","S' N2 D2 P M2 G3 R1 S","Shadava-Sampurna",No,"",Yes,"","https://en.wikipedia.org/wiki/List_of_Janya_ragas"
"namoveenapaani","Namoveenapaani","Namoveenapaani",52,"Ramapriya",9,"Brahma","S G3 M2 D2 N2 S'","S' N2 D2 M2 G3 R1 S","Audava-Shadava",No,"",Yes,"creation by Siri Girish","https://en.wikipedia.org/wiki/List_of_Janya_ragas"
"patalambari","Patalambari","Patalāmbari",52,"Ramapriya",9,"Brahma","S R1 G3 M2 D2 S'","S' D2 M2 G3 R1 S","Audava",No,"",Yes,"","https://en.wikipedia.org/wiki/List_of_Janya_ragas"
"raktimargini","Raktimargini","Raktimārgini",52,"Ramapriya",9,"Brahma","S P M2 D2 N2 S'","S' N2 D2 P M2 P G3 R1 S","Audava-Sampurna",No,"",Yes,"","https://en.wikipedia.org/wiki/List_of_Janya_ragas"
"rasavinodini","Rasavinodini","Rasavinodini",52,"Ramapriya",9,"Brahma","S G3 M2 P D2 N2 S'","S' N2 D2 P M2 G3 S","Shadava",No,"",Yes,"","https://en.wikipedia.org/wiki/List_of_Janya_ragas"
"reethi-chandrika","Reethi Chandrika","Reethi Chandrikā",52,"Ramapriya",9,"Brahma","S R1 G3 M2 P D2 S'","S' N2 D2 P M2 G3 R1 S","Shadava-Sampurna",No,"",Yes,"","https://en.wikipedia.org/wiki/List_of_Janya_ragas"
"seemantinipriya","Seemantinipriya","Seemantinipriyā",52,"Ramapriya",9,"Brahma","S R1 G3 M2 D2 N2 S'","S' N2 D2 M2 G3 R1 S","Shadava",No,"",Yes,"","https://en.wikipedia.org/wiki/List_of_Janya_ragas"
"sukhakari","Sukhakari","Sukhakari",52,"Ramapriya",9,"Brahma","S R1 S P D2 N2 S'","S' N2 D2 P M2 G3 S R1 S","Audava-Sampurna",No,"",Yes,"","https://en.wikipedia.org/wiki/List_of_Janya_ragas"
"vedhaswaroopi","Vedhaswaroopi","Vedhaswaroopi",52,"Ramapriya",9,"Brahma","S R1 G3 M2 P D2 N3 P S'","S' N3 D2 P N3 P M2 G3 S","Sampurna-Shadava",No,"",Yes,"","https://en.wikipedia.org/wiki/List_of_Janya_ragas"
"gamakakriya","Gamakakriya","Gamakakriyā",53,"Gamanashrama",9,"Brahma","S R1 G3 M2 P D2 S'","S' N3 D2 P M2 G3 R1 S","Shadava-Sampurna",No,"",Yes,"","https://en.wikipedia.org/wiki/List_of_Janya_ragas"
"alankari","Alankari","Alankāri",53,"Gamanashrama",9,"Brahma","S G3 M2 D2 N3 D2 S'","S' N3 D2 M2 G3 S","Audava",No,"",Yes,"","https://en.wikipedia.org/wiki/List_of_Janya_ragas"
"bhatiyar","Bhatiyar","Bhatiyār",53,"Gamanashrama",9,"Brahma","S D2 P D2 M2 P G3 M2 D2 S","R1 N3 D2 P M2 P G3 R1 S","Audava-Sampurna",Yes,"M1",Yes,"Hindustani equivalent","https://en.wikipedia.org/wiki/Bhatiyar"
"dvigandharabhooshani","Dvigandharabhooshani","Dvigāndhārabhooshani",53,"Gamanashrama",9,"Brahma","S R1 G2 G3 G2 P D2 S'","S' D2 P G2 G3 G2 R1 S D2 S","Audava",No,"",Yes,"","https://en.wikipedia.org/wiki/List_of_Janya_ragas"
"hamsanandi","Hamsanandi","Hamsānandi",53,"Gamanashrama",9,"Brahma","S R1 G3 M2 D2 N3 S'","S' N3 D2 M2 G3 R1 S","Shadava",No,"",Yes,"","https://en.wikipedia.org/wiki/Hamsanandi"
"mechakangi","Mechakangi","Mechakāngi",53,"Gamanashrama",9,"Brahma","S R1 G3 M2 P D2 P N3 S'","S' N3 P D2 P M2 G3 R1 S","Sampurna",No,"",Yes,"","https://en.wikipedia.org/wiki/List_of_Janya_ragas"
"padmakalyani","Padmakalyani","Padmakalyāni",53,"Gamanashrama",9,"Brahma","S G3 P N3 S'","S' N3 D2 P M2 G3 S","Swarantara-Shadava",No,"",Yes,"","https://en.wikipedia.org/wiki/List_of_Janya_ragas"
"poorvi-kalyani","Poorvi Kalyani","Poorvi Kalyāni",53,"Gamanashrama",9,"Brahma","S R1 G3 M2 P D2 P S'","S' N3 D2 P M2 G3 R1 S","Shadava-Sampurna",No,"",Yes,"","https://en.wikipedia.org/wiki/List_of_Janya_ragas"
"sharabadhvaja","Sharabadhvaja","Sharabadhvāja",53,"Gamanashrama",9,"Brahma","S R1 G3 M2 P D2 S'","S' D2 P G3 R1 S","Shadava-Audava",No,"",Yes,"","https://en.wikipedia.org/wiki/List_of_Janya_ragas"
"sohini","Sohini","Sohini",53,"Gamanashrama",9,"Brahma","S G3 M2 D2 N3 S'","S' N3 D2 M2 G3 R1 S","Audava-Shadava",No,"",Yes,"Hindustani equivalent","https://en.wikipedia.org/wiki/Sohini"
"vaishaka","Vaishaka","Vaishaka",53,"Gamanashrama",9,"Brahma","S R1 G3 M2 P D2 N3 S'","S' N3 D2 N3 P M2 G3 M2 R1 S","Sampurna",No,"",Yes,"","https://en.wikipedia.org/wiki/List_of_Janya_ragas"
"vamshavathi","Vamshavathi","Vamshavathi",54,"Viswambhari",9,"Brahma","S R1 G3 M2 P D3 N3 S'","S' N3 P M2 G3 R1 S","Sampurna-Shadava",No,"",Yes,"","https://en.wikipedia.org/wiki/List_of_Janya_ragas"
"hemangi","Hemangi","Hemāngi",54,"Viswambhari",9,"Brahma","S R1 G3 M2 D3 S'","S' D3 M2 G3 R1 S","Audava",No,"",Yes,"","https://en.wikipedia.org/wiki/List_of_Janya_ragas"
"pooshakalyani","Pooshakalyani","Pooshakalyāni",54,"Viswambhari",9,"Brahma","S R1 G3 M2 P D3 N3 S'","S' N3 P M2 G3 R1 S","Sampurna-Shadava",No,"",Yes,"","https://en.wikipedia.org/wiki/List_of_Janya_ragas"
"sharadhyuthi","Sharadhyuthi","Sharadhyuthi",54,"Viswambhari",9,"Brahma","S R1 G3 M2 P D3 N3 D3 S'","S' N3 D3 P M2 G3 R1 S","Sampurna",No,"",Yes,"","https://en.wikipedia.org/wiki/List_of_Janya_ragas"
"suddhakriya","Suddhakriya","Suddhakriyā",54,"Viswambhari",9,"Brahma","S R1 M2 M2 P D3 S'","S' D3 P M2 G3 R1 S","Audava-Shadava",No,"",Yes,"","https://en.wikipedia.org/wiki/List_of_Janya_ragas"
"sundarangi","Sundarangi","Sundarāngi",54,"Viswambhari",9,"Brahma","S R1 G3 P D3 N3 S'","S' N3 D3 P G3 R1 S","Shadava",No,"",Yes,"","https://en.wikipedia.org/wiki/List_of_Janya_ragas"
"vijayavasantham","Vijayavasantham","Vijayavasantham",54,"Viswambhari",9,"Brahma","S M2 P D3 N3 S'","S' N3 P M2 G3 S","Audava",No,"",Yes,"","https://en.wikipedia.org/wiki/List_of_Janya_ragas"
"shyamalam","Shyamalam","Shyāmalam",55,"Syamalangi",10,"Disi (Directions)","S R2 G2 M2 P D1 N1 S'","S' N1 D1 P M2 G2 R2 S","Sampurna",No,"",Yes,"","https://en.wikipedia.org/wiki/List_of_Janya_ragas"
"deshavali","Deshavali","Deshāvali",55,"Syamalangi",10,"Disi (Directions)","S R2 G2 M2 D1 N1 D1 S'","S' N1 D1 M2 G2 R2 S","Shadava",No,"",Yes,"","https://en.wikipedia.org/wiki/List_of_Janya_ragas"
"vijayamalavi","Vijayamalavi","Vijayamālavi",55,"Syamalangi",10,"Disi (Directions)","S R2 M2 P D1 S'","S' N1 D1 P M2 R2 S","Audava-Shadava",No,"",Yes,"","https://en.wikipedia.org/wiki/List_of_Janya_ragas"
"chamaram","Chamaram","Chāmaram",56,"Shanmukhapriya",10,"Disi (Directions)","S R2 M2 P D1 N2 S'","S' N2 D1 P M2 G2 R2 S","Shadava-Sampurna",No,"",Yes,"","https://en.wikipedia.org/wiki/List_of_Janya_ragas"
"bhashini","Bhashini","Bhāshini",56,"Shanmukhapriya",10,"Disi (Directions)","S G2 R2 G2 M2 P D1 N2 S'","S' N2 D1 P M2 G2 R1 S","Sampurna",No,"",Yes,"","https://en.wikipedia.org/wiki/List_of_Janya_ragas"
"chintamani","Chintamani","Chintāmani",56,"Shanmukhapriya",10,"Disi (Directions)","S G2 R2 G2 M2 G2 R2 G2 P M2 P D2 N2 S'","S' N2 D2 P M2 G2 R2 S","Sampurna",No,"",Yes,"","https://en.wikipedia.org/wiki/List_of_Janya_ragas"
"dhanakari","Dhanakari","Dhanakari",56,"Shanmukhapriya",10,"Disi (Directions)","S G2 P D1 N2 S'","S' N2 D1 M2 G2 S","Audava",No,"",Yes,"","https://en.wikipedia.org/wiki/List_of_Janya_ragas"
"garigadya","Garigadya","Garigadya",56,"Shanmukhapriya",10,"Disi (Directions)","N2 S G2 M2 P D1 N2","D1 P M2 G2 R2 S","Shadava",No,"",Yes,"","https://en.wikipedia.org/wiki/List_of_Janya_ragas"
"gopikathilakam","Gopikathilakam","Gopikathilakam",56,"Shanmukhapriya",10,"Disi (Directions)","S R2 G2 M2 P N2 S'","S' N2 P M2 G2 R2 S","Shadava",No,"",Yes,"","https://en.wikipedia.org/wiki/List_of_Janya_ragas"
"kokilanandhi","Kokilanandhi","Kokilanandhi",56,"Shanmukhapriya",10,"Disi (Directions)","S G2 M2 D1 N2 S'","S' N2 D1 P M2 G2 S","Audava-Shadava",No,"",Yes,"","https://en.wikipedia.org/wiki/List_of_Janya_ragas"
"rajeshwari","Rajeshwari","Rājeshwari",56,"Shanmukhapriya",10,"Disi (Directions)","S R2 G2 P N2 S'","S' N2 D1 P M1 G2 S","Audava-Shadava",No,"",Yes,"","https://en.wikipedia.org/wiki/List_of_Janya_ragas"
"samudrapriya","Samudrapriya","Samudrapriyā",56,"Shanmukhapriya",10,"Disi (Directions)","S G2 M2 P N2 S'","S' N2 P M2 G2 S","Audava",No,"",Yes,"","https://en.wikipedia.org/wiki/List_of_Janya_ragas"
"shanmukhi","Shanmukhi","Shanmukhi",56,"Shanmukhapriya",10,"Disi (Directions)","S R1 G2 M2 D1 N2 S'","S' N2 D1 M2 G2 R1 S","Shadava",No,"",Yes,"Trimoorti","https://en.wikipedia.org/wiki/List_of_Janya_ragas"
"sumanasaranjani","Sumanasaranjani","Sumanasaranjani",56,"Shanmukhapriya",10,"Disi (Directions)","S G2 M2 P N2 S'","S' N2 P M2 G2 S","Audava",No,"",Yes,"","https://en.wikipedia.org/wiki/List_of_Janya_ragas"
"vasukari","Vasukari","Vasukari",56,"Shanmukhapriya",10,"Disi (Directions)","S G2 M2 P D1 N2 S'","S' N2 D1 M2 G2 S","Shadava-Audava",No,"",Yes,"","https://en.wikipedia.org/wiki/List_of_Janya_ragas"
"anandavalli","Anandavalli","Ānandavalli",57,"Simhendramadhyamam",10,"Disi (Directions)","S G2 M2 P N3 S'","S' N3 P M2 G2 S","Audava",No,"",Yes,"","https://en.wikipedia.org/wiki/List_of_Janya_ragas"
"ghantana","Ghantana","Ghantana",57,"Simhendramadhyamam",10,"Disi (Directions)","S R2 G2 M2 D1 N3 S'","S' N3 D1 M2 G2 R2 S","Shadava",No,"",Yes,"","https://en.wikipedia.org/wiki/List_of_Janya_ragas"
"jayachoodamani","Jayachoodamani","Jayachoodāmani",57,"Simhendramadhyamam",10,"Disi (Directions)","S G2 M2 P D1 S'","S' N3 D1 P M2 G2 R2 S","Audava-Sampurna",No,"",Yes,"","https://en.wikipedia.org/wiki/List_of_Janya_ragas"
"pranavapriya","Pranavapriya","Pranavapriyā",57,"Simhendramadhyamam",10,"Disi (Directions)","S R2 M2 P N3 S'","S' N3 P M2 G2 R2 S","Audava-Shadava",No,"",Yes,"","https://en.wikipedia.org/wiki/List_of_Janya_ragas"
"sarvangi","Sarvangi","Sarvāngi",57,"Simhendramadhyamam",10,"Disi (Directions)","S R2 M2 D1 N3 S'","S' N3 D1 M2 G2 S R3 S","Audava-Shadava",No,"",Yes,"","https://en.wikipedia.org/wiki/List_of_Janya_ragas"
"seshanadam","Seshanadam","Seshanādam",57,"Simhendramadhyamam",10,"Disi (Directions)","S R2 G2 M2 P D1 S'","S' N3 D1 P M2 G2 R2 S","Shadava-Sampurna",No,"",Yes,"","https://en.wikipedia.org/wiki/List_of_Janya_ragas"
"suddha-m57","Suddha","Suddha",57,"Simhendramadhyamam",10,"Disi (Directions)","S R2 G2 M2 P N3 S'","S' N3 P M2 G2 R2 S","Shadava",No,"",Yes,"","https://en.wikipedia.org/wiki/List_of_Janya_ragas"
"sunadapriya","Sunadapriya","Sunādapriyā",57,"Simhendramadhyamam",10,"Disi (Directions)","S R2 G2 M2 P S'","S' N3 D1 P M2 G2 R2 S","Audava-Sampurna",No,"",Yes,"","https://en.wikipedia.org/wiki/List_of_Janya_ragas"
"urmika","Urmika","Urmikā",57,"Simhendramadhyamam",10,"Disi (Directions)","S R2 G2 M2 P N3 S'","S' N3 P M2 G2 R2 S","Shadava",No,"",Yes,"","https://en.wikipedia.org/wiki/List_of_Janya_ragas"
"vijayasaraswathi","Vijayasaraswathi","Vijayasaraswathi",57,"Simhendramadhyamam",10,"Disi (Directions)","S G2 M2 P D1 N3 S'","S' N3 P M2 G2 R2 S","Shadava",No,"",Yes,"","https://en.wikipedia.org/wiki/List_of_Janya_ragas"
"deshisimharavam","Deshisimharavam","Deshisimhāravam",58,"Hemavati",10,"Disi (Directions)","S R2 G2 M2 P D2 N2 S'","S' N2 D2 P M2 G2 R2 S","Sampurna",No,"",Yes,"","https://en.wikipedia.org/wiki/List_of_Janya_ragas"
"chandrarekha","Chandrarekha","Chandrarekhā",58,"Hemavati",10,"Disi (Directions)","S R2 G2 M2 P D2 S'","S' N2 D2 M2 G2 R2 S","Shadava",No,"",Yes,"","https://en.wikipedia.org/wiki/List_of_Janya_ragas"
"hamsabhramari","Hamsabhramari","Hamsabhramari",58,"Hemavati",10,"Disi (Directions)","S R2 G2 M2 P D2 S'","S' N2 D2 P M2 G2 R2 S","Shadava-Sampurna",No,"",Yes,"","https://en.wikipedia.org/wiki/List_of_Janya_ragas"
"hemambari","Hemambari","Hemāmbari",58,"Hemavati",10,"Disi (Directions)","S R2 G2 M2 P D2 N2 S'","S' P M2 G2 R2 S","Sampurna-Audava",No,"",Yes,"","https://en.wikipedia.org/wiki/List_of_Janya_ragas"
"hemapriya","Hemapriya","Hemapriya",58,"Hemavati",10,"Disi (Directions)","S R2 G2 M2 D2 S'","S' D2 M2 G2 R2 S","Audava",No,"",Yes,"","https://en.wikipedia.org/wiki/List_of_Janya_ragas"
"kshemakari","Kshemakari","Kshemakari",58,"Hemavati",10,"Disi (Directions)","S R2 M2 D2 N2 S'","S' N2 D2 M2 R2 S","Audava",No,"",Yes,"","https://en.wikipedia.org/wiki/List_of_Janya_ragas"
"madhukowns","Madhukowns","Madhukowns",58,"Hemavati",10,"Disi (Directions)","S G2 M2 P N2 P S'","S' N2 P M2 G2 S","Audava",No,"",Yes,"","https://en.wikipedia.org/wiki/List_of_Janya_ragas"
"shakthiroopini","Shakthiroopini","Shakthiroopini",58,"Hemavati",10,"Disi (Directions)","S G2 M2 D2 S'","S' N2 D2 M2 G2 S","Swarantara-Audava",No,"",Yes,"","https://en.wikipedia.org/wiki/List_of_Janya_ragas"
"simharava","Simharava","Simhārava",58,"Hemavati",10,"Disi (Directions)","S R2 M2 P N2 S'","S' N2 P M2 R2 G2 R2 S","Audava-Shadava",No,"",Yes,"","https://en.wikipedia.org/wiki/List_of_Janya_ragas"
"vijayasaranga","Vijayasaranga","Vijayasāranga",58,"Hemavati",10,"Disi (Directions)","S R2 G2 M2 P D2 S'","S' N2 D2 M2 G2 R2 S","Shadava",No,"",Yes,"","https://en.wikipedia.org/wiki/List_of_Janya_ragas"
"vijayashrangi","Vijayashrangi","Vijayashrāngi",58,"Hemavati",10,"Disi (Directions)","S R2 G2 M2 P D2 S'","S' N2 D2 M2 G2 R2 S","Shadava",No,"",Yes,"","https://en.wikipedia.org/wiki/List_of_Janya_ragas"
"yagini","Yagini","Yāgini",58,"Hemavati",10,"Disi (Directions)","S R2 M2 P N2 S'","S' N2 P M2 R2 S","Audava",No,"",Yes,"","https://en.wikipedia.org/wiki/List_of_Janya_ragas"
"dhamavathi","Dhamavathi","Dhāmavathi",59,"Dharmavati",10,"Disi (Directions)","S R2 G2 M2 P D2 N3 S'","S' N3 D2 P M2 G2 R2 S","Sampurna",No,"",Yes,"","https://en.wikipedia.org/wiki/List_of_Janya_ragas"
"sri-tyagaraja","Sri Tyagaraja","Sri Tyagaraja",59,"Dharmavati",10,"Disi (Directions)","S G2 M2 P N3 S'","S' N3 P M2 G2 R2 S","Audava-Shadava",No,"",Yes,"Raga created by Mahesh Mahadev","https://en.wikipedia.org/wiki/Sri_Tyagaraja"
"gowrikriya","Gowrikriya","Gowrikriya",59,"Dharmavati",10,"Disi (Directions)","S G2 M2 P D2 N3 S'","S' N3 D2 N3 P M2 G2 S","Shadava",No,"",Yes,"","https://en.wikipedia.org/wiki/List_of_Janya_ragas"
"karmukhavati","Karmukhavati","Karmukhāvati",59,"Dharmavati",10,"Disi (Directions)","S R2 G2 M2 D2 N3 S'","S' N3 D2 M2 G2 R2 S","Shadava",No,"",Yes,"","https://en.wikipedia.org/wiki/List_of_Janya_ragas"
"karpoora-bharani","Karpoora Bharani","Karpoora Bharani",59,"Dharmavati",10,"Disi (Directions)","S R2 G2 P M2 P D2 S'","S' D2 P M2 P G2 R2 S","Shadava",No,"",Yes,"","https://en.wikipedia.org/wiki/List_of_Janya_ragas"
"lalitasimharavam","Lalitasimharavam","Lalitasimharavam",59,"Dharmavati",10,"Disi (Directions)","S R2 G2 M2 P S'","S' N3 P M2 G2 R2 S","Audava-Shadava",No,"",Yes,"","https://en.wikipedia.org/wiki/List_of_Janya_ragas"
"madhumalti","Madhumalti","Madhumālti",59,"Dharmavati",10,"Disi (Directions)","N3 S G2 M2 P S'","S' N3 D2 P M2 G2 R2 S","Audava-Sampurna",Yes,"M1",Yes,"Hindustani equivalent","https://en.wikipedia.org/wiki/List_of_Janya_ragas"
"madhuvanthi","Madhuvanthi","Madhuvanthi",59,"Dharmavati",10,"Disi (Directions)","S G2 M2 P N3 S'","S' N3 D2 P M2 G2 R2 S","Audava-Sampurna",No,"",Yes,"Hindustani equivalent","https://en.wikipedia.org/wiki/Madhuvanti"
"moharanjani","Moharanjani","Moharanjani",59,"Dharmavati",10,"Disi (Directions)","S R2 G2 P D2 S'","S' N3 D2 M2 G2 S","Audava",No,"",Yes,"","https://en.wikipedia.org/wiki/List_of_Janya_ragas"
"ranjani","Ranjani","Ranjani",59,"Dharmavati",10,"Disi (Directions)","S R2 G2 M2 D2 S'","S' N3 D2 M2 G2 S","Audava",No,"",Yes,"","https://en.wikipedia.org/wiki/Ranjani"
"varada","Varada","Varada",59,"Dharmavati",10,"Disi (Directions)","S R2 M2 P N3 S'","S' N3 P M2 R2 S","Audava",No,"",Yes,"","https://en.wikipedia.org/wiki/List_of_Janya_ragas"
"vijayanagari","Vijayanagari","Vijayanāgari",59,"Dharmavati",10,"Disi (Directions)","S R2 G2 M2 P D2 S'","S' D2 P M2 G2 R2 S","Shadava",No,"",Yes,"","https://en.wikipedia.org/wiki/List_of_Janya_ragas"
"vishveshwarapriya","Vishveshwarapriya","Vishveshwarapriyā",59,"Dharmavati",10,"Disi (Directions)","S R2 M2 P N3 S'","S' N3 D2 P M2 R2 S","Audava-Shadava",No,"",Yes,"","https://en.wikipedia.org/wiki/List_of_Janya_ragas"
"nisshadham","Nisshadham","Nisshadham",60,"Neetimati",10,"Disi (Directions)","S R2 G2 M2 P D3 N3 S'","S' N3 P M2 G2 R2 S","Sampurna-Shadava",No,"",Yes,"","https://en.wikipedia.org/wiki/List_of_Janya_ragas"
"amarasenapriya","Amarasenapriya","Amarasenapriyā",60,"Neetimati",10,"Disi (Directions)","S R2 M2 P N2 S'","S' N3 P M2 G2 R2 S","Audava-Shadava",No,"",Yes,"","https://en.wikipedia.org/wiki/List_of_Janya_ragas"
"deshyaganavaridhi","Deshyaganavaridhi","Deshyagānavaridhi",60,"Neetimati",10,"Disi (Directions)","S R2 G2 M2 P D3 N3 P S'","S' N3 S P M2 G2 R2 S","Sampurna-Shadava",No,"",Yes,"","https://en.wikipedia.org/wiki/List_of_Janya_ragas"
"hamsanadam","Hamsanadam","Hamsanādam",60,"Neetimati",10,"Disi (Directions)","S R2 M2 P D3 N3 S' S R2 M2 P N3 S","S N3 D3 P M2 R2 S' S N3 P M2 R2 S","Shadava",No,"",Yes,"","https://en.wikipedia.org/wiki/Hamsanadam"
"kaikavashi","Kaikavashi","Kaikavashi",60,"Neetimati",10,"Disi (Directions)","S R2 G2 M2 P D3 N3 S'","S' N3 P M2 G2 R2 S","Sampurna-Shadava",No,"",Yes,"","https://en.wikipedia.org/wiki/List_of_Janya_ragas"
"nuthanachandrika","Nuthanachandrika","Nuthanachandrikā",60,"Neetimati",10,"Disi (Directions)","S R2 G2 M2 P D3 N3 S'","S' N3 P D3 N3 P M2 G2 S","Sampurna-Shadava",No,"",Yes,"","https://en.wikipedia.org/wiki/List_of_Janya_ragas"
"rathnasaranga","Rathnasaranga","Rathnasāranga",60,"Neetimati",10,"Disi (Directions)","S R2 G2 M2 P N3 S'","S' N3 D3 P M2 G2 R2 S","Shadava-Sampurna",No,"",Yes,"","https://en.wikipedia.org/wiki/List_of_Janya_ragas"
"kunthalam","Kunthalam","Kunthalam",61,"Kantamani",11,"Rudra","S R2 G3 M2 P D1 S'","S' N1 D1 P M2 G3 R2 S","Shadava-Sampurna",No,"",Yes,"","https://en.wikipedia.org/wiki/List_of_Janya_ragas"
"kanakakusumavali","Kanakakusumavali","Kanakakusumāvali",61,"Kantamani",11,"Rudra","S R2 G3 M2 P D2 S'","S' D2 P M2 G3 R2 S","Shadava",No,"",Yes,"","https://en.wikipedia.org/wiki/List_of_Janya_ragas"
"shruthiranjani","Shruthiranjani","Shruthiranjani",61,"Kantamani",11,"Rudra","S R2 G3 M2 P D1 N1","N1 D1 P M2 G3 R2 S","Sampurna",No,"",No,"","https://en.wikipedia.org/wiki/List_of_Janya_ragas"
"rathipriya","Rathipriya","Rathipriyā",62,"Rishabhapriya",11,"Rudra","S R2 G3 M2 P D1 N2 S'","S' N2 D1 P M2 G3 R2 S","Sampurna",No,"",Yes,"","https://en.wikipedia.org/wiki/List_of_Janya_ragas"
"gopriya","Gopriya","Gopriya",62,"Rishabhapriya",11,"Rudra","S R2 G3 M2 D1 N2 S'","S' N2 D1 M2 G3 R2 S","Shadava",No,"",Yes,"","https://en.wikipedia.org/wiki/List_of_Janya_ragas"
"poornasaveri","Poornasaveri","Poornasāveri",62,"Rishabhapriya",11,"Rudra","S R2 M2 P D1 S'","S' N2 D1 P M2 G3 R2 S","Audava-Sampurna",No,"",Yes,"","https://en.wikipedia.org/wiki/List_of_Janya_ragas"
"rathnabhanu","Rathnabhanu","Rathnabhānu",62,"Rishabhapriya",11,"Rudra","S R2 M2 P N2 D1 N2 S'","S' N2 D1 P M2 G3 R2 S","Shadava-Sampurna",No,"",Yes,"","https://en.wikipedia.org/wiki/List_of_Janya_ragas"
"suddha-saranga","Suddha Saranga","Suddha Sāranga",62,"Rishabhapriya",11,"Rudra","S G3 M2 P N2 S'","S' D1 P M2 G3 S","Audava",No,"",Yes,"","https://en.wikipedia.org/wiki/List_of_Janya_ragas"
"geethapriya","Geethapriya","Geethapriyā",63,"Latangi",11,"Rudra","S R2 G3 M2 P D1 N3 S'","S' N3 D1 P M2 G3 R2 S","Sampurna",No,"",Yes,"","https://en.wikipedia.org/wiki/List_of_Janya_ragas"
"chitrachandrika","Chitrachandrika","Chitrachandrika",63,"Latangi",11,"Rudra","S G3 R2 G3 M2 P N3 D1 S'","S' N3 D1 M2 G3 R2 S","Sampurna-Shadava",No,"",Yes,"","https://en.wikipedia.org/wiki/List_of_Janya_ragas"
"hamsalatha","Hamsalatha","Hamsalatha",63,"Latangi",11,"Rudra","S R2 G3 P N3 S'","S' N3 D1 P M2 G3 R2 S","Audava-Sampurna",No,"",Yes,"","https://en.wikipedia.org/wiki/List_of_Janya_ragas"
"kananapriya","Kananapriya","Kananapriyā",63,"Latangi",11,"Rudra","S R2 G3 M2 P M2 D1 N3 S'","S' D1 N3 P M2 G3 R2 S","Sampurna",No,"",Yes,"","https://en.wikipedia.org/wiki/List_of_Janya_ragas"
"karunakari","Karunakari","Karunākari",63,"Latangi",11,"Rudra","S M2 P D1 N3 D1 S'","S' N3 D1 P M2 S","Audava",No,"",Yes,"","https://en.wikipedia.org/wiki/List_of_Janya_ragas"
"lalithangi","Lalithangi","Lalithāngi",63,"Latangi",11,"Rudra","S R2 G3 M2 D1 N3 S'","S' N3 D1 M2 G3 R2 S","Shadava",No,"",Yes,"","https://en.wikipedia.org/wiki/List_of_Janya_ragas"
"ramani","Ramani","Ramani",63,"Latangi",11,"Rudra","S G3 M2 P N3 S'","S' N3 D1 P M2 G3 S","Audava-Shadava",No,"",Yes,"","https://en.wikipedia.org/wiki/List_of_Janya_ragas"
"rathnakanthi","Rathnakanthi","Rathnakānthi",63,"Latangi",11,"Rudra","S R2 G3 M2 P N3 S'","S' N3 P M2 G3 R2 S","Shadava",No,"",Yes,"","https://en.wikipedia.org/wiki/List_of_Janya_ragas"
"raviswaroopini","Raviswaroopini","Raviswaroopini",63,"Latangi",11,"Rudra","S G3 M2 P D1 N3 S'","S' N3 D1 P M2 G3 S","Shadava",No,"",Yes,"","https://en.wikipedia.org/wiki/List_of_Janya_ragas"
"sajjananandhi","Sajjananandhi","Sajjananandhi",63,"Latangi",11,"Rudra","S R2 G3 M2 P D1 N3 S'","S' N3 D1 M2 G3 R2 S","Sampurna-Shadava",No,"",Yes,"","https://en.wikipedia.org/wiki/List_of_Janya_ragas"
"skandamanorama","Skandamanorama","Skandamanorama",63,"Latangi",11,"Rudra","S R2 M2 P N3 S'","S' N3 P M2 R2 S","Audava",No,"",Yes,"","https://en.wikipedia.org/wiki/List_of_Janya_ragas"
"bhooshavathi","Bhooshavathi","Bhooshāvathi",64,"Vachaspati",11,"Rudra","S R2 G3 M2 P D2 N2 S'","S' N2 D2 P M2 G3 R2 S","Sampurna",No,"",Yes,"","https://en.wikipedia.org/wiki/List_of_Janya_ragas"
"bhagavataranjana","Bhagavataranjana","Bhagavataranjana",64,"Vachaspati",11,"Rudra","S R2 M2 P D2 N2 S'","S' N2 D2 P M2 G3 R2 S","Shadava-Sampurna",No,"",Yes,"","https://en.wikipedia.org/wiki/List_of_Janya_ragas"
"bhogeeshwari","Bhogeeshwari","Bhogeeshwari",64,"Vachaspati",11,"Rudra","S R2 G3 P D2 N2 D2 S'","S' N2 D2 P M2 G3 R2 S","Shadava-Sampurna",No,"",Yes,"","https://en.wikipedia.org/wiki/List_of_Janya_ragas"
"bhooshavali","Bhooshavali","Bhooshāvali",64,"Vachaspati",11,"Rudra","S R2 G3 M2 P D2 S'","S' N2 D2 P M2 G3 R2 S","Shadava-Sampurna",No,"",Yes,"","https://en.wikipedia.org/wiki/List_of_Janya_ragas"
"dwigandharabhooshani","Dwigandharabhooshani","Dwigāndhārabhooshani",64,"Vachaspati",11,"Rudra","S R1 G2 G3 G2 P D2 S'","S' D2 P G2 G3 G2 R1 S D2 S","Audava",No,"",Yes,"","https://en.wikipedia.org/wiki/List_of_Janya_ragas"
"gaganamohini","Gaganamohini","Gaganamohini",64,"Vachaspati",11,"Rudra","S G3 P D2 N2 S'","S' N2 P M2 G3 S","Audava",No,"",Yes,"","https://en.wikipedia.org/wiki/List_of_Janya_ragas"
"gurupriya","Gurupriya","Gurupriya",64,"Vachaspati",11,"Rudra","S R2 G3 M2 D2 N2 S'","S' N2 D2 M2 G3 R2 S","Shadava",No,"",Yes,"","https://en.wikipedia.org/wiki/List_of_Janya_ragas"
"hrdhini","Hrdhini","Hrdhini",64,"Vachaspati",11,"Rudra","S G3 M2 P N2 S'","S' N2 P M2 G3 S","Audava",No,"",Yes,"","https://en.wikipedia.org/wiki/List_of_Janya_ragas"
"mangalakari","Mangalakari","Mangalakari",64,"Vachaspati",11,"Rudra","S R2 P M2 P D2 N2 S'","S' N2 D2 P G3 R2 S","Shadava",No,"",Yes,"","https://en.wikipedia.org/wiki/List_of_Janya_ragas"
"mukthidayini","Mukthidayini","Mukthidāyini",64,"Vachaspati",11,"Rudra","S G3 M2 P D2 N2 S'","S' N2 D2 P M2 G3 S","Shadava",No,"",Yes,"","https://en.wikipedia.org/wiki/List_of_Janya_ragas"
"nadhabrahma","Nadhabrahma","Nādhabrahma",64,"Vachaspati",11,"Rudra","S P M2 P D2 N2 S'","S' N2 D2 P M2 G3 S","Audava-Shadava",No,"",Yes,"","https://en.wikipedia.org/wiki/List_of_Janya_ragas"
"pranavakari","Pranavakari","Pranavākāri",64,"Vachaspati",11,"Rudra","P N2 D2 N2 S R2 G3 M2","P M2 G3 R2 S N2 D2 N2 P","Sampurna",No,"",Yes,"","https://en.wikipedia.org/wiki/List_of_Janya_ragas"
"saraswathi","Saraswathi","Saraswathi",64,"Vachaspati",11,"Rudra","S R2 M2 P D2 S'","S' N2 D2 P M2 R2 S","Audava-Shadava",No,"",Yes,"","https://en.wikipedia.org/wiki/List_of_Janya_ragas"
"shivaranjani-m64","Shivaranjani","Shivaranjani",64,"Vachaspati",11,"Rudra","S R2 G3 M2 D2 P N2 S'","S' N2 D2 P D2 M2 G3 R2 S","Sampurna",No,"",Yes,"Original","https://en.wikipedia.org/wiki/List_of_Janya_ragas"
"triveni","Triveni","Triveni",64,"Vachaspati",11,"Rudra","S R2 M2 P D2 N2 S'","S' N2 D2 P M2 R2 S","Shadava",No,"",Yes,"","https://en.wikipedia.org/wiki/List_of_Janya_ragas"
"utthari","Utthari","Utthari",64,"Vachaspati",11,"Rudra","S G3 M2 P D2 N2 S'","S' N2 D2 M2 G3 S","Shadava-Audava",No,"",Yes,"","https://en.wikipedia.org/wiki/List_of_Janya_ragas"
"shanthakalyani","Shanthakalyani","Shānthakalyāni",65,"Mechakalyani",11,"Rudra","S R2 G3 M2 P D2 N3 S'","S' N3 D2 P M2 G3 R2 S","Sampurna",No,"",Yes,"","https://en.wikipedia.org/wiki/List_of_Janya_ragas"
"amritha-kalyani","Amritha Kalyani","Amritha Kalyani",65,"Mechakalyani",11,"Rudra","S G3 M2 P N3 S'","S' N3 D2 P M2 G3 R2 S","Audava-Sampurna",No,"",Yes,"Raga created by Mahesh Mahadev","https://en.wikipedia.org/wiki/Amritha_Kalyani"
"amritha-behag","Amritha Behag","Amritha Behāg",65,"Mechakalyani",11,"Rudra","S M2 G3 P N3 S","D2 N3 D2 M2 G3 S","Audava",No,"",Yes,"","https://en.wikipedia.org/wiki/List_of_Janya_ragas"
"aprameya","Aprameya","Aprameya",65,"Mechakalyani",11,"Rudra","S R2 M2 P D2 S'","S' N3 D2 M2 G3 M2 R2 S","Audava-Shadava",No,"",Yes,"","https://en.wikipedia.org/wiki/List_of_Janya_ragas"
"bhoopkalyani","Bhoopkalyani","Bhoopkalyāni",65,"Mechakalyani",11,"Rudra","S R2 G3 P D2 S'","S' N3 D2 P M2 G3 R2 S","Audava-Sampurna",No,"",Yes,"","https://en.wikipedia.org/wiki/List_of_Janya_ragas"
"bhoopali","Bhoopali","Bhoopāli",65,"Mechakalyani",11,"Rudra","S R2 G3 P D2 S'","S' D2 P G3 R2 S","Audava",No,"",Yes,"Hindustani equivalent","https://en.wikipedia.org/wiki/Bhoopali"
"chandrakantha","Chandrakantha","Chandrakāntha",65,"Mechakalyani",11,"Rudra","S R2 G3 M2 P D2 N3 S'","S' N3 D2 N3 P M2 G3 R2 S","Sampurna",No,"",Yes,"","https://en.wikipedia.org/wiki/List_of_Janya_ragas"
"hameer","Hameer","Hameer",65,"Mechakalyani",11,"Rudra","S R2 S G3 M1 D2 N3 D2 S'","S' N3 D2 N3 P G3 M1 D2 M2 P D2 P G3 M1 R2 S","Shadava-Sampurna",Yes,"M1",Yes,"Hindustani equivalent","https://en.wikipedia.org/wiki/Hameer"
"hameer-kalyani-carnatic-interpretation-of-kedar-","Hameer Kalyani {carnatic interpretation of Kedar}","Hameer Kalyāni {carnatic interpretation of Kedar}",65,"Mechakalyani",11,"Rudra","S P M2 P D2 N3 S' S R2 S P M2 P D2 N3 S' S R2 S P M2 N3 D2 S N3 S' S R2 G3 M2 P D2 N3 P D2 P S' S P M2 P D2 N3 S'","S' N3 D2 P M2 M1 G3 P M1 R2 S' S N3 D2 P M2 G3 M1 G3 R2 S' S N3 D2 P M2 G M1 R2 S S N3 D2 P G3 M1 G3 R2 S' S N3 D2 P G3 M1 G3 R2 S","Sampurna",Yes,"M1 N2",Yes,"","https://en.wikipedia.org/wiki/List_of_Janya_ragas"
"hamsakalyani","Hamsakalyani","Hamsakalyāni",65,"Mechakalyani",11,"Rudra","S R2 G3 P N3 S'","S' N3 D2 P M2 G3 R2 S","Audava-Sampurna",No,"",Yes,"","https://en.wikipedia.org/wiki/List_of_Janya_ragas"
"kalyanadayini","Kalyanadayini","Kalyānadāyini",65,"Mechakalyani",11,"Rudra","S R2 G3 M2 D2 N3 S'","S' N3 D2 M2 G3 R2 S","Shadava",No,"",Yes,"","https://en.wikipedia.org/wiki/List_of_Janya_ragas"
"kannadamaruva","Kannadamaruva","Kannadamaruva",65,"Mechakalyani",11,"Rudra","S G3 M2 P D2 N3 S'","S' N3 D2 P M2 G3 S","Shadava",No,"",Yes,"","https://en.wikipedia.org/wiki/List_of_Janya_ragas"
"ked-ar","Ked ar","Ked ār",65,"Mechakalyani",11,"Rudra","S * M1 ( G3 )P D2 N3 S'","S' N3 D2 P M2 P *M1 S R2 S","Audava-Shadava",Yes,"M1",Yes,"Hindustani equivalent","https://en.wikipedia.org/wiki/Kedar_(raga)"
"kowmoda","Kowmoda","Kowmoda",65,"Mechakalyani",11,"Rudra","S R2 G3 M2 N3 S'","S' N3 P M2 G3 S","Audava",No,"",Yes,"","https://en.wikipedia.org/wiki/List_of_Janya_ragas"
"kunthalashreekanti","Kunthalashreekanti","Kunthalashreekānti",65,"Mechakalyani",11,"Rudra","S G3 M2 P D2 N3 S'","S' N3 P M2 G3 R2 S","Shadava",No,"",Yes,"","https://en.wikipedia.org/wiki/List_of_Janya_ragas"
"mohana-kalyani","Mohana Kalyani","Mohana Kalyāni",65,"Mechakalyani",11,"Rudra","S R2 G3 P D2 S'","S' N3 D2 P M2 G3 R2 S","Audava-Sampurna",No,"",Yes,"","https://en.wikipedia.org/wiki/Mohanakalyani"
"mrganandhana","Mrganandhana","Mrgānandhana",65,"Mechakalyani",11,"Rudra","S R2 G3 D2 N3 S'","S' N3 D2 M2 D2 G3 R2 S","Audava-Shadava",No,"",Yes,"","https://en.wikipedia.org/wiki/List_of_Janya_ragas"
"nada-kalyani","Nada Kalyani","Nada Kalyani",65,"Mechakalyani",11,"Rudra","S R2 M2 P N3 S'","S' N3 D2 M2 G3 R2 S","Audava-Shadava",No,"",Yes,"Raga created by Mahesh Mahadev","https://en.wikipedia.org/wiki/Nada_Kalyani"
"nandhakalyani","Nandhakalyani","Nāndhakalyāni",65,"Mechakalyani",11,"Rudra","S G3 M2 D2 N3 S'","S' N3 D2 M2 G3 M2 R2 S","Audava-Shadava",No,"",Yes,"","https://en.wikipedia.org/wiki/List_of_Janya_ragas"
"pramodhini","Pramodhini","Pramodhini",65,"Mechakalyani",11,"Rudra","S G3 M2 P D2 S'","S' D2 P M2 G3 S","Audava",No,"",Yes,"","https://en.wikipedia.org/wiki/List_of_Janya_ragas"
"rajasadhaka","Rajasadhaka","Rajasadhaka",65,"Mechakalyani",11,"Rudra","S R2 G3 P D2 S'","S' N3 P M2 R2 S","Audava",No,"",Yes,"Raga created by Mahesh Mahadev","#cite_note-:0-4"
"saranga","Saranga","Sāranga",65,"Mechakalyani",11,"Rudra","S R2 G3 M2 P D2 N3 S' S R2 S P M2 P D2 N3 S' S P M2 P D2 N3 S'","S' N3 D2 P M2 R2 G3 M1 R2 S' S N3 S D2 P M2 R2 G3 M1 R2 S' S N3 D2 P M2 R2 G3 M1 R2 S","Sampurna",Yes,"M1",Yes,"","https://en.wikipedia.org/wiki/List_of_Janya_ragas"
"saranga-tarangini","Saranga Tarangini","Sāranga Tārangini",65,"Mechakalyani",11,"Rudra","S R2 M2 P D2 N3 S'","S' N3 D2 P M2 R2 S","Shadava",No,"",Yes,"","https://en.wikipedia.org/wiki/List_of_Janya_ragas"
"shilangi","Shilangi","Shilangi",65,"Mechakalyani",11,"Rudra","S G3 M2 P N3 S'","S' N3 P M2 G3 S","Audava",No,"",Yes,"","https://en.wikipedia.org/wiki/List_of_Janya_ragas"
"shuddha-sarang","Shuddha Sarang","Shuddha Sārang",65,"Mechakalyani",11,"Rudra","N3 S R2 M2 P N3 S'","S' N3 D2 P M2 P M1 R2 S N3 S","Audava-Shadava",Yes,"M1",Yes,"Hindustani equivalent","https://en.wikipedia.org/wiki/List_of_Janya_ragas"
"suddha-koshala","Suddha Koshala","Suddha Koshala",65,"Mechakalyani",11,"Rudra","S G3 M2 P S'","S' N3 D2 M2 G3 R2 S","Swarantara-Shadava",No,"",Yes,"","https://en.wikipedia.org/wiki/List_of_Janya_ragas"
"shyam-kalyan","Shyam Kalyan","Shyām Kalyān",65,"Mechakalyani",11,"Rudra","N3 S R2 M2 P N3 S'","S' N3 D2 P M2 P D2 P G3 M1 P G3 M1 R2 S N3 S","Audava-Sampurna",Yes,"M1",Yes,"Hindustani equivalent","https://en.wikipedia.org/wiki/List_of_Janya_ragas"
"sunadavinodini-hindol-of-hindustani","Sunadavinodini / Hindol of Hindustani","Sunādavinodini / Hindol of Hindustani",65,"Mechakalyani",11,"Rudra","S G3 M2 D2 N3 S'","S' N3 D2 M2 G3 S","Audava",No,"",Yes,"","https://en.wikipedia.org/wiki/Sunadavinodini"
"swayambhooshwara-raga","Swayambhooshwara Raga","Swayambhooshwara Rāga",65,"Mechakalyani",11,"Rudra","S G3 P S'","S' P G3 S","Swarantara",No,"",Yes,"","https://en.wikipedia.org/wiki/List_of_Janya_ragas"
"vandanadharini","Vandanadharini","Vandanadhārini",65,"Mechakalyani",11,"Rudra","S R2 M2 P D2 S'","S' D2 P M2 R2 S","Audava",No,"",Yes,"","https://en.wikipedia.org/wiki/List_of_Janya_ragas"
"vivahapriya","Vivahapriya","Vivāhapriyā",65,"Mechakalyani",11,"Rudra","S R2 M2 P D2 N3 S'","S' N3 D2 P M2 R2 S","Shadava",No,"",Yes,"","#cite_note-vivahapriya_Doubt-10"
"yamuna-kalyani-yaman-kalyan","Yamuna Kalyani / Yaman Kalyan","Yamuna Kalyāni / Yaman Kalyan",65,"Mechakalyani",11,"Rudra","S R2 G3 M2 P D2 N3 S'","S' N3 D2 P M2 G3 M1 G3 R2 S","Sampurna",Yes,"M1",Yes,"Hindustani equivalent","https://en.wikipedia.org/wiki/Yamunakalyani"
"chaturangini","Chaturangini","Chaturāngini",66,"Chitrambari",11,"Rudra","S R2 G3 M2 P N3 S'","S' N3 D3 N3 P G3 M2 G3 R2 S","Shadava-Sampurna",No,"",Yes,"","https://en.wikipedia.org/wiki/List_of_Janya_ragas"
"amritavarshini","Amritavarshini","Amritavarshini",66,"Chitrambari",11,"Rudra","S G3 M2 P N3 S'","S' N3 P M2 G3 S","Audava",No,"",Yes,"","https://en.wikipedia.org/wiki/Amritavarshini"
"chitrasindhu","Chitrasindhu","Chitrasindhu",66,"Chitrambari",11,"Rudra","S G3 M2 P N3 S'","S' N3 D3 P M2 G3 R2 S","Audava-Sampurna",No,"",Yes,"","https://en.wikipedia.org/wiki/List_of_Janya_ragas"
"churnikavinodhini","Churnikavinodhini","Churnikavinodhini",66,"Chitrambari",11,"Rudra","S R2 G3 M2 P D3 N3 S'","S' N3 D3 N3 P M2 G3 R2 S","Sampurna",No,"",Yes,"","https://en.wikipedia.org/wiki/List_of_Janya_ragas"
"vijayakoshalam","Vijayakoshalam","Vijayakoshalam",66,"Chitrambari",11,"Rudra","S R2 G3 M2 P S'","S' N3 P M2 G3 S","Audava",No,"",Yes,"","https://en.wikipedia.org/wiki/List_of_Janya_ragas"
"santhana-manjari","Santhana Manjari","Santhāna Manjari",67,"Sucharitra",12,"Aditya (Suns)","S R3 G3 M2 P D1 S'","S' N1 D1 P M2 R3 S","Shadava",No,"",Yes,"","https://en.wikipedia.org/wiki/List_of_Janya_ragas"
"jyothi","Jyothi","Jyothi",68,"Jyotiswarupini",12,"Aditya (Suns)","S R3 G3 M2 P D1 N2 S'","S' N2 D1 P M2 G3 S","Sampurna-Shadava",No,"",Yes,"","https://en.wikipedia.org/wiki/List_of_Janya_ragas"
"deepavarali","Deepavarali","Deepavarāli",68,"Jyotiswarupini",12,"Aditya (Suns)","S R3 M2 P N2 S'","S' N2 P M2 G3 R3 S","Audava-Shadava",No,"",Yes,"","https://en.wikipedia.org/wiki/List_of_Janya_ragas"
"jyothishmathi","Jyothishmathi","Jyothishmathi",68,"Jyotiswarupini",12,"Aditya (Suns)","S R3 G3 M2 P S'","S' N2 D1 M2 P M2 G3 R3 S","Audava-Sampurna",No,"",Yes,"","https://en.wikipedia.org/wiki/List_of_Janya_ragas"
"ramagiri","Ramagiri","Rāmagiri",68,"Jyotiswarupini",12,"Aditya (Suns)","S R3 M2 G3 M2 P D1 N2 S'","S' D1 N2 D1 P M2 G3 R3 S","Sampurna",No,"",Yes,"","https://en.wikipedia.org/wiki/List_of_Janya_ragas"
"dhowtha-panchamam","Dhowtha Panchamam","Dhowtha Panchamam",69,"Dhatuvardhani",12,"Aditya (Suns)","S R3 G3 M2 P N3 P S'","S' N3 D1 P M2 R3 G3 M2 R3 S","Shadava-Sampurna",No,"",Yes,"","https://en.wikipedia.org/wiki/List_of_Janya_ragas"
"dhwithiyapanchamam","Dhwithiyapanchamam","Dhwithiyapanchamam",69,"Dhatuvardhani",12,"Aditya (Suns)","S R3 G3 M2 P N3 P S'","S' N3 D1 P M2 R3 M2 G3 R3 S","Shadava-Sampurna",No,"",Yes,"","https://en.wikipedia.org/wiki/List_of_Janya_ragas"
"sumukham","Sumukham","Sumukham",69,"Dhatuvardhani",12,"Aditya (Suns)","S R3 M2 N3 S'","S' N3 M2 R3 S","Swarantara",No,"",Yes,"","https://en.wikipedia.org/wiki/List_of_Janya_ragas"
"tavapriya","Tavapriya","Tavapriyā",69,"Dhatuvardhani",12,"Aditya (Suns)","S R3 M2 P N3 S'","S' N3 D1 P M2 G3 R3 S","Audava-Sampurna",No,"",Yes,"","https://en.wikipedia.org/wiki/List_of_Janya_ragas"
"nasamani","Nasamani","Nāsāmani",70,"Nasikabhushani",12,"Aditya (Suns)","S R3 S M2 P D2 N2 S'","S' N2 D2 P M2 G3 R3 S","Shadava-Sampurna",No,"",Yes,"","https://en.wikipedia.org/wiki/List_of_Janya_ragas"
"marakathagowla","Marakathagowla","Marakathagowla",70,"Nasikabhushani",12,"Aditya (Suns)","S R3 M2 P D2 N2 S'","S' N2 D2 P M2 G3 R3 S","Shadava-Sampurna",No,"",Yes,"","https://en.wikipedia.org/wiki/List_of_Janya_ragas"
"thilakamandari","Thilakamandari","Thilakamandāri",70,"Nasikabhushani",12,"Aditya (Suns)","S R3 M2 P D2 S'","S' D2 P M2 G3 R3 S","Audava-Shadava",No,"",Yes,"","https://en.wikipedia.org/wiki/List_of_Janya_ragas"
"kusumakaram","Kusumakaram","Kusumākaram",71,"Kosalam",12,"Aditya (Suns)","S R3 G3 M2 P D2 N3 S'","S' N3 D2 P M2 G3 R3 S","Sampurna",No,"",Yes,"","https://en.wikipedia.org/wiki/List_of_Janya_ragas"
"ayodhya","Ayodhya","Ayodhya",71,"Kosalam",12,"Aditya (Suns)","S G3 M2 P N3 S'","S' D2 P M2 G3 M2 R3 S","Audava-Shadava",No,"",Yes,"","https://en.wikipedia.org/wiki/List_of_Janya_ragas"
"rasamanjari","Rasamanjari","Rasamanjari",72,"Rasikapriya",12,"Aditya (Suns)","S R3 G3 M2 P D3 N3 S'","S' N3 D3 P M2 G3 R3 S","Sampurna",No,"",Yes,"","https://en.wikipedia.org/wiki/List_of_Janya_ragas"
"hamsagiri","Hamsagiri","Hamsagiri",72,"Rasikapriya",12,"Aditya (Suns)","S R3 G3 M2 P D3 N3 S'","S' N3 P D3 N3 P M2 G3 S","Sampurna-Shadava",No,"",Yes,"","https://en.wikipedia.org/wiki/List_of_Janya_ragas"
"ishtarangini","Ishtarangini","Ishtārangini",72,"Rasikapriya",12,"Aditya (Suns)","S R3 M2 P N3 S'","S' N3 D3 P M2 G3 R3 S","Audava-Sampurna",No,"",Yes,"","https://en.wikipedia.org/wiki/List_of_Janya_ragas"
"nagagiri","Nagagiri","Nāgagiri",72,"Rasikapriya",12,"Aditya (Suns)","S G3 M2 P D2 P S'","S' D2 P M2 G3 S","Audava",No,"",Yes,"","https://en.wikipedia.org/wiki/List_of_Janya_ragas"